FIPS State and County Codes,Geographic area name,RAE Report Links
01,Alabama,https://cbb.census.gov/rae/#industry0=00&geoId=01&geoType=state&view=report&reportType=detailed
01001,"Autauga County, Alabama",https://cbb.census.gov/rae/#industry0=00&geoId=01001&geoType=county&view=report&reportType=detailed
01003,"Baldwin County, Alabama",https://cbb.census.gov/rae/#industry0=00&geoId=01003&geoType=county&view=report&reportType=detailed
01005,"Barbour County, Alabama",https://cbb.census.gov/rae/#industry0=00&geoId=01005&geoType=county&view=report&reportType=detailed
01007,"Bibb County, Alabama",https://cbb.census.gov/rae/#industry0=00&geoId=01007&geoType=county&view=report&reportType=detailed
01009,"Blount County, Alabama",https://cbb.census.gov/rae/#industry0=00&geoId=01009&geoType=county&view=report&reportType=detailed
01011,"Bullock County, Alabama",https://cbb.census.gov/rae/#industry0=00&geoId=01011&geoType=county&view=report&reportType=detailed
01013,"Butler County, Alabama",https://cbb.census.gov/rae/#industry0=00&geoId=01013&geoType=county&view=report&reportType=detailed
01015,"Calhoun County, Alabama",https://cbb.census.gov/rae/#industry0=00&geoId=01015&geoType=county&view=report&reportType=detailed
01017,"Chambers County, Alabama",https://cbb.census.gov/rae/#industry0=00&geoId=01017&geoType=county&view=report&reportType=detailed
01019,"Cherokee County, Alabama",https://cbb.census.gov/rae/#industry0=00&geoId=01019&geoType=county&view=report&reportType=detailed
01021,"Chilton County, Alabama",https://cbb.census.gov/rae/#industry0=00&geoId=01021&geoType=county&view=report&reportType=detailed
01023,"Choctaw County, Alabama",https://cbb.census.gov/rae/#industry0=00&geoId=01023&geoType=county&view=report&reportType=detailed
01025,"Clarke County, Alabama",https://cbb.census.gov/rae/#industry0=00&geoId=01025&geoType=county&view=report&reportType=detailed
01027,"Clay County, Alabama",https://cbb.census.gov/rae/#industry0=00&geoId=01027&geoType=county&view=report&reportType=detailed
01029,"Cleburne County, Alabama",https://cbb.census.gov/rae/#industry0=00&geoId=01029&geoType=county&view=report&reportType=detailed
01031,"Coffee County, Alabama",https://cbb.census.gov/rae/#industry0=00&geoId=01031&geoType=county&view=report&reportType=detailed
01033,"Colbert County, Alabama",https://cbb.census.gov/rae/#industry0=00&geoId=01033&geoType=county&view=report&reportType=detailed
01035,"Conecuh County, Alabama",https://cbb.census.gov/rae/#industry0=00&geoId=01035&geoType=county&view=report&reportType=detailed
01037,"Coosa County, Alabama",https://cbb.census.gov/rae/#industry0=00&geoId=01037&geoType=county&view=report&reportType=detailed
01039,"Covington County, Alabama",https://cbb.census.gov/rae/#industry0=00&geoId=01039&geoType=county&view=report&reportType=detailed
01041,"Crenshaw County, Alabama",https://cbb.census.gov/rae/#industry0=00&geoId=01041&geoType=county&view=report&reportType=detailed
01043,"Cullman County, Alabama",https://cbb.census.gov/rae/#industry0=00&geoId=01043&geoType=county&view=report&reportType=detailed
01045,"Dale County, Alabama",https://cbb.census.gov/rae/#industry0=00&geoId=01045&geoType=county&view=report&reportType=detailed
01047,"Dallas County, Alabama",https://cbb.census.gov/rae/#industry0=00&geoId=01047&geoType=county&view=report&reportType=detailed
01049,"DeKalb County, Alabama",https://cbb.census.gov/rae/#industry0=00&geoId=01049&geoType=county&view=report&reportType=detailed
01051,"Elmore County, Alabama",https://cbb.census.gov/rae/#industry0=00&geoId=01051&geoType=county&view=report&reportType=detailed
01053,"Escambia County, Alabama",https://cbb.census.gov/rae/#industry0=00&geoId=01053&geoType=county&view=report&reportType=detailed
01055,"Etowah County, Alabama",https://cbb.census.gov/rae/#industry0=00&geoId=01055&geoType=county&view=report&reportType=detailed
01057,"Fayette County, Alabama",https://cbb.census.gov/rae/#industry0=00&geoId=01057&geoType=county&view=report&reportType=detailed
01059,"Franklin County, Alabama",https://cbb.census.gov/rae/#industry0=00&geoId=01059&geoType=county&view=report&reportType=detailed
01061,"Geneva County, Alabama",https://cbb.census.gov/rae/#industry0=00&geoId=01061&geoType=county&view=report&reportType=detailed
01063,"Greene County, Alabama",https://cbb.census.gov/rae/#industry0=00&geoId=01063&geoType=county&view=report&reportType=detailed
01065,"Hale County, Alabama",https://cbb.census.gov/rae/#industry0=00&geoId=01065&geoType=county&view=report&reportType=detailed
01067,"Henry County, Alabama",https://cbb.census.gov/rae/#industry0=00&geoId=01067&geoType=county&view=report&reportType=detailed
01069,"Houston County, Alabama",https://cbb.census.gov/rae/#industry0=00&geoId=01069&geoType=county&view=report&reportType=detailed
01071,"Jackson County, Alabama",https://cbb.census.gov/rae/#industry0=00&geoId=01071&geoType=county&view=report&reportType=detailed
01073,"Jefferson County, Alabama",https://cbb.census.gov/rae/#industry0=00&geoId=01073&geoType=county&view=report&reportType=detailed
01075,"Lamar County, Alabama",https://cbb.census.gov/rae/#industry0=00&geoId=01075&geoType=county&view=report&reportType=detailed
01077,"Lauderdale County, Alabama",https://cbb.census.gov/rae/#industry0=00&geoId=01077&geoType=county&view=report&reportType=detailed
01079,"Lawrence County, Alabama",https://cbb.census.gov/rae/#industry0=00&geoId=01079&geoType=county&view=report&reportType=detailed
01081,"Lee County, Alabama",https://cbb.census.gov/rae/#industry0=00&geoId=01081&geoType=county&view=report&reportType=detailed
01083,"Limestone County, Alabama",https://cbb.census.gov/rae/#industry0=00&geoId=01083&geoType=county&view=report&reportType=detailed
01085,"Lowndes County, Alabama",https://cbb.census.gov/rae/#industry0=00&geoId=01085&geoType=county&view=report&reportType=detailed
01087,"Macon County, Alabama",https://cbb.census.gov/rae/#industry0=00&geoId=01087&geoType=county&view=report&reportType=detailed
01089,"Madison County, Alabama",https://cbb.census.gov/rae/#industry0=00&geoId=01089&geoType=county&view=report&reportType=detailed
01091,"Marengo County, Alabama",https://cbb.census.gov/rae/#industry0=00&geoId=01091&geoType=county&view=report&reportType=detailed
01093,"Marion County, Alabama",https://cbb.census.gov/rae/#industry0=00&geoId=01093&geoType=county&view=report&reportType=detailed
01095,"Marshall County, Alabama",https://cbb.census.gov/rae/#industry0=00&geoId=01095&geoType=county&view=report&reportType=detailed
01097,"Mobile County, Alabama",https://cbb.census.gov/rae/#industry0=00&geoId=01097&geoType=county&view=report&reportType=detailed
01099,"Monroe County, Alabama",https://cbb.census.gov/rae/#industry0=00&geoId=01099&geoType=county&view=report&reportType=detailed
01101,"Montgomery County, Alabama",https://cbb.census.gov/rae/#industry0=00&geoId=01101&geoType=county&view=report&reportType=detailed
01103,"Morgan County, Alabama",https://cbb.census.gov/rae/#industry0=00&geoId=01103&geoType=county&view=report&reportType=detailed
01105,"Perry County, Alabama",https://cbb.census.gov/rae/#industry0=00&geoId=01105&geoType=county&view=report&reportType=detailed
01107,"Pickens County, Alabama",https://cbb.census.gov/rae/#industry0=00&geoId=01107&geoType=county&view=report&reportType=detailed
01109,"Pike County, Alabama",https://cbb.census.gov/rae/#industry0=00&geoId=01109&geoType=county&view=report&reportType=detailed
01111,"Randolph County, Alabama",https://cbb.census.gov/rae/#industry0=00&geoId=01111&geoType=county&view=report&reportType=detailed
01113,"Russell County, Alabama",https://cbb.census.gov/rae/#industry0=00&geoId=01113&geoType=county&view=report&reportType=detailed
01115,"St. Clair County, Alabama",https://cbb.census.gov/rae/#industry0=00&geoId=01115&geoType=county&view=report&reportType=detailed
01117,"Shelby County, Alabama",https://cbb.census.gov/rae/#industry0=00&geoId=01117&geoType=county&view=report&reportType=detailed
01119,"Sumter County, Alabama",https://cbb.census.gov/rae/#industry0=00&geoId=01119&geoType=county&view=report&reportType=detailed
01121,"Talladega County, Alabama",https://cbb.census.gov/rae/#industry0=00&geoId=01121&geoType=county&view=report&reportType=detailed
01123,"Tallapoosa County, Alabama",https://cbb.census.gov/rae/#industry0=00&geoId=01123&geoType=county&view=report&reportType=detailed
01125,"Tuscaloosa County, Alabama",https://cbb.census.gov/rae/#industry0=00&geoId=01125&geoType=county&view=report&reportType=detailed
01127,"Walker County, Alabama",https://cbb.census.gov/rae/#industry0=00&geoId=01127&geoType=county&view=report&reportType=detailed
01129,"Washington County, Alabama",https://cbb.census.gov/rae/#industry0=00&geoId=01129&geoType=county&view=report&reportType=detailed
01131,"Wilcox County, Alabama",https://cbb.census.gov/rae/#industry0=00&geoId=01131&geoType=county&view=report&reportType=detailed
01133,"Winston County, Alabama",https://cbb.census.gov/rae/#industry0=00&geoId=01133&geoType=county&view=report&reportType=detailed
02,Alaska,https://cbb.census.gov/rae/#industry0=00&geoId=01&geoType=state&view=report&reportType=detailed
02013,"Aleutians East Borough, Alaska",https://cbb.census.gov/rae/#industry0=00&geoId=02013&geoType=county&view=report&reportType=detailed
02016,"Aleutians West Census Area, Alaska",https://cbb.census.gov/rae/#industry0=00&geoId=02016&geoType=county&view=report&reportType=detailed
02020,"Anchorage Municipality, Alaska",https://cbb.census.gov/rae/#industry0=00&geoId=02020&geoType=county&view=report&reportType=detailed
02050,"Bethel Census Area, Alaska",https://cbb.census.gov/rae/#industry0=00&geoId=02050&geoType=county&view=report&reportType=detailed
02060,"Bristol Bay Borough, Alaska",https://cbb.census.gov/rae/#industry0=00&geoId=02060&geoType=county&view=report&reportType=detailed
02068,"Denali Borough, Alaska",https://cbb.census.gov/rae/#industry0=00&geoId=02068&geoType=county&view=report&reportType=detailed
02070,"Dillingham Census Area, Alaska",https://cbb.census.gov/rae/#industry0=00&geoId=02070&geoType=county&view=report&reportType=detailed
02090,"Fairbanks North Star Borough, Alaska",https://cbb.census.gov/rae/#industry0=00&geoId=02090&geoType=county&view=report&reportType=detailed
02100,"Haines Borough, Alaska",https://cbb.census.gov/rae/#industry0=00&geoId=02100&geoType=county&view=report&reportType=detailed
02105,"Hoonah-Angoon Census Area, Alaska",https://cbb.census.gov/rae/#industry0=00&geoId=02105&geoType=county&view=report&reportType=detailed
02110,"Juneau City and Borough, Alaska",https://cbb.census.gov/rae/#industry0=00&geoId=02110&geoType=county&view=report&reportType=detailed
02122,"Kenai Peninsula Borough, Alaska",https://cbb.census.gov/rae/#industry0=00&geoId=02122&geoType=county&view=report&reportType=detailed
02130,"Ketchikan Gateway Borough, Alaska",https://cbb.census.gov/rae/#industry0=00&geoId=02130&geoType=county&view=report&reportType=detailed
02150,"Kodiak Island Borough, Alaska",https://cbb.census.gov/rae/#industry0=00&geoId=02150&geoType=county&view=report&reportType=detailed
02164,"Lake and Peninsula Borough, Alaska",https://cbb.census.gov/rae/#industry0=00&geoId=02164&geoType=county&view=report&reportType=detailed
02170,"Matanuska-Susitna Borough, Alaska",https://cbb.census.gov/rae/#industry0=00&geoId=02170&geoType=county&view=report&reportType=detailed
02180,"Nome Census Area, Alaska",https://cbb.census.gov/rae/#industry0=00&geoId=02180&geoType=county&view=report&reportType=detailed
02185,"North Slope Borough, Alaska",https://cbb.census.gov/rae/#industry0=00&geoId=02185&geoType=county&view=report&reportType=detailed
02188,"Northwest Arctic Borough, Alaska",https://cbb.census.gov/rae/#industry0=00&geoId=02188&geoType=county&view=report&reportType=detailed
02195,"Petersburg Census Area, Alaska",https://cbb.census.gov/rae/#industry0=00&geoId=02195&geoType=county&view=report&reportType=detailed
02198,"Prince of Wales-Hyder Census Area, Alaska",https://cbb.census.gov/rae/#industry0=00&geoId=02198&geoType=county&view=report&reportType=detailed
02220,"Sitka City and Borough, Alaska",https://cbb.census.gov/rae/#industry0=00&geoId=02220&geoType=county&view=report&reportType=detailed
02230,"Skagway Municipality, Alaska",https://cbb.census.gov/rae/#industry0=00&geoId=02230&geoType=county&view=report&reportType=detailed
02240,"Southeast Fairbanks Census Area, Alaska",https://cbb.census.gov/rae/#industry0=00&geoId=02240&geoType=county&view=report&reportType=detailed
02261,"Valdez-Cordova Census Area, Alaska",https://cbb.census.gov/rae/#industry0=00&geoId=02261&geoType=county&view=report&reportType=detailed
02270,"Wade Hampton Census Area, Alaska",https://cbb.census.gov/rae/#industry0=00&geoId=02270&geoType=county&view=report&reportType=detailed
02275,"Wrangell City and Borough, Alaska",https://cbb.census.gov/rae/#industry0=00&geoId=02275&geoType=county&view=report&reportType=detailed
02282,"Yakutat City and Borough, Alaska",https://cbb.census.gov/rae/#industry0=00&geoId=02282&geoType=county&view=report&reportType=detailed
02290,"Yukon-Koyukuk Census Area, Alaska",https://cbb.census.gov/rae/#industry0=00&geoId=02290&geoType=county&view=report&reportType=detailed
04,Arizona,https://cbb.census.gov/rae/#industry0=00&geoId=04&geoType=state&view=report&reportType=detailed
04001,"Apache County, Arizona",https://cbb.census.gov/rae/#industry0=00&geoId=04001&geoType=county&view=report&reportType=detailed
04003,"Cochise County, Arizona",https://cbb.census.gov/rae/#industry0=00&geoId=04003&geoType=county&view=report&reportType=detailed
04005,"Coconino County, Arizona",https://cbb.census.gov/rae/#industry0=00&geoId=04005&geoType=county&view=report&reportType=detailed
04007,"Gila County, Arizona",https://cbb.census.gov/rae/#industry0=00&geoId=04007&geoType=county&view=report&reportType=detailed
04009,"Graham County, Arizona",https://cbb.census.gov/rae/#industry0=00&geoId=04009&geoType=county&view=report&reportType=detailed
04011,"Greenlee County, Arizona",https://cbb.census.gov/rae/#industry0=00&geoId=04011&geoType=county&view=report&reportType=detailed
04012,"La Paz County, Arizona",https://cbb.census.gov/rae/#industry0=00&geoId=04012&geoType=county&view=report&reportType=detailed
04013,"Maricopa County, Arizona",https://cbb.census.gov/rae/#industry0=00&geoId=04013&geoType=county&view=report&reportType=detailed
04015,"Mohave County, Arizona",https://cbb.census.gov/rae/#industry0=00&geoId=04015&geoType=county&view=report&reportType=detailed
04017,"Navajo County, Arizona",https://cbb.census.gov/rae/#industry0=00&geoId=04017&geoType=county&view=report&reportType=detailed
04019,"Pima County, Arizona",https://cbb.census.gov/rae/#industry0=00&geoId=04019&geoType=county&view=report&reportType=detailed
04021,"Pinal County, Arizona",https://cbb.census.gov/rae/#industry0=00&geoId=04021&geoType=county&view=report&reportType=detailed
04023,"Santa Cruz County, Arizona",https://cbb.census.gov/rae/#industry0=00&geoId=04023&geoType=county&view=report&reportType=detailed
04025,"Yavapai County, Arizona",https://cbb.census.gov/rae/#industry0=00&geoId=04025&geoType=county&view=report&reportType=detailed
04027,"Yuma County, Arizona",https://cbb.census.gov/rae/#industry0=00&geoId=04027&geoType=county&view=report&reportType=detailed
05,Arkansas,https://cbb.census.gov/rae/#industry0=00&geoId=05&geoType=state&view=report&reportType=detailed
05001,"Arkansas County, Arkansas",https://cbb.census.gov/rae/#industry0=00&geoId=05001&geoType=county&view=report&reportType=detailed
05003,"Ashley County, Arkansas",https://cbb.census.gov/rae/#industry0=00&geoId=05003&geoType=county&view=report&reportType=detailed
05005,"Baxter County, Arkansas",https://cbb.census.gov/rae/#industry0=00&geoId=05005&geoType=county&view=report&reportType=detailed
05007,"Benton County, Arkansas",https://cbb.census.gov/rae/#industry0=00&geoId=05007&geoType=county&view=report&reportType=detailed
05009,"Boone County, Arkansas",https://cbb.census.gov/rae/#industry0=00&geoId=05009&geoType=county&view=report&reportType=detailed
05011,"Bradley County, Arkansas",https://cbb.census.gov/rae/#industry0=00&geoId=05011&geoType=county&view=report&reportType=detailed
05013,"Calhoun County, Arkansas",https://cbb.census.gov/rae/#industry0=00&geoId=05013&geoType=county&view=report&reportType=detailed
05015,"Carroll County, Arkansas",https://cbb.census.gov/rae/#industry0=00&geoId=05015&geoType=county&view=report&reportType=detailed
05017,"Chicot County, Arkansas",https://cbb.census.gov/rae/#industry0=00&geoId=05017&geoType=county&view=report&reportType=detailed
05019,"Clark County, Arkansas",https://cbb.census.gov/rae/#industry0=00&geoId=05019&geoType=county&view=report&reportType=detailed
05021,"Clay County, Arkansas",https://cbb.census.gov/rae/#industry0=00&geoId=05021&geoType=county&view=report&reportType=detailed
05023,"Cleburne County, Arkansas",https://cbb.census.gov/rae/#industry0=00&geoId=05023&geoType=county&view=report&reportType=detailed
05025,"Cleveland County, Arkansas",https://cbb.census.gov/rae/#industry0=00&geoId=05025&geoType=county&view=report&reportType=detailed
05027,"Columbia County, Arkansas",https://cbb.census.gov/rae/#industry0=00&geoId=05027&geoType=county&view=report&reportType=detailed
05029,"Conway County, Arkansas",https://cbb.census.gov/rae/#industry0=00&geoId=05029&geoType=county&view=report&reportType=detailed
05031,"Craighead County, Arkansas",https://cbb.census.gov/rae/#industry0=00&geoId=05031&geoType=county&view=report&reportType=detailed
05033,"Crawford County, Arkansas",https://cbb.census.gov/rae/#industry0=00&geoId=05033&geoType=county&view=report&reportType=detailed
05035,"Crittenden County, Arkansas",https://cbb.census.gov/rae/#industry0=00&geoId=05035&geoType=county&view=report&reportType=detailed
05037,"Cross County, Arkansas",https://cbb.census.gov/rae/#industry0=00&geoId=05037&geoType=county&view=report&reportType=detailed
05039,"Dallas County, Arkansas",https://cbb.census.gov/rae/#industry0=00&geoId=05039&geoType=county&view=report&reportType=detailed
05041,"Desha County, Arkansas",https://cbb.census.gov/rae/#industry0=00&geoId=05041&geoType=county&view=report&reportType=detailed
05043,"Drew County, Arkansas",https://cbb.census.gov/rae/#industry0=00&geoId=05043&geoType=county&view=report&reportType=detailed
05045,"Faulkner County, Arkansas",https://cbb.census.gov/rae/#industry0=00&geoId=05045&geoType=county&view=report&reportType=detailed
05047,"Franklin County, Arkansas",https://cbb.census.gov/rae/#industry0=00&geoId=05047&geoType=county&view=report&reportType=detailed
05049,"Fulton County, Arkansas",https://cbb.census.gov/rae/#industry0=00&geoId=05049&geoType=county&view=report&reportType=detailed
05051,"Garland County, Arkansas",https://cbb.census.gov/rae/#industry0=00&geoId=05051&geoType=county&view=report&reportType=detailed
05053,"Grant County, Arkansas",https://cbb.census.gov/rae/#industry0=00&geoId=05053&geoType=county&view=report&reportType=detailed
05055,"Greene County, Arkansas",https://cbb.census.gov/rae/#industry0=00&geoId=05055&geoType=county&view=report&reportType=detailed
05057,"Hempstead County, Arkansas",https://cbb.census.gov/rae/#industry0=00&geoId=05057&geoType=county&view=report&reportType=detailed
05059,"Hot Spring County, Arkansas",https://cbb.census.gov/rae/#industry0=00&geoId=05059&geoType=county&view=report&reportType=detailed
05061,"Howard County, Arkansas",https://cbb.census.gov/rae/#industry0=00&geoId=05061&geoType=county&view=report&reportType=detailed
05063,"Independence County, Arkansas",https://cbb.census.gov/rae/#industry0=00&geoId=05063&geoType=county&view=report&reportType=detailed
05065,"Izard County, Arkansas",https://cbb.census.gov/rae/#industry0=00&geoId=05065&geoType=county&view=report&reportType=detailed
05067,"Jackson County, Arkansas",https://cbb.census.gov/rae/#industry0=00&geoId=05067&geoType=county&view=report&reportType=detailed
05069,"Jefferson County, Arkansas",https://cbb.census.gov/rae/#industry0=00&geoId=05069&geoType=county&view=report&reportType=detailed
05071,"Johnson County, Arkansas",https://cbb.census.gov/rae/#industry0=00&geoId=05071&geoType=county&view=report&reportType=detailed
05073,"Lafayette County, Arkansas",https://cbb.census.gov/rae/#industry0=00&geoId=05073&geoType=county&view=report&reportType=detailed
05075,"Lawrence County, Arkansas",https://cbb.census.gov/rae/#industry0=00&geoId=05075&geoType=county&view=report&reportType=detailed
05077,"Lee County, Arkansas",https://cbb.census.gov/rae/#industry0=00&geoId=05077&geoType=county&view=report&reportType=detailed
05079,"Lincoln County, Arkansas",https://cbb.census.gov/rae/#industry0=00&geoId=05079&geoType=county&view=report&reportType=detailed
05081,"Little River County, Arkansas",https://cbb.census.gov/rae/#industry0=00&geoId=05081&geoType=county&view=report&reportType=detailed
05083,"Logan County, Arkansas",https://cbb.census.gov/rae/#industry0=00&geoId=05083&geoType=county&view=report&reportType=detailed
05085,"Lonoke County, Arkansas",https://cbb.census.gov/rae/#industry0=00&geoId=05085&geoType=county&view=report&reportType=detailed
05087,"Madison County, Arkansas",https://cbb.census.gov/rae/#industry0=00&geoId=05087&geoType=county&view=report&reportType=detailed
05089,"Marion County, Arkansas",https://cbb.census.gov/rae/#industry0=00&geoId=05089&geoType=county&view=report&reportType=detailed
05091,"Miller County, Arkansas",https://cbb.census.gov/rae/#industry0=00&geoId=05091&geoType=county&view=report&reportType=detailed
05093,"Mississippi County, Arkansas",https://cbb.census.gov/rae/#industry0=00&geoId=05093&geoType=county&view=report&reportType=detailed
05095,"Monroe County, Arkansas",https://cbb.census.gov/rae/#industry0=00&geoId=05095&geoType=county&view=report&reportType=detailed
05097,"Montgomery County, Arkansas",https://cbb.census.gov/rae/#industry0=00&geoId=05097&geoType=county&view=report&reportType=detailed
05099,"Nevada County, Arkansas",https://cbb.census.gov/rae/#industry0=00&geoId=05099&geoType=county&view=report&reportType=detailed
05101,"Newton County, Arkansas",https://cbb.census.gov/rae/#industry0=00&geoId=05101&geoType=county&view=report&reportType=detailed
05103,"Ouachita County, Arkansas",https://cbb.census.gov/rae/#industry0=00&geoId=05103&geoType=county&view=report&reportType=detailed
05105,"Perry County, Arkansas",https://cbb.census.gov/rae/#industry0=00&geoId=05105&geoType=county&view=report&reportType=detailed
05107,"Phillips County, Arkansas",https://cbb.census.gov/rae/#industry0=00&geoId=05107&geoType=county&view=report&reportType=detailed
05109,"Pike County, Arkansas",https://cbb.census.gov/rae/#industry0=00&geoId=05109&geoType=county&view=report&reportType=detailed
05111,"Poinsett County, Arkansas",https://cbb.census.gov/rae/#industry0=00&geoId=05111&geoType=county&view=report&reportType=detailed
05113,"Polk County, Arkansas",https://cbb.census.gov/rae/#industry0=00&geoId=05113&geoType=county&view=report&reportType=detailed
05115,"Pope County, Arkansas",https://cbb.census.gov/rae/#industry0=00&geoId=05115&geoType=county&view=report&reportType=detailed
05117,"Prairie County, Arkansas",https://cbb.census.gov/rae/#industry0=00&geoId=05117&geoType=county&view=report&reportType=detailed
05119,"Pulaski County, Arkansas",https://cbb.census.gov/rae/#industry0=00&geoId=05119&geoType=county&view=report&reportType=detailed
05121,"Randolph County, Arkansas",https://cbb.census.gov/rae/#industry0=00&geoId=05121&geoType=county&view=report&reportType=detailed
05123,"St. Francis County, Arkansas",https://cbb.census.gov/rae/#industry0=00&geoId=05123&geoType=county&view=report&reportType=detailed
05125,"Saline County, Arkansas",https://cbb.census.gov/rae/#industry0=00&geoId=05125&geoType=county&view=report&reportType=detailed
05127,"Scott County, Arkansas",https://cbb.census.gov/rae/#industry0=00&geoId=05127&geoType=county&view=report&reportType=detailed
05129,"Searcy County, Arkansas",https://cbb.census.gov/rae/#industry0=00&geoId=05129&geoType=county&view=report&reportType=detailed
05131,"Sebastian County, Arkansas",https://cbb.census.gov/rae/#industry0=00&geoId=05131&geoType=county&view=report&reportType=detailed
05133,"Sevier County, Arkansas",https://cbb.census.gov/rae/#industry0=00&geoId=05133&geoType=county&view=report&reportType=detailed
05135,"Sharp County, Arkansas",https://cbb.census.gov/rae/#industry0=00&geoId=05135&geoType=county&view=report&reportType=detailed
05137,"Stone County, Arkansas",https://cbb.census.gov/rae/#industry0=00&geoId=05137&geoType=county&view=report&reportType=detailed
05139,"Union County, Arkansas",https://cbb.census.gov/rae/#industry0=00&geoId=05139&geoType=county&view=report&reportType=detailed
05141,"Van Buren County, Arkansas",https://cbb.census.gov/rae/#industry0=00&geoId=05141&geoType=county&view=report&reportType=detailed
05143,"Washington County, Arkansas",https://cbb.census.gov/rae/#industry0=00&geoId=05143&geoType=county&view=report&reportType=detailed
05145,"White County, Arkansas",https://cbb.census.gov/rae/#industry0=00&geoId=05145&geoType=county&view=report&reportType=detailed
05147,"Woodruff County, Arkansas",https://cbb.census.gov/rae/#industry0=00&geoId=05147&geoType=county&view=report&reportType=detailed
05149,"Yell County, Arkansas",https://cbb.census.gov/rae/#industry0=00&geoId=05149&geoType=county&view=report&reportType=detailed
06,California,https://cbb.census.gov/rae/#industry0=00&geoId=06&geoType=state&view=report&reportType=detailed
06001,"Alameda County, California",https://cbb.census.gov/rae/#industry0=00&geoId=06001&geoType=county&view=report&reportType=detailed
06003,"Alpine County, California",https://cbb.census.gov/rae/#industry0=00&geoId=06003&geoType=county&view=report&reportType=detailed
06005,"Amador County, California",https://cbb.census.gov/rae/#industry0=00&geoId=06005&geoType=county&view=report&reportType=detailed
06007,"Butte County, California",https://cbb.census.gov/rae/#industry0=00&geoId=06007&geoType=county&view=report&reportType=detailed
06009,"Calaveras County, California",https://cbb.census.gov/rae/#industry0=00&geoId=06009&geoType=county&view=report&reportType=detailed
06011,"Colusa County, California",https://cbb.census.gov/rae/#industry0=00&geoId=06011&geoType=county&view=report&reportType=detailed
06013,"Contra Costa County, California",https://cbb.census.gov/rae/#industry0=00&geoId=06013&geoType=county&view=report&reportType=detailed
06015,"Del Norte County, California",https://cbb.census.gov/rae/#industry0=00&geoId=06015&geoType=county&view=report&reportType=detailed
06017,"El Dorado County, California",https://cbb.census.gov/rae/#industry0=00&geoId=06017&geoType=county&view=report&reportType=detailed
06019,"Fresno County, California",https://cbb.census.gov/rae/#industry0=00&geoId=06019&geoType=county&view=report&reportType=detailed
06021,"Glenn County, California",https://cbb.census.gov/rae/#industry0=00&geoId=06021&geoType=county&view=report&reportType=detailed
06023,"Humboldt County, California",https://cbb.census.gov/rae/#industry0=00&geoId=06023&geoType=county&view=report&reportType=detailed
06025,"Imperial County, California",https://cbb.census.gov/rae/#industry0=00&geoId=06025&geoType=county&view=report&reportType=detailed
06027,"Inyo County, California",https://cbb.census.gov/rae/#industry0=00&geoId=06027&geoType=county&view=report&reportType=detailed
06029,"Kern County, California",https://cbb.census.gov/rae/#industry0=00&geoId=06029&geoType=county&view=report&reportType=detailed
06031,"Kings County, California",https://cbb.census.gov/rae/#industry0=00&geoId=06031&geoType=county&view=report&reportType=detailed
06033,"Lake County, California",https://cbb.census.gov/rae/#industry0=00&geoId=06033&geoType=county&view=report&reportType=detailed
06035,"Lassen County, California",https://cbb.census.gov/rae/#industry0=00&geoId=06035&geoType=county&view=report&reportType=detailed
06037,"Los Angeles County, California",https://cbb.census.gov/rae/#industry0=00&geoId=06037&geoType=county&view=report&reportType=detailed
06039,"Madera County, California",https://cbb.census.gov/rae/#industry0=00&geoId=06039&geoType=county&view=report&reportType=detailed
06041,"Marin County, California",https://cbb.census.gov/rae/#industry0=00&geoId=06041&geoType=county&view=report&reportType=detailed
06043,"Mariposa County, California",https://cbb.census.gov/rae/#industry0=00&geoId=06043&geoType=county&view=report&reportType=detailed
06045,"Mendocino County, California",https://cbb.census.gov/rae/#industry0=00&geoId=06045&geoType=county&view=report&reportType=detailed
06047,"Merced County, California",https://cbb.census.gov/rae/#industry0=00&geoId=06047&geoType=county&view=report&reportType=detailed
06049,"Modoc County, California",https://cbb.census.gov/rae/#industry0=00&geoId=06049&geoType=county&view=report&reportType=detailed
06051,"Mono County, California",https://cbb.census.gov/rae/#industry0=00&geoId=06051&geoType=county&view=report&reportType=detailed
06053,"Monterey County, California",https://cbb.census.gov/rae/#industry0=00&geoId=06053&geoType=county&view=report&reportType=detailed
06055,"Napa County, California",https://cbb.census.gov/rae/#industry0=00&geoId=06055&geoType=county&view=report&reportType=detailed
06057,"Nevada County, California",https://cbb.census.gov/rae/#industry0=00&geoId=06057&geoType=county&view=report&reportType=detailed
06059,"Orange County, California",https://cbb.census.gov/rae/#industry0=00&geoId=06059&geoType=county&view=report&reportType=detailed
06061,"Placer County, California",https://cbb.census.gov/rae/#industry0=00&geoId=06061&geoType=county&view=report&reportType=detailed
06063,"Plumas County, California",https://cbb.census.gov/rae/#industry0=00&geoId=06063&geoType=county&view=report&reportType=detailed
06065,"Riverside County, California",https://cbb.census.gov/rae/#industry0=00&geoId=06065&geoType=county&view=report&reportType=detailed
06067,"Sacramento County, California",https://cbb.census.gov/rae/#industry0=00&geoId=06067&geoType=county&view=report&reportType=detailed
06069,"San Benito County, California",https://cbb.census.gov/rae/#industry0=00&geoId=06069&geoType=county&view=report&reportType=detailed
06071,"San Bernardino County, California",https://cbb.census.gov/rae/#industry0=00&geoId=06071&geoType=county&view=report&reportType=detailed
06073,"San Diego County, California",https://cbb.census.gov/rae/#industry0=00&geoId=06073&geoType=county&view=report&reportType=detailed
06075,"San Francisco County, California",https://cbb.census.gov/rae/#industry0=00&geoId=06075&geoType=county&view=report&reportType=detailed
06077,"San Joaquin County, California",https://cbb.census.gov/rae/#industry0=00&geoId=06077&geoType=county&view=report&reportType=detailed
06079,"San Luis Obispo County, California",https://cbb.census.gov/rae/#industry0=00&geoId=06079&geoType=county&view=report&reportType=detailed
06081,"San Mateo County, California",https://cbb.census.gov/rae/#industry0=00&geoId=06081&geoType=county&view=report&reportType=detailed
06083,"Santa Barbara County, California",https://cbb.census.gov/rae/#industry0=00&geoId=06083&geoType=county&view=report&reportType=detailed
06085,"Santa Clara County, California",https://cbb.census.gov/rae/#industry0=00&geoId=06085&geoType=county&view=report&reportType=detailed
06087,"Santa Cruz County, California",https://cbb.census.gov/rae/#industry0=00&geoId=06087&geoType=county&view=report&reportType=detailed
06089,"Shasta County, California",https://cbb.census.gov/rae/#industry0=00&geoId=06089&geoType=county&view=report&reportType=detailed
06091,"Sierra County, California",https://cbb.census.gov/rae/#industry0=00&geoId=06091&geoType=county&view=report&reportType=detailed
06093,"Siskiyou County, California",https://cbb.census.gov/rae/#industry0=00&geoId=06093&geoType=county&view=report&reportType=detailed
06095,"Solano County, California",https://cbb.census.gov/rae/#industry0=00&geoId=06095&geoType=county&view=report&reportType=detailed
06097,"Sonoma County, California",https://cbb.census.gov/rae/#industry0=00&geoId=06097&geoType=county&view=report&reportType=detailed
06099,"Stanislaus County, California",https://cbb.census.gov/rae/#industry0=00&geoId=06099&geoType=county&view=report&reportType=detailed
06101,"Sutter County, California",https://cbb.census.gov/rae/#industry0=00&geoId=06101&geoType=county&view=report&reportType=detailed
06103,"Tehama County, California",https://cbb.census.gov/rae/#industry0=00&geoId=06103&geoType=county&view=report&reportType=detailed
06105,"Trinity County, California",https://cbb.census.gov/rae/#industry0=00&geoId=06105&geoType=county&view=report&reportType=detailed
06107,"Tulare County, California",https://cbb.census.gov/rae/#industry0=00&geoId=06107&geoType=county&view=report&reportType=detailed
06109,"Tuolumne County, California",https://cbb.census.gov/rae/#industry0=00&geoId=06109&geoType=county&view=report&reportType=detailed
06111,"Ventura County, California",https://cbb.census.gov/rae/#industry0=00&geoId=06111&geoType=county&view=report&reportType=detailed
06113,"Yolo County, California",https://cbb.census.gov/rae/#industry0=00&geoId=06113&geoType=county&view=report&reportType=detailed
06115,"Yuba County, California",https://cbb.census.gov/rae/#industry0=00&geoId=06115&geoType=county&view=report&reportType=detailed
08,Colorado,https://cbb.census.gov/rae/#industry0=00&geoId=08&geoType=state&view=report&reportType=detailed
08001,"Adams County, Colorado",https://cbb.census.gov/rae/#industry0=00&geoId=08001&geoType=county&view=report&reportType=detailed
08003,"Alamosa County, Colorado",https://cbb.census.gov/rae/#industry0=00&geoId=08003&geoType=county&view=report&reportType=detailed
08005,"Arapahoe County, Colorado",https://cbb.census.gov/rae/#industry0=00&geoId=08005&geoType=county&view=report&reportType=detailed
08007,"Archuleta County, Colorado",https://cbb.census.gov/rae/#industry0=00&geoId=08007&geoType=county&view=report&reportType=detailed
08009,"Baca County, Colorado",https://cbb.census.gov/rae/#industry0=00&geoId=08009&geoType=county&view=report&reportType=detailed
08011,"Bent County, Colorado",https://cbb.census.gov/rae/#industry0=00&geoId=08011&geoType=county&view=report&reportType=detailed
08013,"Boulder County, Colorado",https://cbb.census.gov/rae/#industry0=00&geoId=08013&geoType=county&view=report&reportType=detailed
08014,"Broomfield County, Colorado",https://cbb.census.gov/rae/#industry0=00&geoId=08014&geoType=county&view=report&reportType=detailed
08015,"Chaffee County, Colorado",https://cbb.census.gov/rae/#industry0=00&geoId=08015&geoType=county&view=report&reportType=detailed
08017,"Cheyenne County, Colorado",https://cbb.census.gov/rae/#industry0=00&geoId=08017&geoType=county&view=report&reportType=detailed
08019,"Clear Creek County, Colorado",https://cbb.census.gov/rae/#industry0=00&geoId=08019&geoType=county&view=report&reportType=detailed
08021,"Conejos County, Colorado",https://cbb.census.gov/rae/#industry0=00&geoId=08021&geoType=county&view=report&reportType=detailed
08023,"Costilla County, Colorado",https://cbb.census.gov/rae/#industry0=00&geoId=08023&geoType=county&view=report&reportType=detailed
08025,"Crowley County, Colorado",https://cbb.census.gov/rae/#industry0=00&geoId=08025&geoType=county&view=report&reportType=detailed
08027,"Custer County, Colorado",https://cbb.census.gov/rae/#industry0=00&geoId=08027&geoType=county&view=report&reportType=detailed
08029,"Delta County, Colorado",https://cbb.census.gov/rae/#industry0=00&geoId=08029&geoType=county&view=report&reportType=detailed
08031,"Denver County, Colorado",https://cbb.census.gov/rae/#industry0=00&geoId=08031&geoType=county&view=report&reportType=detailed
08033,"Dolores County, Colorado",https://cbb.census.gov/rae/#industry0=00&geoId=08033&geoType=county&view=report&reportType=detailed
08035,"Douglas County, Colorado",https://cbb.census.gov/rae/#industry0=00&geoId=08035&geoType=county&view=report&reportType=detailed
08037,"Eagle County, Colorado",https://cbb.census.gov/rae/#industry0=00&geoId=08037&geoType=county&view=report&reportType=detailed
08039,"Elbert County, Colorado",https://cbb.census.gov/rae/#industry0=00&geoId=08039&geoType=county&view=report&reportType=detailed
08041,"El Paso County, Colorado",https://cbb.census.gov/rae/#industry0=00&geoId=08041&geoType=county&view=report&reportType=detailed
08043,"Fremont County, Colorado",https://cbb.census.gov/rae/#industry0=00&geoId=08043&geoType=county&view=report&reportType=detailed
08045,"Garfield County, Colorado",https://cbb.census.gov/rae/#industry0=00&geoId=08045&geoType=county&view=report&reportType=detailed
08047,"Gilpin County, Colorado",https://cbb.census.gov/rae/#industry0=00&geoId=08047&geoType=county&view=report&reportType=detailed
08049,"Grand County, Colorado",https://cbb.census.gov/rae/#industry0=00&geoId=08049&geoType=county&view=report&reportType=detailed
08051,"Gunnison County, Colorado",https://cbb.census.gov/rae/#industry0=00&geoId=08051&geoType=county&view=report&reportType=detailed
08053,"Hinsdale County, Colorado",https://cbb.census.gov/rae/#industry0=00&geoId=08053&geoType=county&view=report&reportType=detailed
08055,"Huerfano County, Colorado",https://cbb.census.gov/rae/#industry0=00&geoId=08055&geoType=county&view=report&reportType=detailed
08057,"Jackson County, Colorado",https://cbb.census.gov/rae/#industry0=00&geoId=08057&geoType=county&view=report&reportType=detailed
08059,"Jefferson County, Colorado",https://cbb.census.gov/rae/#industry0=00&geoId=08059&geoType=county&view=report&reportType=detailed
08061,"Kiowa County, Colorado",https://cbb.census.gov/rae/#industry0=00&geoId=08061&geoType=county&view=report&reportType=detailed
08063,"Kit Carson County, Colorado",https://cbb.census.gov/rae/#industry0=00&geoId=08063&geoType=county&view=report&reportType=detailed
08065,"Lake County, Colorado",https://cbb.census.gov/rae/#industry0=00&geoId=08065&geoType=county&view=report&reportType=detailed
08067,"La Plata County, Colorado",https://cbb.census.gov/rae/#industry0=00&geoId=08067&geoType=county&view=report&reportType=detailed
08069,"Larimer County, Colorado",https://cbb.census.gov/rae/#industry0=00&geoId=08069&geoType=county&view=report&reportType=detailed
08071,"Las Animas County, Colorado",https://cbb.census.gov/rae/#industry0=00&geoId=08071&geoType=county&view=report&reportType=detailed
08073,"Lincoln County, Colorado",https://cbb.census.gov/rae/#industry0=00&geoId=08073&geoType=county&view=report&reportType=detailed
08075,"Logan County, Colorado",https://cbb.census.gov/rae/#industry0=00&geoId=08075&geoType=county&view=report&reportType=detailed
08077,"Mesa County, Colorado",https://cbb.census.gov/rae/#industry0=00&geoId=08077&geoType=county&view=report&reportType=detailed
08079,"Mineral County, Colorado",https://cbb.census.gov/rae/#industry0=00&geoId=08079&geoType=county&view=report&reportType=detailed
08081,"Moffat County, Colorado",https://cbb.census.gov/rae/#industry0=00&geoId=08081&geoType=county&view=report&reportType=detailed
08083,"Montezuma County, Colorado",https://cbb.census.gov/rae/#industry0=00&geoId=08083&geoType=county&view=report&reportType=detailed
08085,"Montrose County, Colorado",https://cbb.census.gov/rae/#industry0=00&geoId=08085&geoType=county&view=report&reportType=detailed
08087,"Morgan County, Colorado",https://cbb.census.gov/rae/#industry0=00&geoId=08087&geoType=county&view=report&reportType=detailed
08089,"Otero County, Colorado",https://cbb.census.gov/rae/#industry0=00&geoId=08089&geoType=county&view=report&reportType=detailed
08091,"Ouray County, Colorado",https://cbb.census.gov/rae/#industry0=00&geoId=08091&geoType=county&view=report&reportType=detailed
08093,"Park County, Colorado",https://cbb.census.gov/rae/#industry0=00&geoId=08093&geoType=county&view=report&reportType=detailed
08095,"Phillips County, Colorado",https://cbb.census.gov/rae/#industry0=00&geoId=08095&geoType=county&view=report&reportType=detailed
08097,"Pitkin County, Colorado",https://cbb.census.gov/rae/#industry0=00&geoId=08097&geoType=county&view=report&reportType=detailed
08099,"Prowers County, Colorado",https://cbb.census.gov/rae/#industry0=00&geoId=08099&geoType=county&view=report&reportType=detailed
08101,"Pueblo County, Colorado",https://cbb.census.gov/rae/#industry0=00&geoId=08101&geoType=county&view=report&reportType=detailed
08103,"Rio Blanco County, Colorado",https://cbb.census.gov/rae/#industry0=00&geoId=08103&geoType=county&view=report&reportType=detailed
08105,"Rio Grande County, Colorado",https://cbb.census.gov/rae/#industry0=00&geoId=08105&geoType=county&view=report&reportType=detailed
08107,"Routt County, Colorado",https://cbb.census.gov/rae/#industry0=00&geoId=08107&geoType=county&view=report&reportType=detailed
08109,"Saguache County, Colorado",https://cbb.census.gov/rae/#industry0=00&geoId=08109&geoType=county&view=report&reportType=detailed
08111,"San Juan County, Colorado",https://cbb.census.gov/rae/#industry0=00&geoId=08111&geoType=county&view=report&reportType=detailed
08113,"San Miguel County, Colorado",https://cbb.census.gov/rae/#industry0=00&geoId=08113&geoType=county&view=report&reportType=detailed
08115,"Sedgwick County, Colorado",https://cbb.census.gov/rae/#industry0=00&geoId=08115&geoType=county&view=report&reportType=detailed
08117,"Summit County, Colorado",https://cbb.census.gov/rae/#industry0=00&geoId=08117&geoType=county&view=report&reportType=detailed
08119,"Teller County, Colorado",https://cbb.census.gov/rae/#industry0=00&geoId=08119&geoType=county&view=report&reportType=detailed
08121,"Washington County, Colorado",https://cbb.census.gov/rae/#industry0=00&geoId=08121&geoType=county&view=report&reportType=detailed
08123,"Weld County, Colorado",https://cbb.census.gov/rae/#industry0=00&geoId=08123&geoType=county&view=report&reportType=detailed
08125,"Yuma County, Colorado",https://cbb.census.gov/rae/#industry0=00&geoId=08125&geoType=county&view=report&reportType=detailed
09,Connecticut,https://cbb.census.gov/rae/#industry0=00&geoId=09&geoType=state&view=report&reportType=detailed
09001,"Fairfield County, Connecticut",https://cbb.census.gov/rae/#industry0=00&geoId=09001&geoType=county&view=report&reportType=detailed
09003,"Hartford County, Connecticut",https://cbb.census.gov/rae/#industry0=00&geoId=09003&geoType=county&view=report&reportType=detailed
09005,"Litchfield County, Connecticut",https://cbb.census.gov/rae/#industry0=00&geoId=09005&geoType=county&view=report&reportType=detailed
09007,"Middlesex County, Connecticut",https://cbb.census.gov/rae/#industry0=00&geoId=09007&geoType=county&view=report&reportType=detailed
09009,"New Haven County, Connecticut",https://cbb.census.gov/rae/#industry0=00&geoId=09009&geoType=county&view=report&reportType=detailed
09011,"New London County, Connecticut",https://cbb.census.gov/rae/#industry0=00&geoId=09011&geoType=county&view=report&reportType=detailed
09013,"Tolland County, Connecticut",https://cbb.census.gov/rae/#industry0=00&geoId=09013&geoType=county&view=report&reportType=detailed
09015,"Windham County, Connecticut",https://cbb.census.gov/rae/#industry0=00&geoId=09015&geoType=county&view=report&reportType=detailed
10,Delaware,https://cbb.census.gov/rae/#industry0=00&geoId=10&geoType=state&view=report&reportType=detailed
10001,"Kent County, Delaware",https://cbb.census.gov/rae/#industry0=00&geoId=10001&geoType=county&view=report&reportType=detailed
10003,"New Castle County, Delaware",https://cbb.census.gov/rae/#industry0=00&geoId=10003&geoType=county&view=report&reportType=detailed
10005,"Sussex County, Delaware",https://cbb.census.gov/rae/#industry0=00&geoId=10005&geoType=county&view=report&reportType=detailed
11,District of Columbia,https://cbb.census.gov/rae/#industry0=00&geoId=11&geoType=state&view=report&reportType=detailed
11001,"District of Columbia, District of Columbia",https://cbb.census.gov/rae/#industry0=00&geoId=11001&geoType=county&view=report&reportType=detailed
12,Florida,https://cbb.census.gov/rae/#industry0=00&geoId=12&geoType=state&view=report&reportType=detailed
12001,"Alachua County, Florida",https://cbb.census.gov/rae/#industry0=00&geoId=12001&geoType=county&view=report&reportType=detailed
12003,"Baker County, Florida",https://cbb.census.gov/rae/#industry0=00&geoId=12003&geoType=county&view=report&reportType=detailed
12005,"Bay County, Florida",https://cbb.census.gov/rae/#industry0=00&geoId=12005&geoType=county&view=report&reportType=detailed
12007,"Bradford County, Florida",https://cbb.census.gov/rae/#industry0=00&geoId=12007&geoType=county&view=report&reportType=detailed
12009,"Brevard County, Florida",https://cbb.census.gov/rae/#industry0=00&geoId=12009&geoType=county&view=report&reportType=detailed
12011,"Broward County, Florida",https://cbb.census.gov/rae/#industry0=00&geoId=12011&geoType=county&view=report&reportType=detailed
12013,"Calhoun County, Florida",https://cbb.census.gov/rae/#industry0=00&geoId=12013&geoType=county&view=report&reportType=detailed
12015,"Charlotte County, Florida",https://cbb.census.gov/rae/#industry0=00&geoId=12015&geoType=county&view=report&reportType=detailed
12017,"Citrus County, Florida",https://cbb.census.gov/rae/#industry0=00&geoId=12017&geoType=county&view=report&reportType=detailed
12019,"Clay County, Florida",https://cbb.census.gov/rae/#industry0=00&geoId=12019&geoType=county&view=report&reportType=detailed
12021,"Collier County, Florida",https://cbb.census.gov/rae/#industry0=00&geoId=12021&geoType=county&view=report&reportType=detailed
12023,"Columbia County, Florida",https://cbb.census.gov/rae/#industry0=00&geoId=12023&geoType=county&view=report&reportType=detailed
12027,"DeSoto County, Florida",https://cbb.census.gov/rae/#industry0=00&geoId=12027&geoType=county&view=report&reportType=detailed
12029,"Dixie County, Florida",https://cbb.census.gov/rae/#industry0=00&geoId=12029&geoType=county&view=report&reportType=detailed
12031,"Duval County, Florida",https://cbb.census.gov/rae/#industry0=00&geoId=12031&geoType=county&view=report&reportType=detailed
12033,"Escambia County, Florida",https://cbb.census.gov/rae/#industry0=00&geoId=12033&geoType=county&view=report&reportType=detailed
12035,"Flagler County, Florida",https://cbb.census.gov/rae/#industry0=00&geoId=12035&geoType=county&view=report&reportType=detailed
12037,"Franklin County, Florida",https://cbb.census.gov/rae/#industry0=00&geoId=12037&geoType=county&view=report&reportType=detailed
12039,"Gadsden County, Florida",https://cbb.census.gov/rae/#industry0=00&geoId=12039&geoType=county&view=report&reportType=detailed
12041,"Gilchrist County, Florida",https://cbb.census.gov/rae/#industry0=00&geoId=12041&geoType=county&view=report&reportType=detailed
12043,"Glades County, Florida",https://cbb.census.gov/rae/#industry0=00&geoId=12043&geoType=county&view=report&reportType=detailed
12045,"Gulf County, Florida",https://cbb.census.gov/rae/#industry0=00&geoId=12045&geoType=county&view=report&reportType=detailed
12047,"Hamilton County, Florida",https://cbb.census.gov/rae/#industry0=00&geoId=12047&geoType=county&view=report&reportType=detailed
12049,"Hardee County, Florida",https://cbb.census.gov/rae/#industry0=00&geoId=12049&geoType=county&view=report&reportType=detailed
12051,"Hendry County, Florida",https://cbb.census.gov/rae/#industry0=00&geoId=12051&geoType=county&view=report&reportType=detailed
12053,"Hernando County, Florida",https://cbb.census.gov/rae/#industry0=00&geoId=12053&geoType=county&view=report&reportType=detailed
12055,"Highlands County, Florida",https://cbb.census.gov/rae/#industry0=00&geoId=12055&geoType=county&view=report&reportType=detailed
12057,"Hillsborough County, Florida",https://cbb.census.gov/rae/#industry0=00&geoId=12057&geoType=county&view=report&reportType=detailed
12059,"Holmes County, Florida",https://cbb.census.gov/rae/#industry0=00&geoId=12059&geoType=county&view=report&reportType=detailed
12061,"Indian River County, Florida",https://cbb.census.gov/rae/#industry0=00&geoId=12061&geoType=county&view=report&reportType=detailed
12063,"Jackson County, Florida",https://cbb.census.gov/rae/#industry0=00&geoId=12063&geoType=county&view=report&reportType=detailed
12065,"Jefferson County, Florida",https://cbb.census.gov/rae/#industry0=00&geoId=12065&geoType=county&view=report&reportType=detailed
12067,"Lafayette County, Florida",https://cbb.census.gov/rae/#industry0=00&geoId=12067&geoType=county&view=report&reportType=detailed
12069,"Lake County, Florida",https://cbb.census.gov/rae/#industry0=00&geoId=12069&geoType=county&view=report&reportType=detailed
12071,"Lee County, Florida",https://cbb.census.gov/rae/#industry0=00&geoId=12071&geoType=county&view=report&reportType=detailed
12073,"Leon County, Florida",https://cbb.census.gov/rae/#industry0=00&geoId=12073&geoType=county&view=report&reportType=detailed
12075,"Levy County, Florida",https://cbb.census.gov/rae/#industry0=00&geoId=12075&geoType=county&view=report&reportType=detailed
12077,"Liberty County, Florida",https://cbb.census.gov/rae/#industry0=00&geoId=12077&geoType=county&view=report&reportType=detailed
12079,"Madison County, Florida",https://cbb.census.gov/rae/#industry0=00&geoId=12079&geoType=county&view=report&reportType=detailed
12081,"Manatee County, Florida",https://cbb.census.gov/rae/#industry0=00&geoId=12081&geoType=county&view=report&reportType=detailed
12083,"Marion County, Florida",https://cbb.census.gov/rae/#industry0=00&geoId=12083&geoType=county&view=report&reportType=detailed
12085,"Martin County, Florida",https://cbb.census.gov/rae/#industry0=00&geoId=12085&geoType=county&view=report&reportType=detailed
12086,"Miami-Dade County, Florida",https://cbb.census.gov/rae/#industry0=00&geoId=12086&geoType=county&view=report&reportType=detailed
12087,"Monroe County, Florida",https://cbb.census.gov/rae/#industry0=00&geoId=12087&geoType=county&view=report&reportType=detailed
12089,"Nassau County, Florida",https://cbb.census.gov/rae/#industry0=00&geoId=12089&geoType=county&view=report&reportType=detailed
12091,"Okaloosa County, Florida",https://cbb.census.gov/rae/#industry0=00&geoId=12091&geoType=county&view=report&reportType=detailed
12093,"Okeechobee County, Florida",https://cbb.census.gov/rae/#industry0=00&geoId=12093&geoType=county&view=report&reportType=detailed
12095,"Orange County, Florida",https://cbb.census.gov/rae/#industry0=00&geoId=12095&geoType=county&view=report&reportType=detailed
12097,"Osceola County, Florida",https://cbb.census.gov/rae/#industry0=00&geoId=12097&geoType=county&view=report&reportType=detailed
12099,"Palm Beach County, Florida",https://cbb.census.gov/rae/#industry0=00&geoId=12099&geoType=county&view=report&reportType=detailed
12101,"Pasco County, Florida",https://cbb.census.gov/rae/#industry0=00&geoId=12101&geoType=county&view=report&reportType=detailed
12103,"Pinellas County, Florida",https://cbb.census.gov/rae/#industry0=00&geoId=12103&geoType=county&view=report&reportType=detailed
12105,"Polk County, Florida",https://cbb.census.gov/rae/#industry0=00&geoId=12105&geoType=county&view=report&reportType=detailed
12107,"Putnam County, Florida",https://cbb.census.gov/rae/#industry0=00&geoId=12107&geoType=county&view=report&reportType=detailed
12109,"St. Johns County, Florida",https://cbb.census.gov/rae/#industry0=00&geoId=12109&geoType=county&view=report&reportType=detailed
12111,"St. Lucie County, Florida",https://cbb.census.gov/rae/#industry0=00&geoId=12111&geoType=county&view=report&reportType=detailed
12113,"Santa Rosa County, Florida",https://cbb.census.gov/rae/#industry0=00&geoId=12113&geoType=county&view=report&reportType=detailed
12115,"Sarasota County, Florida",https://cbb.census.gov/rae/#industry0=00&geoId=12115&geoType=county&view=report&reportType=detailed
12117,"Seminole County, Florida",https://cbb.census.gov/rae/#industry0=00&geoId=12117&geoType=county&view=report&reportType=detailed
12119,"Sumter County, Florida",https://cbb.census.gov/rae/#industry0=00&geoId=12119&geoType=county&view=report&reportType=detailed
12121,"Suwannee County, Florida",https://cbb.census.gov/rae/#industry0=00&geoId=12121&geoType=county&view=report&reportType=detailed
12123,"Taylor County, Florida",https://cbb.census.gov/rae/#industry0=00&geoId=12123&geoType=county&view=report&reportType=detailed
12125,"Union County, Florida",https://cbb.census.gov/rae/#industry0=00&geoId=12125&geoType=county&view=report&reportType=detailed
12127,"Volusia County, Florida",https://cbb.census.gov/rae/#industry0=00&geoId=12127&geoType=county&view=report&reportType=detailed
12129,"Wakulla County, Florida",https://cbb.census.gov/rae/#industry0=00&geoId=12129&geoType=county&view=report&reportType=detailed
12131,"Walton County, Florida",https://cbb.census.gov/rae/#industry0=00&geoId=12131&geoType=county&view=report&reportType=detailed
12133,"Washington County, Florida",https://cbb.census.gov/rae/#industry0=00&geoId=12133&geoType=county&view=report&reportType=detailed
13,Georgia,https://cbb.census.gov/rae/#industry0=00&geoId=13&geoType=state&view=report&reportType=detailed
13001,"Appling County, Georgia",https://cbb.census.gov/rae/#industry0=00&geoId=13001&geoType=county&view=report&reportType=detailed
13003,"Atkinson County, Georgia",https://cbb.census.gov/rae/#industry0=00&geoId=13003&geoType=county&view=report&reportType=detailed
13005,"Bacon County, Georgia",https://cbb.census.gov/rae/#industry0=00&geoId=13005&geoType=county&view=report&reportType=detailed
13007,"Baker County, Georgia",https://cbb.census.gov/rae/#industry0=00&geoId=13007&geoType=county&view=report&reportType=detailed
13009,"Baldwin County, Georgia",https://cbb.census.gov/rae/#industry0=00&geoId=13009&geoType=county&view=report&reportType=detailed
13011,"Banks County, Georgia",https://cbb.census.gov/rae/#industry0=00&geoId=13011&geoType=county&view=report&reportType=detailed
13013,"Barrow County, Georgia",https://cbb.census.gov/rae/#industry0=00&geoId=13013&geoType=county&view=report&reportType=detailed
13015,"Bartow County, Georgia",https://cbb.census.gov/rae/#industry0=00&geoId=13015&geoType=county&view=report&reportType=detailed
13017,"Ben Hill County, Georgia",https://cbb.census.gov/rae/#industry0=00&geoId=13017&geoType=county&view=report&reportType=detailed
13019,"Berrien County, Georgia",https://cbb.census.gov/rae/#industry0=00&geoId=13019&geoType=county&view=report&reportType=detailed
13021,"Bibb County, Georgia",https://cbb.census.gov/rae/#industry0=00&geoId=13021&geoType=county&view=report&reportType=detailed
13023,"Bleckley County, Georgia",https://cbb.census.gov/rae/#industry0=00&geoId=13023&geoType=county&view=report&reportType=detailed
13025,"Brantley County, Georgia",https://cbb.census.gov/rae/#industry0=00&geoId=13025&geoType=county&view=report&reportType=detailed
13027,"Brooks County, Georgia",https://cbb.census.gov/rae/#industry0=00&geoId=13027&geoType=county&view=report&reportType=detailed
13029,"Bryan County, Georgia",https://cbb.census.gov/rae/#industry0=00&geoId=13029&geoType=county&view=report&reportType=detailed
13031,"Bulloch County, Georgia",https://cbb.census.gov/rae/#industry0=00&geoId=13031&geoType=county&view=report&reportType=detailed
13033,"Burke County, Georgia",https://cbb.census.gov/rae/#industry0=00&geoId=13033&geoType=county&view=report&reportType=detailed
13035,"Butts County, Georgia",https://cbb.census.gov/rae/#industry0=00&geoId=13035&geoType=county&view=report&reportType=detailed
13037,"Calhoun County, Georgia",https://cbb.census.gov/rae/#industry0=00&geoId=13037&geoType=county&view=report&reportType=detailed
13039,"Camden County, Georgia",https://cbb.census.gov/rae/#industry0=00&geoId=13039&geoType=county&view=report&reportType=detailed
13043,"Candler County, Georgia",https://cbb.census.gov/rae/#industry0=00&geoId=13043&geoType=county&view=report&reportType=detailed
13045,"Carroll County, Georgia",https://cbb.census.gov/rae/#industry0=00&geoId=13045&geoType=county&view=report&reportType=detailed
13047,"Catoosa County, Georgia",https://cbb.census.gov/rae/#industry0=00&geoId=13047&geoType=county&view=report&reportType=detailed
13049,"Charlton County, Georgia",https://cbb.census.gov/rae/#industry0=00&geoId=13049&geoType=county&view=report&reportType=detailed
13051,"Chatham County, Georgia",https://cbb.census.gov/rae/#industry0=00&geoId=13051&geoType=county&view=report&reportType=detailed
13053,"Chattahoochee County, Georgia",https://cbb.census.gov/rae/#industry0=00&geoId=13053&geoType=county&view=report&reportType=detailed
13055,"Chattooga County, Georgia",https://cbb.census.gov/rae/#industry0=00&geoId=13055&geoType=county&view=report&reportType=detailed
13057,"Cherokee County, Georgia",https://cbb.census.gov/rae/#industry0=00&geoId=13057&geoType=county&view=report&reportType=detailed
13059,"Clarke County, Georgia",https://cbb.census.gov/rae/#industry0=00&geoId=13059&geoType=county&view=report&reportType=detailed
13061,"Clay County, Georgia",https://cbb.census.gov/rae/#industry0=00&geoId=13061&geoType=county&view=report&reportType=detailed
13063,"Clayton County, Georgia",https://cbb.census.gov/rae/#industry0=00&geoId=13063&geoType=county&view=report&reportType=detailed
13065,"Clinch County, Georgia",https://cbb.census.gov/rae/#industry0=00&geoId=13065&geoType=county&view=report&reportType=detailed
13067,"Cobb County, Georgia",https://cbb.census.gov/rae/#industry0=00&geoId=13067&geoType=county&view=report&reportType=detailed
13069,"Coffee County, Georgia",https://cbb.census.gov/rae/#industry0=00&geoId=13069&geoType=county&view=report&reportType=detailed
13071,"Colquitt County, Georgia",https://cbb.census.gov/rae/#industry0=00&geoId=13071&geoType=county&view=report&reportType=detailed
13073,"Columbia County, Georgia",https://cbb.census.gov/rae/#industry0=00&geoId=13073&geoType=county&view=report&reportType=detailed
13075,"Cook County, Georgia",https://cbb.census.gov/rae/#industry0=00&geoId=13075&geoType=county&view=report&reportType=detailed
13077,"Coweta County, Georgia",https://cbb.census.gov/rae/#industry0=00&geoId=13077&geoType=county&view=report&reportType=detailed
13079,"Crawford County, Georgia",https://cbb.census.gov/rae/#industry0=00&geoId=13079&geoType=county&view=report&reportType=detailed
13081,"Crisp County, Georgia",https://cbb.census.gov/rae/#industry0=00&geoId=13081&geoType=county&view=report&reportType=detailed
13083,"Dade County, Georgia",https://cbb.census.gov/rae/#industry0=00&geoId=13083&geoType=county&view=report&reportType=detailed
13085,"Dawson County, Georgia",https://cbb.census.gov/rae/#industry0=00&geoId=13085&geoType=county&view=report&reportType=detailed
13087,"Decatur County, Georgia",https://cbb.census.gov/rae/#industry0=00&geoId=13087&geoType=county&view=report&reportType=detailed
13089,"DeKalb County, Georgia",https://cbb.census.gov/rae/#industry0=00&geoId=13089&geoType=county&view=report&reportType=detailed
13091,"Dodge County, Georgia",https://cbb.census.gov/rae/#industry0=00&geoId=13091&geoType=county&view=report&reportType=detailed
13093,"Dooly County, Georgia",https://cbb.census.gov/rae/#industry0=00&geoId=13093&geoType=county&view=report&reportType=detailed
13095,"Dougherty County, Georgia",https://cbb.census.gov/rae/#industry0=00&geoId=13095&geoType=county&view=report&reportType=detailed
13097,"Douglas County, Georgia",https://cbb.census.gov/rae/#industry0=00&geoId=13097&geoType=county&view=report&reportType=detailed
13099,"Early County, Georgia",https://cbb.census.gov/rae/#industry0=00&geoId=13099&geoType=county&view=report&reportType=detailed
13101,"Echols County, Georgia",https://cbb.census.gov/rae/#industry0=00&geoId=13101&geoType=county&view=report&reportType=detailed
13103,"Effingham County, Georgia",https://cbb.census.gov/rae/#industry0=00&geoId=13103&geoType=county&view=report&reportType=detailed
13105,"Elbert County, Georgia",https://cbb.census.gov/rae/#industry0=00&geoId=13105&geoType=county&view=report&reportType=detailed
13107,"Emanuel County, Georgia",https://cbb.census.gov/rae/#industry0=00&geoId=13107&geoType=county&view=report&reportType=detailed
13109,"Evans County, Georgia",https://cbb.census.gov/rae/#industry0=00&geoId=13109&geoType=county&view=report&reportType=detailed
13111,"Fannin County, Georgia",https://cbb.census.gov/rae/#industry0=00&geoId=13111&geoType=county&view=report&reportType=detailed
13113,"Fayette County, Georgia",https://cbb.census.gov/rae/#industry0=00&geoId=13113&geoType=county&view=report&reportType=detailed
13115,"Floyd County, Georgia",https://cbb.census.gov/rae/#industry0=00&geoId=13115&geoType=county&view=report&reportType=detailed
13117,"Forsyth County, Georgia",https://cbb.census.gov/rae/#industry0=00&geoId=13117&geoType=county&view=report&reportType=detailed
13119,"Franklin County, Georgia",https://cbb.census.gov/rae/#industry0=00&geoId=13119&geoType=county&view=report&reportType=detailed
13121,"Fulton County, Georgia",https://cbb.census.gov/rae/#industry0=00&geoId=13121&geoType=county&view=report&reportType=detailed
13123,"Gilmer County, Georgia",https://cbb.census.gov/rae/#industry0=00&geoId=13123&geoType=county&view=report&reportType=detailed
13125,"Glascock County, Georgia",https://cbb.census.gov/rae/#industry0=00&geoId=13125&geoType=county&view=report&reportType=detailed
13127,"Glynn County, Georgia",https://cbb.census.gov/rae/#industry0=00&geoId=13127&geoType=county&view=report&reportType=detailed
13129,"Gordon County, Georgia",https://cbb.census.gov/rae/#industry0=00&geoId=13129&geoType=county&view=report&reportType=detailed
13131,"Grady County, Georgia",https://cbb.census.gov/rae/#industry0=00&geoId=13131&geoType=county&view=report&reportType=detailed
13133,"Greene County, Georgia",https://cbb.census.gov/rae/#industry0=00&geoId=13133&geoType=county&view=report&reportType=detailed
13135,"Gwinnett County, Georgia",https://cbb.census.gov/rae/#industry0=00&geoId=13135&geoType=county&view=report&reportType=detailed
13137,"Habersham County, Georgia",https://cbb.census.gov/rae/#industry0=00&geoId=13137&geoType=county&view=report&reportType=detailed
13139,"Hall County, Georgia",https://cbb.census.gov/rae/#industry0=00&geoId=13139&geoType=county&view=report&reportType=detailed
13141,"Hancock County, Georgia",https://cbb.census.gov/rae/#industry0=00&geoId=13141&geoType=county&view=report&reportType=detailed
13143,"Haralson County, Georgia",https://cbb.census.gov/rae/#industry0=00&geoId=13143&geoType=county&view=report&reportType=detailed
13145,"Harris County, Georgia",https://cbb.census.gov/rae/#industry0=00&geoId=13145&geoType=county&view=report&reportType=detailed
13147,"Hart County, Georgia",https://cbb.census.gov/rae/#industry0=00&geoId=13147&geoType=county&view=report&reportType=detailed
13149,"Heard County, Georgia",https://cbb.census.gov/rae/#industry0=00&geoId=13149&geoType=county&view=report&reportType=detailed
13151,"Henry County, Georgia",https://cbb.census.gov/rae/#industry0=00&geoId=13151&geoType=county&view=report&reportType=detailed
13153,"Houston County, Georgia",https://cbb.census.gov/rae/#industry0=00&geoId=13153&geoType=county&view=report&reportType=detailed
13155,"Irwin County, Georgia",https://cbb.census.gov/rae/#industry0=00&geoId=13155&geoType=county&view=report&reportType=detailed
13157,"Jackson County, Georgia",https://cbb.census.gov/rae/#industry0=00&geoId=13157&geoType=county&view=report&reportType=detailed
13159,"Jasper County, Georgia",https://cbb.census.gov/rae/#industry0=00&geoId=13159&geoType=county&view=report&reportType=detailed
13161,"Jeff Davis County, Georgia",https://cbb.census.gov/rae/#industry0=00&geoId=13161&geoType=county&view=report&reportType=detailed
13163,"Jefferson County, Georgia",https://cbb.census.gov/rae/#industry0=00&geoId=13163&geoType=county&view=report&reportType=detailed
13165,"Jenkins County, Georgia",https://cbb.census.gov/rae/#industry0=00&geoId=13165&geoType=county&view=report&reportType=detailed
13167,"Johnson County, Georgia",https://cbb.census.gov/rae/#industry0=00&geoId=13167&geoType=county&view=report&reportType=detailed
13169,"Jones County, Georgia",https://cbb.census.gov/rae/#industry0=00&geoId=13169&geoType=county&view=report&reportType=detailed
13171,"Lamar County, Georgia",https://cbb.census.gov/rae/#industry0=00&geoId=13171&geoType=county&view=report&reportType=detailed
13173,"Lanier County, Georgia",https://cbb.census.gov/rae/#industry0=00&geoId=13173&geoType=county&view=report&reportType=detailed
13175,"Laurens County, Georgia",https://cbb.census.gov/rae/#industry0=00&geoId=13175&geoType=county&view=report&reportType=detailed
13177,"Lee County, Georgia",https://cbb.census.gov/rae/#industry0=00&geoId=13177&geoType=county&view=report&reportType=detailed
13179,"Liberty County, Georgia",https://cbb.census.gov/rae/#industry0=00&geoId=13179&geoType=county&view=report&reportType=detailed
13181,"Lincoln County, Georgia",https://cbb.census.gov/rae/#industry0=00&geoId=13181&geoType=county&view=report&reportType=detailed
13183,"Long County, Georgia",https://cbb.census.gov/rae/#industry0=00&geoId=13183&geoType=county&view=report&reportType=detailed
13185,"Lowndes County, Georgia",https://cbb.census.gov/rae/#industry0=00&geoId=13185&geoType=county&view=report&reportType=detailed
13187,"Lumpkin County, Georgia",https://cbb.census.gov/rae/#industry0=00&geoId=13187&geoType=county&view=report&reportType=detailed
13189,"McDuffie County, Georgia",https://cbb.census.gov/rae/#industry0=00&geoId=13189&geoType=county&view=report&reportType=detailed
13191,"McIntosh County, Georgia",https://cbb.census.gov/rae/#industry0=00&geoId=13191&geoType=county&view=report&reportType=detailed
13193,"Macon County, Georgia",https://cbb.census.gov/rae/#industry0=00&geoId=13193&geoType=county&view=report&reportType=detailed
13195,"Madison County, Georgia",https://cbb.census.gov/rae/#industry0=00&geoId=13195&geoType=county&view=report&reportType=detailed
13197,"Marion County, Georgia",https://cbb.census.gov/rae/#industry0=00&geoId=13197&geoType=county&view=report&reportType=detailed
13199,"Meriwether County, Georgia",https://cbb.census.gov/rae/#industry0=00&geoId=13199&geoType=county&view=report&reportType=detailed
13201,"Miller County, Georgia",https://cbb.census.gov/rae/#industry0=00&geoId=13201&geoType=county&view=report&reportType=detailed
13205,"Mitchell County, Georgia",https://cbb.census.gov/rae/#industry0=00&geoId=13205&geoType=county&view=report&reportType=detailed
13207,"Monroe County, Georgia",https://cbb.census.gov/rae/#industry0=00&geoId=13207&geoType=county&view=report&reportType=detailed
13209,"Montgomery County, Georgia",https://cbb.census.gov/rae/#industry0=00&geoId=13209&geoType=county&view=report&reportType=detailed
13211,"Morgan County, Georgia",https://cbb.census.gov/rae/#industry0=00&geoId=13211&geoType=county&view=report&reportType=detailed
13213,"Murray County, Georgia",https://cbb.census.gov/rae/#industry0=00&geoId=13213&geoType=county&view=report&reportType=detailed
13215,"Muscogee County, Georgia",https://cbb.census.gov/rae/#industry0=00&geoId=13215&geoType=county&view=report&reportType=detailed
13217,"Newton County, Georgia",https://cbb.census.gov/rae/#industry0=00&geoId=13217&geoType=county&view=report&reportType=detailed
13219,"Oconee County, Georgia",https://cbb.census.gov/rae/#industry0=00&geoId=13219&geoType=county&view=report&reportType=detailed
13221,"Oglethorpe County, Georgia",https://cbb.census.gov/rae/#industry0=00&geoId=13221&geoType=county&view=report&reportType=detailed
13223,"Paulding County, Georgia",https://cbb.census.gov/rae/#industry0=00&geoId=13223&geoType=county&view=report&reportType=detailed
13225,"Peach County, Georgia",https://cbb.census.gov/rae/#industry0=00&geoId=13225&geoType=county&view=report&reportType=detailed
13227,"Pickens County, Georgia",https://cbb.census.gov/rae/#industry0=00&geoId=13227&geoType=county&view=report&reportType=detailed
13229,"Pierce County, Georgia",https://cbb.census.gov/rae/#industry0=00&geoId=13229&geoType=county&view=report&reportType=detailed
13231,"Pike County, Georgia",https://cbb.census.gov/rae/#industry0=00&geoId=13231&geoType=county&view=report&reportType=detailed
13233,"Polk County, Georgia",https://cbb.census.gov/rae/#industry0=00&geoId=13233&geoType=county&view=report&reportType=detailed
13235,"Pulaski County, Georgia",https://cbb.census.gov/rae/#industry0=00&geoId=13235&geoType=county&view=report&reportType=detailed
13237,"Putnam County, Georgia",https://cbb.census.gov/rae/#industry0=00&geoId=13237&geoType=county&view=report&reportType=detailed
13239,"Quitman County, Georgia",https://cbb.census.gov/rae/#industry0=00&geoId=13239&geoType=county&view=report&reportType=detailed
13241,"Rabun County, Georgia",https://cbb.census.gov/rae/#industry0=00&geoId=13241&geoType=county&view=report&reportType=detailed
13243,"Randolph County, Georgia",https://cbb.census.gov/rae/#industry0=00&geoId=13243&geoType=county&view=report&reportType=detailed
13245,"Richmond County, Georgia",https://cbb.census.gov/rae/#industry0=00&geoId=13245&geoType=county&view=report&reportType=detailed
13247,"Rockdale County, Georgia",https://cbb.census.gov/rae/#industry0=00&geoId=13247&geoType=county&view=report&reportType=detailed
13249,"Schley County, Georgia",https://cbb.census.gov/rae/#industry0=00&geoId=13249&geoType=county&view=report&reportType=detailed
13251,"Screven County, Georgia",https://cbb.census.gov/rae/#industry0=00&geoId=13251&geoType=county&view=report&reportType=detailed
13253,"Seminole County, Georgia",https://cbb.census.gov/rae/#industry0=00&geoId=13253&geoType=county&view=report&reportType=detailed
13255,"Spalding County, Georgia",https://cbb.census.gov/rae/#industry0=00&geoId=13255&geoType=county&view=report&reportType=detailed
13257,"Stephens County, Georgia",https://cbb.census.gov/rae/#industry0=00&geoId=13257&geoType=county&view=report&reportType=detailed
13259,"Stewart County, Georgia",https://cbb.census.gov/rae/#industry0=00&geoId=13259&geoType=county&view=report&reportType=detailed
13261,"Sumter County, Georgia",https://cbb.census.gov/rae/#industry0=00&geoId=13261&geoType=county&view=report&reportType=detailed
13263,"Talbot County, Georgia",https://cbb.census.gov/rae/#industry0=00&geoId=13263&geoType=county&view=report&reportType=detailed
13265,"Taliaferro County, Georgia",https://cbb.census.gov/rae/#industry0=00&geoId=13265&geoType=county&view=report&reportType=detailed
13267,"Tattnall County, Georgia",https://cbb.census.gov/rae/#industry0=00&geoId=13267&geoType=county&view=report&reportType=detailed
13269,"Taylor County, Georgia",https://cbb.census.gov/rae/#industry0=00&geoId=13269&geoType=county&view=report&reportType=detailed
13271,"Telfair County, Georgia",https://cbb.census.gov/rae/#industry0=00&geoId=13271&geoType=county&view=report&reportType=detailed
13273,"Terrell County, Georgia",https://cbb.census.gov/rae/#industry0=00&geoId=13273&geoType=county&view=report&reportType=detailed
13275,"Thomas County, Georgia",https://cbb.census.gov/rae/#industry0=00&geoId=13275&geoType=county&view=report&reportType=detailed
13277,"Tift County, Georgia",https://cbb.census.gov/rae/#industry0=00&geoId=13277&geoType=county&view=report&reportType=detailed
13279,"Toombs County, Georgia",https://cbb.census.gov/rae/#industry0=00&geoId=13279&geoType=county&view=report&reportType=detailed
13281,"Towns County, Georgia",https://cbb.census.gov/rae/#industry0=00&geoId=13281&geoType=county&view=report&reportType=detailed
13283,"Treutlen County, Georgia",https://cbb.census.gov/rae/#industry0=00&geoId=13283&geoType=county&view=report&reportType=detailed
13285,"Troup County, Georgia",https://cbb.census.gov/rae/#industry0=00&geoId=13285&geoType=county&view=report&reportType=detailed
13287,"Turner County, Georgia",https://cbb.census.gov/rae/#industry0=00&geoId=13287&geoType=county&view=report&reportType=detailed
13289,"Twiggs County, Georgia",https://cbb.census.gov/rae/#industry0=00&geoId=13289&geoType=county&view=report&reportType=detailed
13291,"Union County, Georgia",https://cbb.census.gov/rae/#industry0=00&geoId=13291&geoType=county&view=report&reportType=detailed
13293,"Upson County, Georgia",https://cbb.census.gov/rae/#industry0=00&geoId=13293&geoType=county&view=report&reportType=detailed
13295,"Walker County, Georgia",https://cbb.census.gov/rae/#industry0=00&geoId=13295&geoType=county&view=report&reportType=detailed
13297,"Walton County, Georgia",https://cbb.census.gov/rae/#industry0=00&geoId=13297&geoType=county&view=report&reportType=detailed
13299,"Ware County, Georgia",https://cbb.census.gov/rae/#industry0=00&geoId=13299&geoType=county&view=report&reportType=detailed
13301,"Warren County, Georgia",https://cbb.census.gov/rae/#industry0=00&geoId=13301&geoType=county&view=report&reportType=detailed
13303,"Washington County, Georgia",https://cbb.census.gov/rae/#industry0=00&geoId=13303&geoType=county&view=report&reportType=detailed
13305,"Wayne County, Georgia",https://cbb.census.gov/rae/#industry0=00&geoId=13305&geoType=county&view=report&reportType=detailed
13307,"Webster County, Georgia",https://cbb.census.gov/rae/#industry0=00&geoId=13307&geoType=county&view=report&reportType=detailed
13309,"Wheeler County, Georgia",https://cbb.census.gov/rae/#industry0=00&geoId=13309&geoType=county&view=report&reportType=detailed
13311,"White County, Georgia",https://cbb.census.gov/rae/#industry0=00&geoId=13311&geoType=county&view=report&reportType=detailed
13313,"Whitfield County, Georgia",https://cbb.census.gov/rae/#industry0=00&geoId=13313&geoType=county&view=report&reportType=detailed
13315,"Wilcox County, Georgia",https://cbb.census.gov/rae/#industry0=00&geoId=13315&geoType=county&view=report&reportType=detailed
13317,"Wilkes County, Georgia",https://cbb.census.gov/rae/#industry0=00&geoId=13317&geoType=county&view=report&reportType=detailed
13319,"Wilkinson County, Georgia",https://cbb.census.gov/rae/#industry0=00&geoId=13319&geoType=county&view=report&reportType=detailed
13321,"Worth County, Georgia",https://cbb.census.gov/rae/#industry0=00&geoId=13321&geoType=county&view=report&reportType=detailed
15,Hawaii,https://cbb.census.gov/rae/#industry0=00&geoId=15&geoType=state&view=report&reportType=detailed
15001,"Hawaii County, Hawaii",https://cbb.census.gov/rae/#industry0=00&geoId=15001&geoType=county&view=report&reportType=detailed
15003,"Honolulu County, Hawaii",https://cbb.census.gov/rae/#industry0=00&geoId=15003&geoType=county&view=report&reportType=detailed
15005,"Kalawao County, Hawaii",https://cbb.census.gov/rae/#industry0=00&geoId=15005&geoType=county&view=report&reportType=detailed
15007,"Kauai County, Hawaii",https://cbb.census.gov/rae/#industry0=00&geoId=15007&geoType=county&view=report&reportType=detailed
15009,"Maui County, Hawaii",https://cbb.census.gov/rae/#industry0=00&geoId=15009&geoType=county&view=report&reportType=detailed
16,Idaho,https://cbb.census.gov/rae/#industry0=00&geoId=16&geoType=state&view=report&reportType=detailed
16001,"Ada County, Idaho",https://cbb.census.gov/rae/#industry0=00&geoId=16001&geoType=county&view=report&reportType=detailed
16003,"Adams County, Idaho",https://cbb.census.gov/rae/#industry0=00&geoId=16003&geoType=county&view=report&reportType=detailed
16005,"Bannock County, Idaho",https://cbb.census.gov/rae/#industry0=00&geoId=16005&geoType=county&view=report&reportType=detailed
16007,"Bear Lake County, Idaho",https://cbb.census.gov/rae/#industry0=00&geoId=16007&geoType=county&view=report&reportType=detailed
16009,"Benewah County, Idaho",https://cbb.census.gov/rae/#industry0=00&geoId=16009&geoType=county&view=report&reportType=detailed
16011,"Bingham County, Idaho",https://cbb.census.gov/rae/#industry0=00&geoId=16011&geoType=county&view=report&reportType=detailed
16013,"Blaine County, Idaho",https://cbb.census.gov/rae/#industry0=00&geoId=16013&geoType=county&view=report&reportType=detailed
16015,"Boise County, Idaho",https://cbb.census.gov/rae/#industry0=00&geoId=16015&geoType=county&view=report&reportType=detailed
16017,"Bonner County, Idaho",https://cbb.census.gov/rae/#industry0=00&geoId=16017&geoType=county&view=report&reportType=detailed
16019,"Bonneville County, Idaho",https://cbb.census.gov/rae/#industry0=00&geoId=16019&geoType=county&view=report&reportType=detailed
16021,"Boundary County, Idaho",https://cbb.census.gov/rae/#industry0=00&geoId=16021&geoType=county&view=report&reportType=detailed
16023,"Butte County, Idaho",https://cbb.census.gov/rae/#industry0=00&geoId=16023&geoType=county&view=report&reportType=detailed
16025,"Camas County, Idaho",https://cbb.census.gov/rae/#industry0=00&geoId=16025&geoType=county&view=report&reportType=detailed
16027,"Canyon County, Idaho",https://cbb.census.gov/rae/#industry0=00&geoId=16027&geoType=county&view=report&reportType=detailed
16029,"Caribou County, Idaho",https://cbb.census.gov/rae/#industry0=00&geoId=16029&geoType=county&view=report&reportType=detailed
16031,"Cassia County, Idaho",https://cbb.census.gov/rae/#industry0=00&geoId=16031&geoType=county&view=report&reportType=detailed
16033,"Clark County, Idaho",https://cbb.census.gov/rae/#industry0=00&geoId=16033&geoType=county&view=report&reportType=detailed
16035,"Clearwater County, Idaho",https://cbb.census.gov/rae/#industry0=00&geoId=16035&geoType=county&view=report&reportType=detailed
16037,"Custer County, Idaho",https://cbb.census.gov/rae/#industry0=00&geoId=16037&geoType=county&view=report&reportType=detailed
16039,"Elmore County, Idaho",https://cbb.census.gov/rae/#industry0=00&geoId=16039&geoType=county&view=report&reportType=detailed
16041,"Franklin County, Idaho",https://cbb.census.gov/rae/#industry0=00&geoId=16041&geoType=county&view=report&reportType=detailed
16043,"Fremont County, Idaho",https://cbb.census.gov/rae/#industry0=00&geoId=16043&geoType=county&view=report&reportType=detailed
16045,"Gem County, Idaho",https://cbb.census.gov/rae/#industry0=00&geoId=16045&geoType=county&view=report&reportType=detailed
16047,"Gooding County, Idaho",https://cbb.census.gov/rae/#industry0=00&geoId=16047&geoType=county&view=report&reportType=detailed
16049,"Idaho County, Idaho",https://cbb.census.gov/rae/#industry0=00&geoId=16049&geoType=county&view=report&reportType=detailed
16051,"Jefferson County, Idaho",https://cbb.census.gov/rae/#industry0=00&geoId=16051&geoType=county&view=report&reportType=detailed
16053,"Jerome County, Idaho",https://cbb.census.gov/rae/#industry0=00&geoId=16053&geoType=county&view=report&reportType=detailed
16055,"Kootenai County, Idaho",https://cbb.census.gov/rae/#industry0=00&geoId=16055&geoType=county&view=report&reportType=detailed
16057,"Latah County, Idaho",https://cbb.census.gov/rae/#industry0=00&geoId=16057&geoType=county&view=report&reportType=detailed
16059,"Lemhi County, Idaho",https://cbb.census.gov/rae/#industry0=00&geoId=16059&geoType=county&view=report&reportType=detailed
16061,"Lewis County, Idaho",https://cbb.census.gov/rae/#industry0=00&geoId=16061&geoType=county&view=report&reportType=detailed
16063,"Lincoln County, Idaho",https://cbb.census.gov/rae/#industry0=00&geoId=16063&geoType=county&view=report&reportType=detailed
16065,"Madison County, Idaho",https://cbb.census.gov/rae/#industry0=00&geoId=16065&geoType=county&view=report&reportType=detailed
16067,"Minidoka County, Idaho",https://cbb.census.gov/rae/#industry0=00&geoId=16067&geoType=county&view=report&reportType=detailed
16069,"Nez Perce County, Idaho",https://cbb.census.gov/rae/#industry0=00&geoId=16069&geoType=county&view=report&reportType=detailed
16071,"Oneida County, Idaho",https://cbb.census.gov/rae/#industry0=00&geoId=16071&geoType=county&view=report&reportType=detailed
16073,"Owyhee County, Idaho",https://cbb.census.gov/rae/#industry0=00&geoId=16073&geoType=county&view=report&reportType=detailed
16075,"Payette County, Idaho",https://cbb.census.gov/rae/#industry0=00&geoId=16075&geoType=county&view=report&reportType=detailed
16077,"Power County, Idaho",https://cbb.census.gov/rae/#industry0=00&geoId=16077&geoType=county&view=report&reportType=detailed
16079,"Shoshone County, Idaho",https://cbb.census.gov/rae/#industry0=00&geoId=16079&geoType=county&view=report&reportType=detailed
16081,"Teton County, Idaho",https://cbb.census.gov/rae/#industry0=00&geoId=16081&geoType=county&view=report&reportType=detailed
16083,"Twin Falls County, Idaho",https://cbb.census.gov/rae/#industry0=00&geoId=16083&geoType=county&view=report&reportType=detailed
16085,"Valley County, Idaho",https://cbb.census.gov/rae/#industry0=00&geoId=16085&geoType=county&view=report&reportType=detailed
16087,"Washington County, Idaho",https://cbb.census.gov/rae/#industry0=00&geoId=16087&geoType=county&view=report&reportType=detailed
17,Illinois,https://cbb.census.gov/rae/#industry0=00&geoId=17&geoType=state&view=report&reportType=detailed
17001,"Adams County, Illinois",https://cbb.census.gov/rae/#industry0=00&geoId=17001&geoType=county&view=report&reportType=detailed
17003,"Alexander County, Illinois",https://cbb.census.gov/rae/#industry0=00&geoId=17003&geoType=county&view=report&reportType=detailed
17005,"Bond County, Illinois",https://cbb.census.gov/rae/#industry0=00&geoId=17005&geoType=county&view=report&reportType=detailed
17007,"Boone County, Illinois",https://cbb.census.gov/rae/#industry0=00&geoId=17007&geoType=county&view=report&reportType=detailed
17009,"Brown County, Illinois",https://cbb.census.gov/rae/#industry0=00&geoId=17009&geoType=county&view=report&reportType=detailed
17011,"Bureau County, Illinois",https://cbb.census.gov/rae/#industry0=00&geoId=17011&geoType=county&view=report&reportType=detailed
17013,"Calhoun County, Illinois",https://cbb.census.gov/rae/#industry0=00&geoId=17013&geoType=county&view=report&reportType=detailed
17015,"Carroll County, Illinois",https://cbb.census.gov/rae/#industry0=00&geoId=17015&geoType=county&view=report&reportType=detailed
17017,"Cass County, Illinois",https://cbb.census.gov/rae/#industry0=00&geoId=17017&geoType=county&view=report&reportType=detailed
17019,"Champaign County, Illinois",https://cbb.census.gov/rae/#industry0=00&geoId=17019&geoType=county&view=report&reportType=detailed
17021,"Christian County, Illinois",https://cbb.census.gov/rae/#industry0=00&geoId=17021&geoType=county&view=report&reportType=detailed
17023,"Clark County, Illinois",https://cbb.census.gov/rae/#industry0=00&geoId=17023&geoType=county&view=report&reportType=detailed
17025,"Clay County, Illinois",https://cbb.census.gov/rae/#industry0=00&geoId=17025&geoType=county&view=report&reportType=detailed
17027,"Clinton County, Illinois",https://cbb.census.gov/rae/#industry0=00&geoId=17027&geoType=county&view=report&reportType=detailed
17029,"Coles County, Illinois",https://cbb.census.gov/rae/#industry0=00&geoId=17029&geoType=county&view=report&reportType=detailed
17031,"Cook County, Illinois",https://cbb.census.gov/rae/#industry0=00&geoId=17031&geoType=county&view=report&reportType=detailed
17033,"Crawford County, Illinois",https://cbb.census.gov/rae/#industry0=00&geoId=17033&geoType=county&view=report&reportType=detailed
17035,"Cumberland County, Illinois",https://cbb.census.gov/rae/#industry0=00&geoId=17035&geoType=county&view=report&reportType=detailed
17037,"DeKalb County, Illinois",https://cbb.census.gov/rae/#industry0=00&geoId=17037&geoType=county&view=report&reportType=detailed
17039,"De Witt County, Illinois",https://cbb.census.gov/rae/#industry0=00&geoId=17039&geoType=county&view=report&reportType=detailed
17041,"Douglas County, Illinois",https://cbb.census.gov/rae/#industry0=00&geoId=17041&geoType=county&view=report&reportType=detailed
17043,"DuPage County, Illinois",https://cbb.census.gov/rae/#industry0=00&geoId=17043&geoType=county&view=report&reportType=detailed
17045,"Edgar County, Illinois",https://cbb.census.gov/rae/#industry0=00&geoId=17045&geoType=county&view=report&reportType=detailed
17047,"Edwards County, Illinois",https://cbb.census.gov/rae/#industry0=00&geoId=17047&geoType=county&view=report&reportType=detailed
17049,"Effingham County, Illinois",https://cbb.census.gov/rae/#industry0=00&geoId=17049&geoType=county&view=report&reportType=detailed
17051,"Fayette County, Illinois",https://cbb.census.gov/rae/#industry0=00&geoId=17051&geoType=county&view=report&reportType=detailed
17053,"Ford County, Illinois",https://cbb.census.gov/rae/#industry0=00&geoId=17053&geoType=county&view=report&reportType=detailed
17055,"Franklin County, Illinois",https://cbb.census.gov/rae/#industry0=00&geoId=17055&geoType=county&view=report&reportType=detailed
17057,"Fulton County, Illinois",https://cbb.census.gov/rae/#industry0=00&geoId=17057&geoType=county&view=report&reportType=detailed
17059,"Gallatin County, Illinois",https://cbb.census.gov/rae/#industry0=00&geoId=17059&geoType=county&view=report&reportType=detailed
17061,"Greene County, Illinois",https://cbb.census.gov/rae/#industry0=00&geoId=17061&geoType=county&view=report&reportType=detailed
17063,"Grundy County, Illinois",https://cbb.census.gov/rae/#industry0=00&geoId=17063&geoType=county&view=report&reportType=detailed
17065,"Hamilton County, Illinois",https://cbb.census.gov/rae/#industry0=00&geoId=17065&geoType=county&view=report&reportType=detailed
17067,"Hancock County, Illinois",https://cbb.census.gov/rae/#industry0=00&geoId=17067&geoType=county&view=report&reportType=detailed
17069,"Hardin County, Illinois",https://cbb.census.gov/rae/#industry0=00&geoId=17069&geoType=county&view=report&reportType=detailed
17071,"Henderson County, Illinois",https://cbb.census.gov/rae/#industry0=00&geoId=17071&geoType=county&view=report&reportType=detailed
17073,"Henry County, Illinois",https://cbb.census.gov/rae/#industry0=00&geoId=17073&geoType=county&view=report&reportType=detailed
17075,"Iroquois County, Illinois",https://cbb.census.gov/rae/#industry0=00&geoId=17075&geoType=county&view=report&reportType=detailed
17077,"Jackson County, Illinois",https://cbb.census.gov/rae/#industry0=00&geoId=17077&geoType=county&view=report&reportType=detailed
17079,"Jasper County, Illinois",https://cbb.census.gov/rae/#industry0=00&geoId=17079&geoType=county&view=report&reportType=detailed
17081,"Jefferson County, Illinois",https://cbb.census.gov/rae/#industry0=00&geoId=17081&geoType=county&view=report&reportType=detailed
17083,"Jersey County, Illinois",https://cbb.census.gov/rae/#industry0=00&geoId=17083&geoType=county&view=report&reportType=detailed
17085,"Jo Daviess County, Illinois",https://cbb.census.gov/rae/#industry0=00&geoId=17085&geoType=county&view=report&reportType=detailed
17087,"Johnson County, Illinois",https://cbb.census.gov/rae/#industry0=00&geoId=17087&geoType=county&view=report&reportType=detailed
17089,"Kane County, Illinois",https://cbb.census.gov/rae/#industry0=00&geoId=17089&geoType=county&view=report&reportType=detailed
17091,"Kankakee County, Illinois",https://cbb.census.gov/rae/#industry0=00&geoId=17091&geoType=county&view=report&reportType=detailed
17093,"Kendall County, Illinois",https://cbb.census.gov/rae/#industry0=00&geoId=17093&geoType=county&view=report&reportType=detailed
17095,"Knox County, Illinois",https://cbb.census.gov/rae/#industry0=00&geoId=17095&geoType=county&view=report&reportType=detailed
17097,"Lake County, Illinois",https://cbb.census.gov/rae/#industry0=00&geoId=17097&geoType=county&view=report&reportType=detailed
17099,"LaSalle County, Illinois",https://cbb.census.gov/rae/#industry0=00&geoId=17099&geoType=county&view=report&reportType=detailed
17101,"Lawrence County, Illinois",https://cbb.census.gov/rae/#industry0=00&geoId=17101&geoType=county&view=report&reportType=detailed
17103,"Lee County, Illinois",https://cbb.census.gov/rae/#industry0=00&geoId=17103&geoType=county&view=report&reportType=detailed
17105,"Livingston County, Illinois",https://cbb.census.gov/rae/#industry0=00&geoId=17105&geoType=county&view=report&reportType=detailed
17107,"Logan County, Illinois",https://cbb.census.gov/rae/#industry0=00&geoId=17107&geoType=county&view=report&reportType=detailed
17109,"McDonough County, Illinois",https://cbb.census.gov/rae/#industry0=00&geoId=17109&geoType=county&view=report&reportType=detailed
17111,"McHenry County, Illinois",https://cbb.census.gov/rae/#industry0=00&geoId=17111&geoType=county&view=report&reportType=detailed
17113,"McLean County, Illinois",https://cbb.census.gov/rae/#industry0=00&geoId=17113&geoType=county&view=report&reportType=detailed
17115,"Macon County, Illinois",https://cbb.census.gov/rae/#industry0=00&geoId=17115&geoType=county&view=report&reportType=detailed
17117,"Macoupin County, Illinois",https://cbb.census.gov/rae/#industry0=00&geoId=17117&geoType=county&view=report&reportType=detailed
17119,"Madison County, Illinois",https://cbb.census.gov/rae/#industry0=00&geoId=17119&geoType=county&view=report&reportType=detailed
17121,"Marion County, Illinois",https://cbb.census.gov/rae/#industry0=00&geoId=17121&geoType=county&view=report&reportType=detailed
17123,"Marshall County, Illinois",https://cbb.census.gov/rae/#industry0=00&geoId=17123&geoType=county&view=report&reportType=detailed
17125,"Mason County, Illinois",https://cbb.census.gov/rae/#industry0=00&geoId=17125&geoType=county&view=report&reportType=detailed
17127,"Massac County, Illinois",https://cbb.census.gov/rae/#industry0=00&geoId=17127&geoType=county&view=report&reportType=detailed
17129,"Menard County, Illinois",https://cbb.census.gov/rae/#industry0=00&geoId=17129&geoType=county&view=report&reportType=detailed
17131,"Mercer County, Illinois",https://cbb.census.gov/rae/#industry0=00&geoId=17131&geoType=county&view=report&reportType=detailed
17133,"Monroe County, Illinois",https://cbb.census.gov/rae/#industry0=00&geoId=17133&geoType=county&view=report&reportType=detailed
17135,"Montgomery County, Illinois",https://cbb.census.gov/rae/#industry0=00&geoId=17135&geoType=county&view=report&reportType=detailed
17137,"Morgan County, Illinois",https://cbb.census.gov/rae/#industry0=00&geoId=17137&geoType=county&view=report&reportType=detailed
17139,"Moultrie County, Illinois",https://cbb.census.gov/rae/#industry0=00&geoId=17139&geoType=county&view=report&reportType=detailed
17141,"Ogle County, Illinois",https://cbb.census.gov/rae/#industry0=00&geoId=17141&geoType=county&view=report&reportType=detailed
17143,"Peoria County, Illinois",https://cbb.census.gov/rae/#industry0=00&geoId=17143&geoType=county&view=report&reportType=detailed
17145,"Perry County, Illinois",https://cbb.census.gov/rae/#industry0=00&geoId=17145&geoType=county&view=report&reportType=detailed
17147,"Piatt County, Illinois",https://cbb.census.gov/rae/#industry0=00&geoId=17147&geoType=county&view=report&reportType=detailed
17149,"Pike County, Illinois",https://cbb.census.gov/rae/#industry0=00&geoId=17149&geoType=county&view=report&reportType=detailed
17151,"Pope County, Illinois",https://cbb.census.gov/rae/#industry0=00&geoId=17151&geoType=county&view=report&reportType=detailed
17153,"Pulaski County, Illinois",https://cbb.census.gov/rae/#industry0=00&geoId=17153&geoType=county&view=report&reportType=detailed
17155,"Putnam County, Illinois",https://cbb.census.gov/rae/#industry0=00&geoId=17155&geoType=county&view=report&reportType=detailed
17157,"Randolph County, Illinois",https://cbb.census.gov/rae/#industry0=00&geoId=17157&geoType=county&view=report&reportType=detailed
17159,"Richland County, Illinois",https://cbb.census.gov/rae/#industry0=00&geoId=17159&geoType=county&view=report&reportType=detailed
17161,"Rock Island County, Illinois",https://cbb.census.gov/rae/#industry0=00&geoId=17161&geoType=county&view=report&reportType=detailed
17163,"St. Clair County, Illinois",https://cbb.census.gov/rae/#industry0=00&geoId=17163&geoType=county&view=report&reportType=detailed
17165,"Saline County, Illinois",https://cbb.census.gov/rae/#industry0=00&geoId=17165&geoType=county&view=report&reportType=detailed
17167,"Sangamon County, Illinois",https://cbb.census.gov/rae/#industry0=00&geoId=17167&geoType=county&view=report&reportType=detailed
17169,"Schuyler County, Illinois",https://cbb.census.gov/rae/#industry0=00&geoId=17169&geoType=county&view=report&reportType=detailed
17171,"Scott County, Illinois",https://cbb.census.gov/rae/#industry0=00&geoId=17171&geoType=county&view=report&reportType=detailed
17173,"Shelby County, Illinois",https://cbb.census.gov/rae/#industry0=00&geoId=17173&geoType=county&view=report&reportType=detailed
17175,"Stark County, Illinois",https://cbb.census.gov/rae/#industry0=00&geoId=17175&geoType=county&view=report&reportType=detailed
17177,"Stephenson County, Illinois",https://cbb.census.gov/rae/#industry0=00&geoId=17177&geoType=county&view=report&reportType=detailed
17179,"Tazewell County, Illinois",https://cbb.census.gov/rae/#industry0=00&geoId=17179&geoType=county&view=report&reportType=detailed
17181,"Union County, Illinois",https://cbb.census.gov/rae/#industry0=00&geoId=17181&geoType=county&view=report&reportType=detailed
17183,"Vermilion County, Illinois",https://cbb.census.gov/rae/#industry0=00&geoId=17183&geoType=county&view=report&reportType=detailed
17185,"Wabash County, Illinois",https://cbb.census.gov/rae/#industry0=00&geoId=17185&geoType=county&view=report&reportType=detailed
17187,"Warren County, Illinois",https://cbb.census.gov/rae/#industry0=00&geoId=17187&geoType=county&view=report&reportType=detailed
17189,"Washington County, Illinois",https://cbb.census.gov/rae/#industry0=00&geoId=17189&geoType=county&view=report&reportType=detailed
17191,"Wayne County, Illinois",https://cbb.census.gov/rae/#industry0=00&geoId=17191&geoType=county&view=report&reportType=detailed
17193,"White County, Illinois",https://cbb.census.gov/rae/#industry0=00&geoId=17193&geoType=county&view=report&reportType=detailed
17195,"Whiteside County, Illinois",https://cbb.census.gov/rae/#industry0=00&geoId=17195&geoType=county&view=report&reportType=detailed
17197,"Will County, Illinois",https://cbb.census.gov/rae/#industry0=00&geoId=17197&geoType=county&view=report&reportType=detailed
17199,"Williamson County, Illinois",https://cbb.census.gov/rae/#industry0=00&geoId=17199&geoType=county&view=report&reportType=detailed
17201,"Winnebago County, Illinois",https://cbb.census.gov/rae/#industry0=00&geoId=17201&geoType=county&view=report&reportType=detailed
17203,"Woodford County, Illinois",https://cbb.census.gov/rae/#industry0=00&geoId=17203&geoType=county&view=report&reportType=detailed
18,Indiana,https://cbb.census.gov/rae/#industry0=00&geoId=18&geoType=state&view=report&reportType=detailed
18001,"Adams County, Indiana",https://cbb.census.gov/rae/#industry0=00&geoId=18001&geoType=county&view=report&reportType=detailed
18003,"Allen County, Indiana",https://cbb.census.gov/rae/#industry0=00&geoId=18003&geoType=county&view=report&reportType=detailed
18005,"Bartholomew County, Indiana",https://cbb.census.gov/rae/#industry0=00&geoId=18005&geoType=county&view=report&reportType=detailed
18007,"Benton County, Indiana",https://cbb.census.gov/rae/#industry0=00&geoId=18007&geoType=county&view=report&reportType=detailed
18009,"Blackford County, Indiana",https://cbb.census.gov/rae/#industry0=00&geoId=18009&geoType=county&view=report&reportType=detailed
18011,"Boone County, Indiana",https://cbb.census.gov/rae/#industry0=00&geoId=18011&geoType=county&view=report&reportType=detailed
18013,"Brown County, Indiana",https://cbb.census.gov/rae/#industry0=00&geoId=18013&geoType=county&view=report&reportType=detailed
18015,"Carroll County, Indiana",https://cbb.census.gov/rae/#industry0=00&geoId=18015&geoType=county&view=report&reportType=detailed
18017,"Cass County, Indiana",https://cbb.census.gov/rae/#industry0=00&geoId=18017&geoType=county&view=report&reportType=detailed
18019,"Clark County, Indiana",https://cbb.census.gov/rae/#industry0=00&geoId=18019&geoType=county&view=report&reportType=detailed
18021,"Clay County, Indiana",https://cbb.census.gov/rae/#industry0=00&geoId=18021&geoType=county&view=report&reportType=detailed
18023,"Clinton County, Indiana",https://cbb.census.gov/rae/#industry0=00&geoId=18023&geoType=county&view=report&reportType=detailed
18025,"Crawford County, Indiana",https://cbb.census.gov/rae/#industry0=00&geoId=18025&geoType=county&view=report&reportType=detailed
18027,"Daviess County, Indiana",https://cbb.census.gov/rae/#industry0=00&geoId=18027&geoType=county&view=report&reportType=detailed
18029,"Dearborn County, Indiana",https://cbb.census.gov/rae/#industry0=00&geoId=18029&geoType=county&view=report&reportType=detailed
18031,"Decatur County, Indiana",https://cbb.census.gov/rae/#industry0=00&geoId=18031&geoType=county&view=report&reportType=detailed
18033,"DeKalb County, Indiana",https://cbb.census.gov/rae/#industry0=00&geoId=18033&geoType=county&view=report&reportType=detailed
18035,"Delaware County, Indiana",https://cbb.census.gov/rae/#industry0=00&geoId=18035&geoType=county&view=report&reportType=detailed
18037,"Dubois County, Indiana",https://cbb.census.gov/rae/#industry0=00&geoId=18037&geoType=county&view=report&reportType=detailed
18039,"Elkhart County, Indiana",https://cbb.census.gov/rae/#industry0=00&geoId=18039&geoType=county&view=report&reportType=detailed
18041,"Fayette County, Indiana",https://cbb.census.gov/rae/#industry0=00&geoId=18041&geoType=county&view=report&reportType=detailed
18043,"Floyd County, Indiana",https://cbb.census.gov/rae/#industry0=00&geoId=18043&geoType=county&view=report&reportType=detailed
18045,"Fountain County, Indiana",https://cbb.census.gov/rae/#industry0=00&geoId=18045&geoType=county&view=report&reportType=detailed
18047,"Franklin County, Indiana",https://cbb.census.gov/rae/#industry0=00&geoId=18047&geoType=county&view=report&reportType=detailed
18049,"Fulton County, Indiana",https://cbb.census.gov/rae/#industry0=00&geoId=18049&geoType=county&view=report&reportType=detailed
18051,"Gibson County, Indiana",https://cbb.census.gov/rae/#industry0=00&geoId=18051&geoType=county&view=report&reportType=detailed
18053,"Grant County, Indiana",https://cbb.census.gov/rae/#industry0=00&geoId=18053&geoType=county&view=report&reportType=detailed
18055,"Greene County, Indiana",https://cbb.census.gov/rae/#industry0=00&geoId=18055&geoType=county&view=report&reportType=detailed
18057,"Hamilton County, Indiana",https://cbb.census.gov/rae/#industry0=00&geoId=18057&geoType=county&view=report&reportType=detailed
18059,"Hancock County, Indiana",https://cbb.census.gov/rae/#industry0=00&geoId=18059&geoType=county&view=report&reportType=detailed
18061,"Harrison County, Indiana",https://cbb.census.gov/rae/#industry0=00&geoId=18061&geoType=county&view=report&reportType=detailed
18063,"Hendricks County, Indiana",https://cbb.census.gov/rae/#industry0=00&geoId=18063&geoType=county&view=report&reportType=detailed
18065,"Henry County, Indiana",https://cbb.census.gov/rae/#industry0=00&geoId=18065&geoType=county&view=report&reportType=detailed
18067,"Howard County, Indiana",https://cbb.census.gov/rae/#industry0=00&geoId=18067&geoType=county&view=report&reportType=detailed
18069,"Huntington County, Indiana",https://cbb.census.gov/rae/#industry0=00&geoId=18069&geoType=county&view=report&reportType=detailed
18071,"Jackson County, Indiana",https://cbb.census.gov/rae/#industry0=00&geoId=18071&geoType=county&view=report&reportType=detailed
18073,"Jasper County, Indiana",https://cbb.census.gov/rae/#industry0=00&geoId=18073&geoType=county&view=report&reportType=detailed
18075,"Jay County, Indiana",https://cbb.census.gov/rae/#industry0=00&geoId=18075&geoType=county&view=report&reportType=detailed
18077,"Jefferson County, Indiana",https://cbb.census.gov/rae/#industry0=00&geoId=18077&geoType=county&view=report&reportType=detailed
18079,"Jennings County, Indiana",https://cbb.census.gov/rae/#industry0=00&geoId=18079&geoType=county&view=report&reportType=detailed
18081,"Johnson County, Indiana",https://cbb.census.gov/rae/#industry0=00&geoId=18081&geoType=county&view=report&reportType=detailed
18083,"Knox County, Indiana",https://cbb.census.gov/rae/#industry0=00&geoId=18083&geoType=county&view=report&reportType=detailed
18085,"Kosciusko County, Indiana",https://cbb.census.gov/rae/#industry0=00&geoId=18085&geoType=county&view=report&reportType=detailed
18087,"LaGrange County, Indiana",https://cbb.census.gov/rae/#industry0=00&geoId=18087&geoType=county&view=report&reportType=detailed
18089,"Lake County, Indiana",https://cbb.census.gov/rae/#industry0=00&geoId=18089&geoType=county&view=report&reportType=detailed
18091,"LaPorte County, Indiana",https://cbb.census.gov/rae/#industry0=00&geoId=18091&geoType=county&view=report&reportType=detailed
18093,"Lawrence County, Indiana",https://cbb.census.gov/rae/#industry0=00&geoId=18093&geoType=county&view=report&reportType=detailed
18095,"Madison County, Indiana",https://cbb.census.gov/rae/#industry0=00&geoId=18095&geoType=county&view=report&reportType=detailed
18097,"Marion County, Indiana",https://cbb.census.gov/rae/#industry0=00&geoId=18097&geoType=county&view=report&reportType=detailed
18099,"Marshall County, Indiana",https://cbb.census.gov/rae/#industry0=00&geoId=18099&geoType=county&view=report&reportType=detailed
18101,"Martin County, Indiana",https://cbb.census.gov/rae/#industry0=00&geoId=18101&geoType=county&view=report&reportType=detailed
18103,"Miami County, Indiana",https://cbb.census.gov/rae/#industry0=00&geoId=18103&geoType=county&view=report&reportType=detailed
18105,"Monroe County, Indiana",https://cbb.census.gov/rae/#industry0=00&geoId=18105&geoType=county&view=report&reportType=detailed
18107,"Montgomery County, Indiana",https://cbb.census.gov/rae/#industry0=00&geoId=18107&geoType=county&view=report&reportType=detailed
18109,"Morgan County, Indiana",https://cbb.census.gov/rae/#industry0=00&geoId=18109&geoType=county&view=report&reportType=detailed
18111,"Newton County, Indiana",https://cbb.census.gov/rae/#industry0=00&geoId=18111&geoType=county&view=report&reportType=detailed
18113,"Noble County, Indiana",https://cbb.census.gov/rae/#industry0=00&geoId=18113&geoType=county&view=report&reportType=detailed
18115,"Ohio County, Indiana",https://cbb.census.gov/rae/#industry0=00&geoId=18115&geoType=county&view=report&reportType=detailed
18117,"Orange County, Indiana",https://cbb.census.gov/rae/#industry0=00&geoId=18117&geoType=county&view=report&reportType=detailed
18119,"Owen County, Indiana",https://cbb.census.gov/rae/#industry0=00&geoId=18119&geoType=county&view=report&reportType=detailed
18121,"Parke County, Indiana",https://cbb.census.gov/rae/#industry0=00&geoId=18121&geoType=county&view=report&reportType=detailed
18123,"Perry County, Indiana",https://cbb.census.gov/rae/#industry0=00&geoId=18123&geoType=county&view=report&reportType=detailed
18125,"Pike County, Indiana",https://cbb.census.gov/rae/#industry0=00&geoId=18125&geoType=county&view=report&reportType=detailed
18127,"Porter County, Indiana",https://cbb.census.gov/rae/#industry0=00&geoId=18127&geoType=county&view=report&reportType=detailed
18129,"Posey County, Indiana",https://cbb.census.gov/rae/#industry0=00&geoId=18129&geoType=county&view=report&reportType=detailed
18131,"Pulaski County, Indiana",https://cbb.census.gov/rae/#industry0=00&geoId=18131&geoType=county&view=report&reportType=detailed
18133,"Putnam County, Indiana",https://cbb.census.gov/rae/#industry0=00&geoId=18133&geoType=county&view=report&reportType=detailed
18135,"Randolph County, Indiana",https://cbb.census.gov/rae/#industry0=00&geoId=18135&geoType=county&view=report&reportType=detailed
18137,"Ripley County, Indiana",https://cbb.census.gov/rae/#industry0=00&geoId=18137&geoType=county&view=report&reportType=detailed
18139,"Rush County, Indiana",https://cbb.census.gov/rae/#industry0=00&geoId=18139&geoType=county&view=report&reportType=detailed
18141,"St. Joseph County, Indiana",https://cbb.census.gov/rae/#industry0=00&geoId=18141&geoType=county&view=report&reportType=detailed
18143,"Scott County, Indiana",https://cbb.census.gov/rae/#industry0=00&geoId=18143&geoType=county&view=report&reportType=detailed
18145,"Shelby County, Indiana",https://cbb.census.gov/rae/#industry0=00&geoId=18145&geoType=county&view=report&reportType=detailed
18147,"Spencer County, Indiana",https://cbb.census.gov/rae/#industry0=00&geoId=18147&geoType=county&view=report&reportType=detailed
18149,"Starke County, Indiana",https://cbb.census.gov/rae/#industry0=00&geoId=18149&geoType=county&view=report&reportType=detailed
18151,"Steuben County, Indiana",https://cbb.census.gov/rae/#industry0=00&geoId=18151&geoType=county&view=report&reportType=detailed
18153,"Sullivan County, Indiana",https://cbb.census.gov/rae/#industry0=00&geoId=18153&geoType=county&view=report&reportType=detailed
18155,"Switzerland County, Indiana",https://cbb.census.gov/rae/#industry0=00&geoId=18155&geoType=county&view=report&reportType=detailed
18157,"Tippecanoe County, Indiana",https://cbb.census.gov/rae/#industry0=00&geoId=18157&geoType=county&view=report&reportType=detailed
18159,"Tipton County, Indiana",https://cbb.census.gov/rae/#industry0=00&geoId=18159&geoType=county&view=report&reportType=detailed
18161,"Union County, Indiana",https://cbb.census.gov/rae/#industry0=00&geoId=18161&geoType=county&view=report&reportType=detailed
18163,"Vanderburgh County, Indiana",https://cbb.census.gov/rae/#industry0=00&geoId=18163&geoType=county&view=report&reportType=detailed
18165,"Vermillion County, Indiana",https://cbb.census.gov/rae/#industry0=00&geoId=18165&geoType=county&view=report&reportType=detailed
18167,"Vigo County, Indiana",https://cbb.census.gov/rae/#industry0=00&geoId=18167&geoType=county&view=report&reportType=detailed
18169,"Wabash County, Indiana",https://cbb.census.gov/rae/#industry0=00&geoId=18169&geoType=county&view=report&reportType=detailed
18171,"Warren County, Indiana",https://cbb.census.gov/rae/#industry0=00&geoId=18171&geoType=county&view=report&reportType=detailed
18173,"Warrick County, Indiana",https://cbb.census.gov/rae/#industry0=00&geoId=18173&geoType=county&view=report&reportType=detailed
18175,"Washington County, Indiana",https://cbb.census.gov/rae/#industry0=00&geoId=18175&geoType=county&view=report&reportType=detailed
18177,"Wayne County, Indiana",https://cbb.census.gov/rae/#industry0=00&geoId=18177&geoType=county&view=report&reportType=detailed
18179,"Wells County, Indiana",https://cbb.census.gov/rae/#industry0=00&geoId=18179&geoType=county&view=report&reportType=detailed
18181,"White County, Indiana",https://cbb.census.gov/rae/#industry0=00&geoId=18181&geoType=county&view=report&reportType=detailed
18183,"Whitley County, Indiana",https://cbb.census.gov/rae/#industry0=00&geoId=18183&geoType=county&view=report&reportType=detailed
19,Iowa,https://cbb.census.gov/rae/#industry0=00&geoId=19&geoType=state&view=report&reportType=detailed
19001,"Adair County, Iowa",https://cbb.census.gov/rae/#industry0=00&geoId=19001&geoType=county&view=report&reportType=detailed
19003,"Adams County, Iowa",https://cbb.census.gov/rae/#industry0=00&geoId=19003&geoType=county&view=report&reportType=detailed
19005,"Allamakee County, Iowa",https://cbb.census.gov/rae/#industry0=00&geoId=19005&geoType=county&view=report&reportType=detailed
19007,"Appanoose County, Iowa",https://cbb.census.gov/rae/#industry0=00&geoId=19007&geoType=county&view=report&reportType=detailed
19009,"Audubon County, Iowa",https://cbb.census.gov/rae/#industry0=00&geoId=19009&geoType=county&view=report&reportType=detailed
19011,"Benton County, Iowa",https://cbb.census.gov/rae/#industry0=00&geoId=19011&geoType=county&view=report&reportType=detailed
19013,"Black Hawk County, Iowa",https://cbb.census.gov/rae/#industry0=00&geoId=19013&geoType=county&view=report&reportType=detailed
19015,"Boone County, Iowa",https://cbb.census.gov/rae/#industry0=00&geoId=19015&geoType=county&view=report&reportType=detailed
19017,"Bremer County, Iowa",https://cbb.census.gov/rae/#industry0=00&geoId=19017&geoType=county&view=report&reportType=detailed
19019,"Buchanan County, Iowa",https://cbb.census.gov/rae/#industry0=00&geoId=19019&geoType=county&view=report&reportType=detailed
19021,"Buena Vista County, Iowa",https://cbb.census.gov/rae/#industry0=00&geoId=19021&geoType=county&view=report&reportType=detailed
19023,"Butler County, Iowa",https://cbb.census.gov/rae/#industry0=00&geoId=19023&geoType=county&view=report&reportType=detailed
19025,"Calhoun County, Iowa",https://cbb.census.gov/rae/#industry0=00&geoId=19025&geoType=county&view=report&reportType=detailed
19027,"Carroll County, Iowa",https://cbb.census.gov/rae/#industry0=00&geoId=19027&geoType=county&view=report&reportType=detailed
19029,"Cass County, Iowa",https://cbb.census.gov/rae/#industry0=00&geoId=19029&geoType=county&view=report&reportType=detailed
19031,"Cedar County, Iowa",https://cbb.census.gov/rae/#industry0=00&geoId=19031&geoType=county&view=report&reportType=detailed
19033,"Cerro Gordo County, Iowa",https://cbb.census.gov/rae/#industry0=00&geoId=19033&geoType=county&view=report&reportType=detailed
19035,"Cherokee County, Iowa",https://cbb.census.gov/rae/#industry0=00&geoId=19035&geoType=county&view=report&reportType=detailed
19037,"Chickasaw County, Iowa",https://cbb.census.gov/rae/#industry0=00&geoId=19037&geoType=county&view=report&reportType=detailed
19039,"Clarke County, Iowa",https://cbb.census.gov/rae/#industry0=00&geoId=19039&geoType=county&view=report&reportType=detailed
19041,"Clay County, Iowa",https://cbb.census.gov/rae/#industry0=00&geoId=19041&geoType=county&view=report&reportType=detailed
19043,"Clayton County, Iowa",https://cbb.census.gov/rae/#industry0=00&geoId=19043&geoType=county&view=report&reportType=detailed
19045,"Clinton County, Iowa",https://cbb.census.gov/rae/#industry0=00&geoId=19045&geoType=county&view=report&reportType=detailed
19047,"Crawford County, Iowa",https://cbb.census.gov/rae/#industry0=00&geoId=19047&geoType=county&view=report&reportType=detailed
19049,"Dallas County, Iowa",https://cbb.census.gov/rae/#industry0=00&geoId=19049&geoType=county&view=report&reportType=detailed
19051,"Davis County, Iowa",https://cbb.census.gov/rae/#industry0=00&geoId=19051&geoType=county&view=report&reportType=detailed
19053,"Decatur County, Iowa",https://cbb.census.gov/rae/#industry0=00&geoId=19053&geoType=county&view=report&reportType=detailed
19055,"Delaware County, Iowa",https://cbb.census.gov/rae/#industry0=00&geoId=19055&geoType=county&view=report&reportType=detailed
19057,"Des Moines County, Iowa",https://cbb.census.gov/rae/#industry0=00&geoId=19057&geoType=county&view=report&reportType=detailed
19059,"Dickinson County, Iowa",https://cbb.census.gov/rae/#industry0=00&geoId=19059&geoType=county&view=report&reportType=detailed
19061,"Dubuque County, Iowa",https://cbb.census.gov/rae/#industry0=00&geoId=19061&geoType=county&view=report&reportType=detailed
19063,"Emmet County, Iowa",https://cbb.census.gov/rae/#industry0=00&geoId=19063&geoType=county&view=report&reportType=detailed
19065,"Fayette County, Iowa",https://cbb.census.gov/rae/#industry0=00&geoId=19065&geoType=county&view=report&reportType=detailed
19067,"Floyd County, Iowa",https://cbb.census.gov/rae/#industry0=00&geoId=19067&geoType=county&view=report&reportType=detailed
19069,"Franklin County, Iowa",https://cbb.census.gov/rae/#industry0=00&geoId=19069&geoType=county&view=report&reportType=detailed
19071,"Fremont County, Iowa",https://cbb.census.gov/rae/#industry0=00&geoId=19071&geoType=county&view=report&reportType=detailed
19073,"Greene County, Iowa",https://cbb.census.gov/rae/#industry0=00&geoId=19073&geoType=county&view=report&reportType=detailed
19075,"Grundy County, Iowa",https://cbb.census.gov/rae/#industry0=00&geoId=19075&geoType=county&view=report&reportType=detailed
19077,"Guthrie County, Iowa",https://cbb.census.gov/rae/#industry0=00&geoId=19077&geoType=county&view=report&reportType=detailed
19079,"Hamilton County, Iowa",https://cbb.census.gov/rae/#industry0=00&geoId=19079&geoType=county&view=report&reportType=detailed
19081,"Hancock County, Iowa",https://cbb.census.gov/rae/#industry0=00&geoId=19081&geoType=county&view=report&reportType=detailed
19083,"Hardin County, Iowa",https://cbb.census.gov/rae/#industry0=00&geoId=19083&geoType=county&view=report&reportType=detailed
19085,"Harrison County, Iowa",https://cbb.census.gov/rae/#industry0=00&geoId=19085&geoType=county&view=report&reportType=detailed
19087,"Henry County, Iowa",https://cbb.census.gov/rae/#industry0=00&geoId=19087&geoType=county&view=report&reportType=detailed
19089,"Howard County, Iowa",https://cbb.census.gov/rae/#industry0=00&geoId=19089&geoType=county&view=report&reportType=detailed
19091,"Humboldt County, Iowa",https://cbb.census.gov/rae/#industry0=00&geoId=19091&geoType=county&view=report&reportType=detailed
19093,"Ida County, Iowa",https://cbb.census.gov/rae/#industry0=00&geoId=19093&geoType=county&view=report&reportType=detailed
19095,"Iowa County, Iowa",https://cbb.census.gov/rae/#industry0=00&geoId=19095&geoType=county&view=report&reportType=detailed
19097,"Jackson County, Iowa",https://cbb.census.gov/rae/#industry0=00&geoId=19097&geoType=county&view=report&reportType=detailed
19099,"Jasper County, Iowa",https://cbb.census.gov/rae/#industry0=00&geoId=19099&geoType=county&view=report&reportType=detailed
19101,"Jefferson County, Iowa",https://cbb.census.gov/rae/#industry0=00&geoId=19101&geoType=county&view=report&reportType=detailed
19103,"Johnson County, Iowa",https://cbb.census.gov/rae/#industry0=00&geoId=19103&geoType=county&view=report&reportType=detailed
19105,"Jones County, Iowa",https://cbb.census.gov/rae/#industry0=00&geoId=19105&geoType=county&view=report&reportType=detailed
19107,"Keokuk County, Iowa",https://cbb.census.gov/rae/#industry0=00&geoId=19107&geoType=county&view=report&reportType=detailed
19109,"Kossuth County, Iowa",https://cbb.census.gov/rae/#industry0=00&geoId=19109&geoType=county&view=report&reportType=detailed
19111,"Lee County, Iowa",https://cbb.census.gov/rae/#industry0=00&geoId=19111&geoType=county&view=report&reportType=detailed
19113,"Linn County, Iowa",https://cbb.census.gov/rae/#industry0=00&geoId=19113&geoType=county&view=report&reportType=detailed
19115,"Louisa County, Iowa",https://cbb.census.gov/rae/#industry0=00&geoId=19115&geoType=county&view=report&reportType=detailed
19117,"Lucas County, Iowa",https://cbb.census.gov/rae/#industry0=00&geoId=19117&geoType=county&view=report&reportType=detailed
19119,"Lyon County, Iowa",https://cbb.census.gov/rae/#industry0=00&geoId=19119&geoType=county&view=report&reportType=detailed
19121,"Madison County, Iowa",https://cbb.census.gov/rae/#industry0=00&geoId=19121&geoType=county&view=report&reportType=detailed
19123,"Mahaska County, Iowa",https://cbb.census.gov/rae/#industry0=00&geoId=19123&geoType=county&view=report&reportType=detailed
19125,"Marion County, Iowa",https://cbb.census.gov/rae/#industry0=00&geoId=19125&geoType=county&view=report&reportType=detailed
19127,"Marshall County, Iowa",https://cbb.census.gov/rae/#industry0=00&geoId=19127&geoType=county&view=report&reportType=detailed
19129,"Mills County, Iowa",https://cbb.census.gov/rae/#industry0=00&geoId=19129&geoType=county&view=report&reportType=detailed
19131,"Mitchell County, Iowa",https://cbb.census.gov/rae/#industry0=00&geoId=19131&geoType=county&view=report&reportType=detailed
19133,"Monona County, Iowa",https://cbb.census.gov/rae/#industry0=00&geoId=19133&geoType=county&view=report&reportType=detailed
19135,"Monroe County, Iowa",https://cbb.census.gov/rae/#industry0=00&geoId=19135&geoType=county&view=report&reportType=detailed
19137,"Montgomery County, Iowa",https://cbb.census.gov/rae/#industry0=00&geoId=19137&geoType=county&view=report&reportType=detailed
19139,"Muscatine County, Iowa",https://cbb.census.gov/rae/#industry0=00&geoId=19139&geoType=county&view=report&reportType=detailed
19141,"O'Brien County, Iowa",https://cbb.census.gov/rae/#industry0=00&geoId=19141&geoType=county&view=report&reportType=detailed
19143,"Osceola County, Iowa",https://cbb.census.gov/rae/#industry0=00&geoId=19143&geoType=county&view=report&reportType=detailed
19145,"Page County, Iowa",https://cbb.census.gov/rae/#industry0=00&geoId=19145&geoType=county&view=report&reportType=detailed
19147,"Palo Alto County, Iowa",https://cbb.census.gov/rae/#industry0=00&geoId=19147&geoType=county&view=report&reportType=detailed
19149,"Plymouth County, Iowa",https://cbb.census.gov/rae/#industry0=00&geoId=19149&geoType=county&view=report&reportType=detailed
19151,"Pocahontas County, Iowa",https://cbb.census.gov/rae/#industry0=00&geoId=19151&geoType=county&view=report&reportType=detailed
19153,"Polk County, Iowa",https://cbb.census.gov/rae/#industry0=00&geoId=19153&geoType=county&view=report&reportType=detailed
19155,"Pottawattamie County, Iowa",https://cbb.census.gov/rae/#industry0=00&geoId=19155&geoType=county&view=report&reportType=detailed
19157,"Poweshiek County, Iowa",https://cbb.census.gov/rae/#industry0=00&geoId=19157&geoType=county&view=report&reportType=detailed
19159,"Ringgold County, Iowa",https://cbb.census.gov/rae/#industry0=00&geoId=19159&geoType=county&view=report&reportType=detailed
19161,"Sac County, Iowa",https://cbb.census.gov/rae/#industry0=00&geoId=19161&geoType=county&view=report&reportType=detailed
19163,"Scott County, Iowa",https://cbb.census.gov/rae/#industry0=00&geoId=19163&geoType=county&view=report&reportType=detailed
19165,"Shelby County, Iowa",https://cbb.census.gov/rae/#industry0=00&geoId=19165&geoType=county&view=report&reportType=detailed
19167,"Sioux County, Iowa",https://cbb.census.gov/rae/#industry0=00&geoId=19167&geoType=county&view=report&reportType=detailed
19169,"Story County, Iowa",https://cbb.census.gov/rae/#industry0=00&geoId=19169&geoType=county&view=report&reportType=detailed
19171,"Tama County, Iowa",https://cbb.census.gov/rae/#industry0=00&geoId=19171&geoType=county&view=report&reportType=detailed
19173,"Taylor County, Iowa",https://cbb.census.gov/rae/#industry0=00&geoId=19173&geoType=county&view=report&reportType=detailed
19175,"Union County, Iowa",https://cbb.census.gov/rae/#industry0=00&geoId=19175&geoType=county&view=report&reportType=detailed
19177,"Van Buren County, Iowa",https://cbb.census.gov/rae/#industry0=00&geoId=19177&geoType=county&view=report&reportType=detailed
19179,"Wapello County, Iowa",https://cbb.census.gov/rae/#industry0=00&geoId=19179&geoType=county&view=report&reportType=detailed
19181,"Warren County, Iowa",https://cbb.census.gov/rae/#industry0=00&geoId=19181&geoType=county&view=report&reportType=detailed
19183,"Washington County, Iowa",https://cbb.census.gov/rae/#industry0=00&geoId=19183&geoType=county&view=report&reportType=detailed
19185,"Wayne County, Iowa",https://cbb.census.gov/rae/#industry0=00&geoId=19185&geoType=county&view=report&reportType=detailed
19187,"Webster County, Iowa",https://cbb.census.gov/rae/#industry0=00&geoId=19187&geoType=county&view=report&reportType=detailed
19189,"Winnebago County, Iowa",https://cbb.census.gov/rae/#industry0=00&geoId=19189&geoType=county&view=report&reportType=detailed
19191,"Winneshiek County, Iowa",https://cbb.census.gov/rae/#industry0=00&geoId=19191&geoType=county&view=report&reportType=detailed
19193,"Woodbury County, Iowa",https://cbb.census.gov/rae/#industry0=00&geoId=19193&geoType=county&view=report&reportType=detailed
19195,"Worth County, Iowa",https://cbb.census.gov/rae/#industry0=00&geoId=19195&geoType=county&view=report&reportType=detailed
19197,"Wright County, Iowa",https://cbb.census.gov/rae/#industry0=00&geoId=19197&geoType=county&view=report&reportType=detailed
20,Kansas,https://cbb.census.gov/rae/#industry0=00&geoId=20&geoType=state&view=report&reportType=detailed
20001,"Allen County, Kansas",https://cbb.census.gov/rae/#industry0=00&geoId=20001&geoType=county&view=report&reportType=detailed
20003,"Anderson County, Kansas",https://cbb.census.gov/rae/#industry0=00&geoId=20003&geoType=county&view=report&reportType=detailed
20005,"Atchison County, Kansas",https://cbb.census.gov/rae/#industry0=00&geoId=20005&geoType=county&view=report&reportType=detailed
20007,"Barber County, Kansas",https://cbb.census.gov/rae/#industry0=00&geoId=20007&geoType=county&view=report&reportType=detailed
20009,"Barton County, Kansas",https://cbb.census.gov/rae/#industry0=00&geoId=20009&geoType=county&view=report&reportType=detailed
20011,"Bourbon County, Kansas",https://cbb.census.gov/rae/#industry0=00&geoId=20011&geoType=county&view=report&reportType=detailed
20013,"Brown County, Kansas",https://cbb.census.gov/rae/#industry0=00&geoId=20013&geoType=county&view=report&reportType=detailed
20015,"Butler County, Kansas",https://cbb.census.gov/rae/#industry0=00&geoId=20015&geoType=county&view=report&reportType=detailed
20017,"Chase County, Kansas",https://cbb.census.gov/rae/#industry0=00&geoId=20017&geoType=county&view=report&reportType=detailed
20019,"Chautauqua County, Kansas",https://cbb.census.gov/rae/#industry0=00&geoId=20019&geoType=county&view=report&reportType=detailed
20021,"Cherokee County, Kansas",https://cbb.census.gov/rae/#industry0=00&geoId=20021&geoType=county&view=report&reportType=detailed
20023,"Cheyenne County, Kansas",https://cbb.census.gov/rae/#industry0=00&geoId=20023&geoType=county&view=report&reportType=detailed
20025,"Clark County, Kansas",https://cbb.census.gov/rae/#industry0=00&geoId=20025&geoType=county&view=report&reportType=detailed
20027,"Clay County, Kansas",https://cbb.census.gov/rae/#industry0=00&geoId=20027&geoType=county&view=report&reportType=detailed
20029,"Cloud County, Kansas",https://cbb.census.gov/rae/#industry0=00&geoId=20029&geoType=county&view=report&reportType=detailed
20031,"Coffey County, Kansas",https://cbb.census.gov/rae/#industry0=00&geoId=20031&geoType=county&view=report&reportType=detailed
20033,"Comanche County, Kansas",https://cbb.census.gov/rae/#industry0=00&geoId=20033&geoType=county&view=report&reportType=detailed
20035,"Cowley County, Kansas",https://cbb.census.gov/rae/#industry0=00&geoId=20035&geoType=county&view=report&reportType=detailed
20037,"Crawford County, Kansas",https://cbb.census.gov/rae/#industry0=00&geoId=20037&geoType=county&view=report&reportType=detailed
20039,"Decatur County, Kansas",https://cbb.census.gov/rae/#industry0=00&geoId=20039&geoType=county&view=report&reportType=detailed
20041,"Dickinson County, Kansas",https://cbb.census.gov/rae/#industry0=00&geoId=20041&geoType=county&view=report&reportType=detailed
20043,"Doniphan County, Kansas",https://cbb.census.gov/rae/#industry0=00&geoId=20043&geoType=county&view=report&reportType=detailed
20045,"Douglas County, Kansas",https://cbb.census.gov/rae/#industry0=00&geoId=20045&geoType=county&view=report&reportType=detailed
20047,"Edwards County, Kansas",https://cbb.census.gov/rae/#industry0=00&geoId=20047&geoType=county&view=report&reportType=detailed
20049,"Elk County, Kansas",https://cbb.census.gov/rae/#industry0=00&geoId=20049&geoType=county&view=report&reportType=detailed
20051,"Ellis County, Kansas",https://cbb.census.gov/rae/#industry0=00&geoId=20051&geoType=county&view=report&reportType=detailed
20053,"Ellsworth County, Kansas",https://cbb.census.gov/rae/#industry0=00&geoId=20053&geoType=county&view=report&reportType=detailed
20055,"Finney County, Kansas",https://cbb.census.gov/rae/#industry0=00&geoId=20055&geoType=county&view=report&reportType=detailed
20057,"Ford County, Kansas",https://cbb.census.gov/rae/#industry0=00&geoId=20057&geoType=county&view=report&reportType=detailed
20059,"Franklin County, Kansas",https://cbb.census.gov/rae/#industry0=00&geoId=20059&geoType=county&view=report&reportType=detailed
20061,"Geary County, Kansas",https://cbb.census.gov/rae/#industry0=00&geoId=20061&geoType=county&view=report&reportType=detailed
20063,"Gove County, Kansas",https://cbb.census.gov/rae/#industry0=00&geoId=20063&geoType=county&view=report&reportType=detailed
20065,"Graham County, Kansas",https://cbb.census.gov/rae/#industry0=00&geoId=20065&geoType=county&view=report&reportType=detailed
20067,"Grant County, Kansas",https://cbb.census.gov/rae/#industry0=00&geoId=20067&geoType=county&view=report&reportType=detailed
20069,"Gray County, Kansas",https://cbb.census.gov/rae/#industry0=00&geoId=20069&geoType=county&view=report&reportType=detailed
20071,"Greeley County, Kansas",https://cbb.census.gov/rae/#industry0=00&geoId=20071&geoType=county&view=report&reportType=detailed
20073,"Greenwood County, Kansas",https://cbb.census.gov/rae/#industry0=00&geoId=20073&geoType=county&view=report&reportType=detailed
20075,"Hamilton County, Kansas",https://cbb.census.gov/rae/#industry0=00&geoId=20075&geoType=county&view=report&reportType=detailed
20077,"Harper County, Kansas",https://cbb.census.gov/rae/#industry0=00&geoId=20077&geoType=county&view=report&reportType=detailed
20079,"Harvey County, Kansas",https://cbb.census.gov/rae/#industry0=00&geoId=20079&geoType=county&view=report&reportType=detailed
20081,"Haskell County, Kansas",https://cbb.census.gov/rae/#industry0=00&geoId=20081&geoType=county&view=report&reportType=detailed
20083,"Hodgeman County, Kansas",https://cbb.census.gov/rae/#industry0=00&geoId=20083&geoType=county&view=report&reportType=detailed
20085,"Jackson County, Kansas",https://cbb.census.gov/rae/#industry0=00&geoId=20085&geoType=county&view=report&reportType=detailed
20087,"Jefferson County, Kansas",https://cbb.census.gov/rae/#industry0=00&geoId=20087&geoType=county&view=report&reportType=detailed
20089,"Jewell County, Kansas",https://cbb.census.gov/rae/#industry0=00&geoId=20089&geoType=county&view=report&reportType=detailed
20091,"Johnson County, Kansas",https://cbb.census.gov/rae/#industry0=00&geoId=20091&geoType=county&view=report&reportType=detailed
20093,"Kearny County, Kansas",https://cbb.census.gov/rae/#industry0=00&geoId=20093&geoType=county&view=report&reportType=detailed
20095,"Kingman County, Kansas",https://cbb.census.gov/rae/#industry0=00&geoId=20095&geoType=county&view=report&reportType=detailed
20097,"Kiowa County, Kansas",https://cbb.census.gov/rae/#industry0=00&geoId=20097&geoType=county&view=report&reportType=detailed
20099,"Labette County, Kansas",https://cbb.census.gov/rae/#industry0=00&geoId=20099&geoType=county&view=report&reportType=detailed
20101,"Lane County, Kansas",https://cbb.census.gov/rae/#industry0=00&geoId=20101&geoType=county&view=report&reportType=detailed
20103,"Leavenworth County, Kansas",https://cbb.census.gov/rae/#industry0=00&geoId=20103&geoType=county&view=report&reportType=detailed
20105,"Lincoln County, Kansas",https://cbb.census.gov/rae/#industry0=00&geoId=20105&geoType=county&view=report&reportType=detailed
20107,"Linn County, Kansas",https://cbb.census.gov/rae/#industry0=00&geoId=20107&geoType=county&view=report&reportType=detailed
20109,"Logan County, Kansas",https://cbb.census.gov/rae/#industry0=00&geoId=20109&geoType=county&view=report&reportType=detailed
20111,"Lyon County, Kansas",https://cbb.census.gov/rae/#industry0=00&geoId=20111&geoType=county&view=report&reportType=detailed
20113,"McPherson County, Kansas",https://cbb.census.gov/rae/#industry0=00&geoId=20113&geoType=county&view=report&reportType=detailed
20115,"Marion County, Kansas",https://cbb.census.gov/rae/#industry0=00&geoId=20115&geoType=county&view=report&reportType=detailed
20117,"Marshall County, Kansas",https://cbb.census.gov/rae/#industry0=00&geoId=20117&geoType=county&view=report&reportType=detailed
20119,"Meade County, Kansas",https://cbb.census.gov/rae/#industry0=00&geoId=20119&geoType=county&view=report&reportType=detailed
20121,"Miami County, Kansas",https://cbb.census.gov/rae/#industry0=00&geoId=20121&geoType=county&view=report&reportType=detailed
20123,"Mitchell County, Kansas",https://cbb.census.gov/rae/#industry0=00&geoId=20123&geoType=county&view=report&reportType=detailed
20125,"Montgomery County, Kansas",https://cbb.census.gov/rae/#industry0=00&geoId=20125&geoType=county&view=report&reportType=detailed
20127,"Morris County, Kansas",https://cbb.census.gov/rae/#industry0=00&geoId=20127&geoType=county&view=report&reportType=detailed
20129,"Morton County, Kansas",https://cbb.census.gov/rae/#industry0=00&geoId=20129&geoType=county&view=report&reportType=detailed
20131,"Nemaha County, Kansas",https://cbb.census.gov/rae/#industry0=00&geoId=20131&geoType=county&view=report&reportType=detailed
20133,"Neosho County, Kansas",https://cbb.census.gov/rae/#industry0=00&geoId=20133&geoType=county&view=report&reportType=detailed
20135,"Ness County, Kansas",https://cbb.census.gov/rae/#industry0=00&geoId=20135&geoType=county&view=report&reportType=detailed
20137,"Norton County, Kansas",https://cbb.census.gov/rae/#industry0=00&geoId=20137&geoType=county&view=report&reportType=detailed
20139,"Osage County, Kansas",https://cbb.census.gov/rae/#industry0=00&geoId=20139&geoType=county&view=report&reportType=detailed
20141,"Osborne County, Kansas",https://cbb.census.gov/rae/#industry0=00&geoId=20141&geoType=county&view=report&reportType=detailed
20143,"Ottawa County, Kansas",https://cbb.census.gov/rae/#industry0=00&geoId=20143&geoType=county&view=report&reportType=detailed
20145,"Pawnee County, Kansas",https://cbb.census.gov/rae/#industry0=00&geoId=20145&geoType=county&view=report&reportType=detailed
20147,"Phillips County, Kansas",https://cbb.census.gov/rae/#industry0=00&geoId=20147&geoType=county&view=report&reportType=detailed
20149,"Pottawatomie County, Kansas",https://cbb.census.gov/rae/#industry0=00&geoId=20149&geoType=county&view=report&reportType=detailed
20151,"Pratt County, Kansas",https://cbb.census.gov/rae/#industry0=00&geoId=20151&geoType=county&view=report&reportType=detailed
20153,"Rawlins County, Kansas",https://cbb.census.gov/rae/#industry0=00&geoId=20153&geoType=county&view=report&reportType=detailed
20155,"Reno County, Kansas",https://cbb.census.gov/rae/#industry0=00&geoId=20155&geoType=county&view=report&reportType=detailed
20157,"Republic County, Kansas",https://cbb.census.gov/rae/#industry0=00&geoId=20157&geoType=county&view=report&reportType=detailed
20159,"Rice County, Kansas",https://cbb.census.gov/rae/#industry0=00&geoId=20159&geoType=county&view=report&reportType=detailed
20161,"Riley County, Kansas",https://cbb.census.gov/rae/#industry0=00&geoId=20161&geoType=county&view=report&reportType=detailed
20163,"Rooks County, Kansas",https://cbb.census.gov/rae/#industry0=00&geoId=20163&geoType=county&view=report&reportType=detailed
20165,"Rush County, Kansas",https://cbb.census.gov/rae/#industry0=00&geoId=20165&geoType=county&view=report&reportType=detailed
20167,"Russell County, Kansas",https://cbb.census.gov/rae/#industry0=00&geoId=20167&geoType=county&view=report&reportType=detailed
20169,"Saline County, Kansas",https://cbb.census.gov/rae/#industry0=00&geoId=20169&geoType=county&view=report&reportType=detailed
20171,"Scott County, Kansas",https://cbb.census.gov/rae/#industry0=00&geoId=20171&geoType=county&view=report&reportType=detailed
20173,"Sedgwick County, Kansas",https://cbb.census.gov/rae/#industry0=00&geoId=20173&geoType=county&view=report&reportType=detailed
20175,"Seward County, Kansas",https://cbb.census.gov/rae/#industry0=00&geoId=20175&geoType=county&view=report&reportType=detailed
20177,"Shawnee County, Kansas",https://cbb.census.gov/rae/#industry0=00&geoId=20177&geoType=county&view=report&reportType=detailed
20179,"Sheridan County, Kansas",https://cbb.census.gov/rae/#industry0=00&geoId=20179&geoType=county&view=report&reportType=detailed
20181,"Sherman County, Kansas",https://cbb.census.gov/rae/#industry0=00&geoId=20181&geoType=county&view=report&reportType=detailed
20183,"Smith County, Kansas",https://cbb.census.gov/rae/#industry0=00&geoId=20183&geoType=county&view=report&reportType=detailed
20185,"Stafford County, Kansas",https://cbb.census.gov/rae/#industry0=00&geoId=20185&geoType=county&view=report&reportType=detailed
20187,"Stanton County, Kansas",https://cbb.census.gov/rae/#industry0=00&geoId=20187&geoType=county&view=report&reportType=detailed
20189,"Stevens County, Kansas",https://cbb.census.gov/rae/#industry0=00&geoId=20189&geoType=county&view=report&reportType=detailed
20191,"Sumner County, Kansas",https://cbb.census.gov/rae/#industry0=00&geoId=20191&geoType=county&view=report&reportType=detailed
20193,"Thomas County, Kansas",https://cbb.census.gov/rae/#industry0=00&geoId=20193&geoType=county&view=report&reportType=detailed
20195,"Trego County, Kansas",https://cbb.census.gov/rae/#industry0=00&geoId=20195&geoType=county&view=report&reportType=detailed
20197,"Wabaunsee County, Kansas",https://cbb.census.gov/rae/#industry0=00&geoId=20197&geoType=county&view=report&reportType=detailed
20199,"Wallace County, Kansas",https://cbb.census.gov/rae/#industry0=00&geoId=20199&geoType=county&view=report&reportType=detailed
20201,"Washington County, Kansas",https://cbb.census.gov/rae/#industry0=00&geoId=20201&geoType=county&view=report&reportType=detailed
20203,"Wichita County, Kansas",https://cbb.census.gov/rae/#industry0=00&geoId=20203&geoType=county&view=report&reportType=detailed
20205,"Wilson County, Kansas",https://cbb.census.gov/rae/#industry0=00&geoId=20205&geoType=county&view=report&reportType=detailed
20207,"Woodson County, Kansas",https://cbb.census.gov/rae/#industry0=00&geoId=20207&geoType=county&view=report&reportType=detailed
20209,"Wyandotte County, Kansas",https://cbb.census.gov/rae/#industry0=00&geoId=20209&geoType=county&view=report&reportType=detailed
21,Kentucky,https://cbb.census.gov/rae/#industry0=00&geoId=21&geoType=state&view=report&reportType=detailed
21001,"Adair County, Kentucky",https://cbb.census.gov/rae/#industry0=00&geoId=21001&geoType=county&view=report&reportType=detailed
21003,"Allen County, Kentucky",https://cbb.census.gov/rae/#industry0=00&geoId=21003&geoType=county&view=report&reportType=detailed
21005,"Anderson County, Kentucky",https://cbb.census.gov/rae/#industry0=00&geoId=21005&geoType=county&view=report&reportType=detailed
21007,"Ballard County, Kentucky",https://cbb.census.gov/rae/#industry0=00&geoId=21007&geoType=county&view=report&reportType=detailed
21009,"Barren County, Kentucky",https://cbb.census.gov/rae/#industry0=00&geoId=21009&geoType=county&view=report&reportType=detailed
21011,"Bath County, Kentucky",https://cbb.census.gov/rae/#industry0=00&geoId=21011&geoType=county&view=report&reportType=detailed
21013,"Bell County, Kentucky",https://cbb.census.gov/rae/#industry0=00&geoId=21013&geoType=county&view=report&reportType=detailed
21015,"Boone County, Kentucky",https://cbb.census.gov/rae/#industry0=00&geoId=21015&geoType=county&view=report&reportType=detailed
21017,"Bourbon County, Kentucky",https://cbb.census.gov/rae/#industry0=00&geoId=21017&geoType=county&view=report&reportType=detailed
21019,"Boyd County, Kentucky",https://cbb.census.gov/rae/#industry0=00&geoId=21019&geoType=county&view=report&reportType=detailed
21021,"Boyle County, Kentucky",https://cbb.census.gov/rae/#industry0=00&geoId=21021&geoType=county&view=report&reportType=detailed
21023,"Bracken County, Kentucky",https://cbb.census.gov/rae/#industry0=00&geoId=21023&geoType=county&view=report&reportType=detailed
21025,"Breathitt County, Kentucky",https://cbb.census.gov/rae/#industry0=00&geoId=21025&geoType=county&view=report&reportType=detailed
21027,"Breckinridge County, Kentucky",https://cbb.census.gov/rae/#industry0=00&geoId=21027&geoType=county&view=report&reportType=detailed
21029,"Bullitt County, Kentucky",https://cbb.census.gov/rae/#industry0=00&geoId=21029&geoType=county&view=report&reportType=detailed
21031,"Butler County, Kentucky",https://cbb.census.gov/rae/#industry0=00&geoId=21031&geoType=county&view=report&reportType=detailed
21033,"Caldwell County, Kentucky",https://cbb.census.gov/rae/#industry0=00&geoId=21033&geoType=county&view=report&reportType=detailed
21035,"Calloway County, Kentucky",https://cbb.census.gov/rae/#industry0=00&geoId=21035&geoType=county&view=report&reportType=detailed
21037,"Campbell County, Kentucky",https://cbb.census.gov/rae/#industry0=00&geoId=21037&geoType=county&view=report&reportType=detailed
21039,"Carlisle County, Kentucky",https://cbb.census.gov/rae/#industry0=00&geoId=21039&geoType=county&view=report&reportType=detailed
21041,"Carroll County, Kentucky",https://cbb.census.gov/rae/#industry0=00&geoId=21041&geoType=county&view=report&reportType=detailed
21043,"Carter County, Kentucky",https://cbb.census.gov/rae/#industry0=00&geoId=21043&geoType=county&view=report&reportType=detailed
21045,"Casey County, Kentucky",https://cbb.census.gov/rae/#industry0=00&geoId=21045&geoType=county&view=report&reportType=detailed
21047,"Christian County, Kentucky",https://cbb.census.gov/rae/#industry0=00&geoId=21047&geoType=county&view=report&reportType=detailed
21049,"Clark County, Kentucky",https://cbb.census.gov/rae/#industry0=00&geoId=21049&geoType=county&view=report&reportType=detailed
21051,"Clay County, Kentucky",https://cbb.census.gov/rae/#industry0=00&geoId=21051&geoType=county&view=report&reportType=detailed
21053,"Clinton County, Kentucky",https://cbb.census.gov/rae/#industry0=00&geoId=21053&geoType=county&view=report&reportType=detailed
21055,"Crittenden County, Kentucky",https://cbb.census.gov/rae/#industry0=00&geoId=21055&geoType=county&view=report&reportType=detailed
21057,"Cumberland County, Kentucky",https://cbb.census.gov/rae/#industry0=00&geoId=21057&geoType=county&view=report&reportType=detailed
21059,"Daviess County, Kentucky",https://cbb.census.gov/rae/#industry0=00&geoId=21059&geoType=county&view=report&reportType=detailed
21061,"Edmonson County, Kentucky",https://cbb.census.gov/rae/#industry0=00&geoId=21061&geoType=county&view=report&reportType=detailed
21063,"Elliott County, Kentucky",https://cbb.census.gov/rae/#industry0=00&geoId=21063&geoType=county&view=report&reportType=detailed
21065,"Estill County, Kentucky",https://cbb.census.gov/rae/#industry0=00&geoId=21065&geoType=county&view=report&reportType=detailed
21067,"Fayette County, Kentucky",https://cbb.census.gov/rae/#industry0=00&geoId=21067&geoType=county&view=report&reportType=detailed
21069,"Fleming County, Kentucky",https://cbb.census.gov/rae/#industry0=00&geoId=21069&geoType=county&view=report&reportType=detailed
21071,"Floyd County, Kentucky",https://cbb.census.gov/rae/#industry0=00&geoId=21071&geoType=county&view=report&reportType=detailed
21073,"Franklin County, Kentucky",https://cbb.census.gov/rae/#industry0=00&geoId=21073&geoType=county&view=report&reportType=detailed
21075,"Fulton County, Kentucky",https://cbb.census.gov/rae/#industry0=00&geoId=21075&geoType=county&view=report&reportType=detailed
21077,"Gallatin County, Kentucky",https://cbb.census.gov/rae/#industry0=00&geoId=21077&geoType=county&view=report&reportType=detailed
21079,"Garrard County, Kentucky",https://cbb.census.gov/rae/#industry0=00&geoId=21079&geoType=county&view=report&reportType=detailed
21081,"Grant County, Kentucky",https://cbb.census.gov/rae/#industry0=00&geoId=21081&geoType=county&view=report&reportType=detailed
21083,"Graves County, Kentucky",https://cbb.census.gov/rae/#industry0=00&geoId=21083&geoType=county&view=report&reportType=detailed
21085,"Grayson County, Kentucky",https://cbb.census.gov/rae/#industry0=00&geoId=21085&geoType=county&view=report&reportType=detailed
21087,"Green County, Kentucky",https://cbb.census.gov/rae/#industry0=00&geoId=21087&geoType=county&view=report&reportType=detailed
21089,"Greenup County, Kentucky",https://cbb.census.gov/rae/#industry0=00&geoId=21089&geoType=county&view=report&reportType=detailed
21091,"Hancock County, Kentucky",https://cbb.census.gov/rae/#industry0=00&geoId=21091&geoType=county&view=report&reportType=detailed
21093,"Hardin County, Kentucky",https://cbb.census.gov/rae/#industry0=00&geoId=21093&geoType=county&view=report&reportType=detailed
21095,"Harlan County, Kentucky",https://cbb.census.gov/rae/#industry0=00&geoId=21095&geoType=county&view=report&reportType=detailed
21097,"Harrison County, Kentucky",https://cbb.census.gov/rae/#industry0=00&geoId=21097&geoType=county&view=report&reportType=detailed
21099,"Hart County, Kentucky",https://cbb.census.gov/rae/#industry0=00&geoId=21099&geoType=county&view=report&reportType=detailed
21101,"Henderson County, Kentucky",https://cbb.census.gov/rae/#industry0=00&geoId=21101&geoType=county&view=report&reportType=detailed
21103,"Henry County, Kentucky",https://cbb.census.gov/rae/#industry0=00&geoId=21103&geoType=county&view=report&reportType=detailed
21105,"Hickman County, Kentucky",https://cbb.census.gov/rae/#industry0=00&geoId=21105&geoType=county&view=report&reportType=detailed
21107,"Hopkins County, Kentucky",https://cbb.census.gov/rae/#industry0=00&geoId=21107&geoType=county&view=report&reportType=detailed
21109,"Jackson County, Kentucky",https://cbb.census.gov/rae/#industry0=00&geoId=21109&geoType=county&view=report&reportType=detailed
21111,"Jefferson County, Kentucky",https://cbb.census.gov/rae/#industry0=00&geoId=21111&geoType=county&view=report&reportType=detailed
21113,"Jessamine County, Kentucky",https://cbb.census.gov/rae/#industry0=00&geoId=21113&geoType=county&view=report&reportType=detailed
21115,"Johnson County, Kentucky",https://cbb.census.gov/rae/#industry0=00&geoId=21115&geoType=county&view=report&reportType=detailed
21117,"Kenton County, Kentucky",https://cbb.census.gov/rae/#industry0=00&geoId=21117&geoType=county&view=report&reportType=detailed
21119,"Knott County, Kentucky",https://cbb.census.gov/rae/#industry0=00&geoId=21119&geoType=county&view=report&reportType=detailed
21121,"Knox County, Kentucky",https://cbb.census.gov/rae/#industry0=00&geoId=21121&geoType=county&view=report&reportType=detailed
21123,"Larue County, Kentucky",https://cbb.census.gov/rae/#industry0=00&geoId=21123&geoType=county&view=report&reportType=detailed
21125,"Laurel County, Kentucky",https://cbb.census.gov/rae/#industry0=00&geoId=21125&geoType=county&view=report&reportType=detailed
21127,"Lawrence County, Kentucky",https://cbb.census.gov/rae/#industry0=00&geoId=21127&geoType=county&view=report&reportType=detailed
21129,"Lee County, Kentucky",https://cbb.census.gov/rae/#industry0=00&geoId=21129&geoType=county&view=report&reportType=detailed
21131,"Leslie County, Kentucky",https://cbb.census.gov/rae/#industry0=00&geoId=21131&geoType=county&view=report&reportType=detailed
21133,"Letcher County, Kentucky",https://cbb.census.gov/rae/#industry0=00&geoId=21133&geoType=county&view=report&reportType=detailed
21135,"Lewis County, Kentucky",https://cbb.census.gov/rae/#industry0=00&geoId=21135&geoType=county&view=report&reportType=detailed
21137,"Lincoln County, Kentucky",https://cbb.census.gov/rae/#industry0=00&geoId=21137&geoType=county&view=report&reportType=detailed
21139,"Livingston County, Kentucky",https://cbb.census.gov/rae/#industry0=00&geoId=21139&geoType=county&view=report&reportType=detailed
21141,"Logan County, Kentucky",https://cbb.census.gov/rae/#industry0=00&geoId=21141&geoType=county&view=report&reportType=detailed
21143,"Lyon County, Kentucky",https://cbb.census.gov/rae/#industry0=00&geoId=21143&geoType=county&view=report&reportType=detailed
21145,"McCracken County, Kentucky",https://cbb.census.gov/rae/#industry0=00&geoId=21145&geoType=county&view=report&reportType=detailed
21147,"McCreary County, Kentucky",https://cbb.census.gov/rae/#industry0=00&geoId=21147&geoType=county&view=report&reportType=detailed
21149,"McLean County, Kentucky",https://cbb.census.gov/rae/#industry0=00&geoId=21149&geoType=county&view=report&reportType=detailed
21151,"Madison County, Kentucky",https://cbb.census.gov/rae/#industry0=00&geoId=21151&geoType=county&view=report&reportType=detailed
21153,"Magoffin County, Kentucky",https://cbb.census.gov/rae/#industry0=00&geoId=21153&geoType=county&view=report&reportType=detailed
21155,"Marion County, Kentucky",https://cbb.census.gov/rae/#industry0=00&geoId=21155&geoType=county&view=report&reportType=detailed
21157,"Marshall County, Kentucky",https://cbb.census.gov/rae/#industry0=00&geoId=21157&geoType=county&view=report&reportType=detailed
21159,"Martin County, Kentucky",https://cbb.census.gov/rae/#industry0=00&geoId=21159&geoType=county&view=report&reportType=detailed
21161,"Mason County, Kentucky",https://cbb.census.gov/rae/#industry0=00&geoId=21161&geoType=county&view=report&reportType=detailed
21163,"Meade County, Kentucky",https://cbb.census.gov/rae/#industry0=00&geoId=21163&geoType=county&view=report&reportType=detailed
21165,"Menifee County, Kentucky",https://cbb.census.gov/rae/#industry0=00&geoId=21165&geoType=county&view=report&reportType=detailed
21167,"Mercer County, Kentucky",https://cbb.census.gov/rae/#industry0=00&geoId=21167&geoType=county&view=report&reportType=detailed
21169,"Metcalfe County, Kentucky",https://cbb.census.gov/rae/#industry0=00&geoId=21169&geoType=county&view=report&reportType=detailed
21171,"Monroe County, Kentucky",https://cbb.census.gov/rae/#industry0=00&geoId=21171&geoType=county&view=report&reportType=detailed
21173,"Montgomery County, Kentucky",https://cbb.census.gov/rae/#industry0=00&geoId=21173&geoType=county&view=report&reportType=detailed
21175,"Morgan County, Kentucky",https://cbb.census.gov/rae/#industry0=00&geoId=21175&geoType=county&view=report&reportType=detailed
21177,"Muhlenberg County, Kentucky",https://cbb.census.gov/rae/#industry0=00&geoId=21177&geoType=county&view=report&reportType=detailed
21179,"Nelson County, Kentucky",https://cbb.census.gov/rae/#industry0=00&geoId=21179&geoType=county&view=report&reportType=detailed
21181,"Nicholas County, Kentucky",https://cbb.census.gov/rae/#industry0=00&geoId=21181&geoType=county&view=report&reportType=detailed
21183,"Ohio County, Kentucky",https://cbb.census.gov/rae/#industry0=00&geoId=21183&geoType=county&view=report&reportType=detailed
21185,"Oldham County, Kentucky",https://cbb.census.gov/rae/#industry0=00&geoId=21185&geoType=county&view=report&reportType=detailed
21187,"Owen County, Kentucky",https://cbb.census.gov/rae/#industry0=00&geoId=21187&geoType=county&view=report&reportType=detailed
21189,"Owsley County, Kentucky",https://cbb.census.gov/rae/#industry0=00&geoId=21189&geoType=county&view=report&reportType=detailed
21191,"Pendleton County, Kentucky",https://cbb.census.gov/rae/#industry0=00&geoId=21191&geoType=county&view=report&reportType=detailed
21193,"Perry County, Kentucky",https://cbb.census.gov/rae/#industry0=00&geoId=21193&geoType=county&view=report&reportType=detailed
21195,"Pike County, Kentucky",https://cbb.census.gov/rae/#industry0=00&geoId=21195&geoType=county&view=report&reportType=detailed
21197,"Powell County, Kentucky",https://cbb.census.gov/rae/#industry0=00&geoId=21197&geoType=county&view=report&reportType=detailed
21199,"Pulaski County, Kentucky",https://cbb.census.gov/rae/#industry0=00&geoId=21199&geoType=county&view=report&reportType=detailed
21201,"Robertson County, Kentucky",https://cbb.census.gov/rae/#industry0=00&geoId=21201&geoType=county&view=report&reportType=detailed
21203,"Rockcastle County, Kentucky",https://cbb.census.gov/rae/#industry0=00&geoId=21203&geoType=county&view=report&reportType=detailed
21205,"Rowan County, Kentucky",https://cbb.census.gov/rae/#industry0=00&geoId=21205&geoType=county&view=report&reportType=detailed
21207,"Russell County, Kentucky",https://cbb.census.gov/rae/#industry0=00&geoId=21207&geoType=county&view=report&reportType=detailed
21209,"Scott County, Kentucky",https://cbb.census.gov/rae/#industry0=00&geoId=21209&geoType=county&view=report&reportType=detailed
21211,"Shelby County, Kentucky",https://cbb.census.gov/rae/#industry0=00&geoId=21211&geoType=county&view=report&reportType=detailed
21213,"Simpson County, Kentucky",https://cbb.census.gov/rae/#industry0=00&geoId=21213&geoType=county&view=report&reportType=detailed
21215,"Spencer County, Kentucky",https://cbb.census.gov/rae/#industry0=00&geoId=21215&geoType=county&view=report&reportType=detailed
21217,"Taylor County, Kentucky",https://cbb.census.gov/rae/#industry0=00&geoId=21217&geoType=county&view=report&reportType=detailed
21219,"Todd County, Kentucky",https://cbb.census.gov/rae/#industry0=00&geoId=21219&geoType=county&view=report&reportType=detailed
21221,"Trigg County, Kentucky",https://cbb.census.gov/rae/#industry0=00&geoId=21221&geoType=county&view=report&reportType=detailed
21223,"Trimble County, Kentucky",https://cbb.census.gov/rae/#industry0=00&geoId=21223&geoType=county&view=report&reportType=detailed
21225,"Union County, Kentucky",https://cbb.census.gov/rae/#industry0=00&geoId=21225&geoType=county&view=report&reportType=detailed
21227,"Warren County, Kentucky",https://cbb.census.gov/rae/#industry0=00&geoId=21227&geoType=county&view=report&reportType=detailed
21229,"Washington County, Kentucky",https://cbb.census.gov/rae/#industry0=00&geoId=21229&geoType=county&view=report&reportType=detailed
21231,"Wayne County, Kentucky",https://cbb.census.gov/rae/#industry0=00&geoId=21231&geoType=county&view=report&reportType=detailed
21233,"Webster County, Kentucky",https://cbb.census.gov/rae/#industry0=00&geoId=21233&geoType=county&view=report&reportType=detailed
21235,"Whitley County, Kentucky",https://cbb.census.gov/rae/#industry0=00&geoId=21235&geoType=county&view=report&reportType=detailed
21237,"Wolfe County, Kentucky",https://cbb.census.gov/rae/#industry0=00&geoId=21237&geoType=county&view=report&reportType=detailed
21239,"Woodford County, Kentucky",https://cbb.census.gov/rae/#industry0=00&geoId=21239&geoType=county&view=report&reportType=detailed
22,Louisiana,https://cbb.census.gov/rae/#industry0=00&geoId=22&geoType=state&view=report&reportType=detailed
22001,"Acadia Parish, Louisiana",https://cbb.census.gov/rae/#industry0=00&geoId=22001&geoType=county&view=report&reportType=detailed
22003,"Allen Parish, Louisiana",https://cbb.census.gov/rae/#industry0=00&geoId=22003&geoType=county&view=report&reportType=detailed
22005,"Ascension Parish, Louisiana",https://cbb.census.gov/rae/#industry0=00&geoId=22005&geoType=county&view=report&reportType=detailed
22007,"Assumption Parish, Louisiana",https://cbb.census.gov/rae/#industry0=00&geoId=22007&geoType=county&view=report&reportType=detailed
22009,"Avoyelles Parish, Louisiana",https://cbb.census.gov/rae/#industry0=00&geoId=22009&geoType=county&view=report&reportType=detailed
22011,"Beauregard Parish, Louisiana",https://cbb.census.gov/rae/#industry0=00&geoId=22011&geoType=county&view=report&reportType=detailed
22013,"Bienville Parish, Louisiana",https://cbb.census.gov/rae/#industry0=00&geoId=22013&geoType=county&view=report&reportType=detailed
22015,"Bossier Parish, Louisiana",https://cbb.census.gov/rae/#industry0=00&geoId=22015&geoType=county&view=report&reportType=detailed
22017,"Caddo Parish, Louisiana",https://cbb.census.gov/rae/#industry0=00&geoId=22017&geoType=county&view=report&reportType=detailed
22019,"Calcasieu Parish, Louisiana",https://cbb.census.gov/rae/#industry0=00&geoId=22019&geoType=county&view=report&reportType=detailed
22021,"Caldwell Parish, Louisiana",https://cbb.census.gov/rae/#industry0=00&geoId=22021&geoType=county&view=report&reportType=detailed
22023,"Cameron Parish, Louisiana",https://cbb.census.gov/rae/#industry0=00&geoId=22023&geoType=county&view=report&reportType=detailed
22025,"Catahoula Parish, Louisiana",https://cbb.census.gov/rae/#industry0=00&geoId=22025&geoType=county&view=report&reportType=detailed
22027,"Claiborne Parish, Louisiana",https://cbb.census.gov/rae/#industry0=00&geoId=22027&geoType=county&view=report&reportType=detailed
22029,"Concordia Parish, Louisiana",https://cbb.census.gov/rae/#industry0=00&geoId=22029&geoType=county&view=report&reportType=detailed
22031,"De Soto Parish, Louisiana",https://cbb.census.gov/rae/#industry0=00&geoId=22031&geoType=county&view=report&reportType=detailed
22033,"East Baton Rouge Parish, Louisiana",https://cbb.census.gov/rae/#industry0=00&geoId=22033&geoType=county&view=report&reportType=detailed
22035,"East Carroll Parish, Louisiana",https://cbb.census.gov/rae/#industry0=00&geoId=22035&geoType=county&view=report&reportType=detailed
22037,"East Feliciana Parish, Louisiana",https://cbb.census.gov/rae/#industry0=00&geoId=22037&geoType=county&view=report&reportType=detailed
22039,"Evangeline Parish, Louisiana",https://cbb.census.gov/rae/#industry0=00&geoId=22039&geoType=county&view=report&reportType=detailed
22041,"Franklin Parish, Louisiana",https://cbb.census.gov/rae/#industry0=00&geoId=22041&geoType=county&view=report&reportType=detailed
22043,"Grant Parish, Louisiana",https://cbb.census.gov/rae/#industry0=00&geoId=22043&geoType=county&view=report&reportType=detailed
22045,"Iberia Parish, Louisiana",https://cbb.census.gov/rae/#industry0=00&geoId=22045&geoType=county&view=report&reportType=detailed
22047,"Iberville Parish, Louisiana",https://cbb.census.gov/rae/#industry0=00&geoId=22047&geoType=county&view=report&reportType=detailed
22049,"Jackson Parish, Louisiana",https://cbb.census.gov/rae/#industry0=00&geoId=22049&geoType=county&view=report&reportType=detailed
22051,"Jefferson Parish, Louisiana",https://cbb.census.gov/rae/#industry0=00&geoId=22051&geoType=county&view=report&reportType=detailed
22053,"Jefferson Davis Parish, Louisiana",https://cbb.census.gov/rae/#industry0=00&geoId=22053&geoType=county&view=report&reportType=detailed
22055,"Lafayette Parish, Louisiana",https://cbb.census.gov/rae/#industry0=00&geoId=22055&geoType=county&view=report&reportType=detailed
22057,"Lafourche Parish, Louisiana",https://cbb.census.gov/rae/#industry0=00&geoId=22057&geoType=county&view=report&reportType=detailed
22059,"LaSalle Parish, Louisiana",https://cbb.census.gov/rae/#industry0=00&geoId=22059&geoType=county&view=report&reportType=detailed
22061,"Lincoln Parish, Louisiana",https://cbb.census.gov/rae/#industry0=00&geoId=22061&geoType=county&view=report&reportType=detailed
22063,"Livingston Parish, Louisiana",https://cbb.census.gov/rae/#industry0=00&geoId=22063&geoType=county&view=report&reportType=detailed
22065,"Madison Parish, Louisiana",https://cbb.census.gov/rae/#industry0=00&geoId=22065&geoType=county&view=report&reportType=detailed
22067,"Morehouse Parish, Louisiana",https://cbb.census.gov/rae/#industry0=00&geoId=22067&geoType=county&view=report&reportType=detailed
22069,"Natchitoches Parish, Louisiana",https://cbb.census.gov/rae/#industry0=00&geoId=22069&geoType=county&view=report&reportType=detailed
22071,"Orleans Parish, Louisiana",https://cbb.census.gov/rae/#industry0=00&geoId=22071&geoType=county&view=report&reportType=detailed
22073,"Ouachita Parish, Louisiana",https://cbb.census.gov/rae/#industry0=00&geoId=22073&geoType=county&view=report&reportType=detailed
22075,"Plaquemines Parish, Louisiana",https://cbb.census.gov/rae/#industry0=00&geoId=22075&geoType=county&view=report&reportType=detailed
22077,"Pointe Coupee Parish, Louisiana",https://cbb.census.gov/rae/#industry0=00&geoId=22077&geoType=county&view=report&reportType=detailed
22079,"Rapides Parish, Louisiana",https://cbb.census.gov/rae/#industry0=00&geoId=22079&geoType=county&view=report&reportType=detailed
22081,"Red River Parish, Louisiana",https://cbb.census.gov/rae/#industry0=00&geoId=22081&geoType=county&view=report&reportType=detailed
22083,"Richland Parish, Louisiana",https://cbb.census.gov/rae/#industry0=00&geoId=22083&geoType=county&view=report&reportType=detailed
22085,"Sabine Parish, Louisiana",https://cbb.census.gov/rae/#industry0=00&geoId=22085&geoType=county&view=report&reportType=detailed
22087,"St. Bernard Parish, Louisiana",https://cbb.census.gov/rae/#industry0=00&geoId=22087&geoType=county&view=report&reportType=detailed
22089,"St. Charles Parish, Louisiana",https://cbb.census.gov/rae/#industry0=00&geoId=22089&geoType=county&view=report&reportType=detailed
22091,"St. Helena Parish, Louisiana",https://cbb.census.gov/rae/#industry0=00&geoId=22091&geoType=county&view=report&reportType=detailed
22093,"St. James Parish, Louisiana",https://cbb.census.gov/rae/#industry0=00&geoId=22093&geoType=county&view=report&reportType=detailed
22095,"St. John the Baptist Parish, Louisiana",https://cbb.census.gov/rae/#industry0=00&geoId=22095&geoType=county&view=report&reportType=detailed
22097,"St. Landry Parish, Louisiana",https://cbb.census.gov/rae/#industry0=00&geoId=22097&geoType=county&view=report&reportType=detailed
22099,"St. Martin Parish, Louisiana",https://cbb.census.gov/rae/#industry0=00&geoId=22099&geoType=county&view=report&reportType=detailed
22101,"St. Mary Parish, Louisiana",https://cbb.census.gov/rae/#industry0=00&geoId=22101&geoType=county&view=report&reportType=detailed
22103,"St. Tammany Parish, Louisiana",https://cbb.census.gov/rae/#industry0=00&geoId=22103&geoType=county&view=report&reportType=detailed
22105,"Tangipahoa Parish, Louisiana",https://cbb.census.gov/rae/#industry0=00&geoId=22105&geoType=county&view=report&reportType=detailed
22107,"Tensas Parish, Louisiana",https://cbb.census.gov/rae/#industry0=00&geoId=22107&geoType=county&view=report&reportType=detailed
22109,"Terrebonne Parish, Louisiana",https://cbb.census.gov/rae/#industry0=00&geoId=22109&geoType=county&view=report&reportType=detailed
22111,"Union Parish, Louisiana",https://cbb.census.gov/rae/#industry0=00&geoId=22111&geoType=county&view=report&reportType=detailed
22113,"Vermilion Parish, Louisiana",https://cbb.census.gov/rae/#industry0=00&geoId=22113&geoType=county&view=report&reportType=detailed
22115,"Vernon Parish, Louisiana",https://cbb.census.gov/rae/#industry0=00&geoId=22115&geoType=county&view=report&reportType=detailed
22117,"Washington Parish, Louisiana",https://cbb.census.gov/rae/#industry0=00&geoId=22117&geoType=county&view=report&reportType=detailed
22119,"Webster Parish, Louisiana",https://cbb.census.gov/rae/#industry0=00&geoId=22119&geoType=county&view=report&reportType=detailed
22121,"West Baton Rouge Parish, Louisiana",https://cbb.census.gov/rae/#industry0=00&geoId=22121&geoType=county&view=report&reportType=detailed
22123,"West Carroll Parish, Louisiana",https://cbb.census.gov/rae/#industry0=00&geoId=22123&geoType=county&view=report&reportType=detailed
22125,"West Feliciana Parish, Louisiana",https://cbb.census.gov/rae/#industry0=00&geoId=22125&geoType=county&view=report&reportType=detailed
22127,"Winn Parish, Louisiana",https://cbb.census.gov/rae/#industry0=00&geoId=22127&geoType=county&view=report&reportType=detailed
23,Maine,https://cbb.census.gov/rae/#industry0=00&geoId=23&geoType=state&view=report&reportType=detailed
23001,"Androscoggin County, Maine",https://cbb.census.gov/rae/#industry0=00&geoId=23001&geoType=county&view=report&reportType=detailed
23003,"Aroostook County, Maine",https://cbb.census.gov/rae/#industry0=00&geoId=23003&geoType=county&view=report&reportType=detailed
23005,"Cumberland County, Maine",https://cbb.census.gov/rae/#industry0=00&geoId=23005&geoType=county&view=report&reportType=detailed
23007,"Franklin County, Maine",https://cbb.census.gov/rae/#industry0=00&geoId=23007&geoType=county&view=report&reportType=detailed
23009,"Hancock County, Maine",https://cbb.census.gov/rae/#industry0=00&geoId=23009&geoType=county&view=report&reportType=detailed
23011,"Kennebec County, Maine",https://cbb.census.gov/rae/#industry0=00&geoId=23011&geoType=county&view=report&reportType=detailed
23013,"Knox County, Maine",https://cbb.census.gov/rae/#industry0=00&geoId=23013&geoType=county&view=report&reportType=detailed
23015,"Lincoln County, Maine",https://cbb.census.gov/rae/#industry0=00&geoId=23015&geoType=county&view=report&reportType=detailed
23017,"Oxford County, Maine",https://cbb.census.gov/rae/#industry0=00&geoId=23017&geoType=county&view=report&reportType=detailed
23019,"Penobscot County, Maine",https://cbb.census.gov/rae/#industry0=00&geoId=23019&geoType=county&view=report&reportType=detailed
23021,"Piscataquis County, Maine",https://cbb.census.gov/rae/#industry0=00&geoId=23021&geoType=county&view=report&reportType=detailed
23023,"Sagadahoc County, Maine",https://cbb.census.gov/rae/#industry0=00&geoId=23023&geoType=county&view=report&reportType=detailed
23025,"Somerset County, Maine",https://cbb.census.gov/rae/#industry0=00&geoId=23025&geoType=county&view=report&reportType=detailed
23027,"Waldo County, Maine",https://cbb.census.gov/rae/#industry0=00&geoId=23027&geoType=county&view=report&reportType=detailed
23029,"Washington County, Maine",https://cbb.census.gov/rae/#industry0=00&geoId=23029&geoType=county&view=report&reportType=detailed
23031,"York County, Maine",https://cbb.census.gov/rae/#industry0=00&geoId=23031&geoType=county&view=report&reportType=detailed
24,Maryland,https://cbb.census.gov/rae/#industry0=00&geoId=24&geoType=state&view=report&reportType=detailed
24001,"Allegany County, Maryland",https://cbb.census.gov/rae/#industry0=00&geoId=24001&geoType=county&view=report&reportType=detailed
24003,"Anne Arundel County, Maryland",https://cbb.census.gov/rae/#industry0=00&geoId=24003&geoType=county&view=report&reportType=detailed
24005,"Baltimore County, Maryland",https://cbb.census.gov/rae/#industry0=00&geoId=24005&geoType=county&view=report&reportType=detailed
24009,"Calvert County, Maryland",https://cbb.census.gov/rae/#industry0=00&geoId=24009&geoType=county&view=report&reportType=detailed
24011,"Caroline County, Maryland",https://cbb.census.gov/rae/#industry0=00&geoId=24011&geoType=county&view=report&reportType=detailed
24013,"Carroll County, Maryland",https://cbb.census.gov/rae/#industry0=00&geoId=24013&geoType=county&view=report&reportType=detailed
24015,"Cecil County, Maryland",https://cbb.census.gov/rae/#industry0=00&geoId=24015&geoType=county&view=report&reportType=detailed
24017,"Charles County, Maryland",https://cbb.census.gov/rae/#industry0=00&geoId=24017&geoType=county&view=report&reportType=detailed
24019,"Dorchester County, Maryland",https://cbb.census.gov/rae/#industry0=00&geoId=24019&geoType=county&view=report&reportType=detailed
24021,"Frederick County, Maryland",https://cbb.census.gov/rae/#industry0=00&geoId=24021&geoType=county&view=report&reportType=detailed
24023,"Garrett County, Maryland",https://cbb.census.gov/rae/#industry0=00&geoId=24023&geoType=county&view=report&reportType=detailed
24025,"Harford County, Maryland",https://cbb.census.gov/rae/#industry0=00&geoId=24025&geoType=county&view=report&reportType=detailed
24027,"Howard County, Maryland",https://cbb.census.gov/rae/#industry0=00&geoId=24027&geoType=county&view=report&reportType=detailed
24029,"Kent County, Maryland",https://cbb.census.gov/rae/#industry0=00&geoId=24029&geoType=county&view=report&reportType=detailed
24031,"Montgomery County, Maryland",https://cbb.census.gov/rae/#industry0=00&geoId=24031&geoType=county&view=report&reportType=detailed
24033,"Prince George's County, Maryland",https://cbb.census.gov/rae/#industry0=00&geoId=24033&geoType=county&view=report&reportType=detailed
24035,"Queen Anne's County, Maryland",https://cbb.census.gov/rae/#industry0=00&geoId=24035&geoType=county&view=report&reportType=detailed
24037,"St. Mary's County, Maryland",https://cbb.census.gov/rae/#industry0=00&geoId=24037&geoType=county&view=report&reportType=detailed
24039,"Somerset County, Maryland",https://cbb.census.gov/rae/#industry0=00&geoId=24039&geoType=county&view=report&reportType=detailed
24041,"Talbot County, Maryland",https://cbb.census.gov/rae/#industry0=00&geoId=24041&geoType=county&view=report&reportType=detailed
24043,"Washington County, Maryland",https://cbb.census.gov/rae/#industry0=00&geoId=24043&geoType=county&view=report&reportType=detailed
24045,"Wicomico County, Maryland",https://cbb.census.gov/rae/#industry0=00&geoId=24045&geoType=county&view=report&reportType=detailed
24047,"Worcester County, Maryland",https://cbb.census.gov/rae/#industry0=00&geoId=24047&geoType=county&view=report&reportType=detailed
24510,"Baltimore city, Maryland",https://cbb.census.gov/rae/#industry0=00&geoId=24510&geoType=county&view=report&reportType=detailed
25,Massachusetts,https://cbb.census.gov/rae/#industry0=00&geoId=25&geoType=state&view=report&reportType=detailed
25001,"Barnstable County, Massachusetts",https://cbb.census.gov/rae/#industry0=00&geoId=25001&geoType=county&view=report&reportType=detailed
25003,"Berkshire County, Massachusetts",https://cbb.census.gov/rae/#industry0=00&geoId=25003&geoType=county&view=report&reportType=detailed
25005,"Bristol County, Massachusetts",https://cbb.census.gov/rae/#industry0=00&geoId=25005&geoType=county&view=report&reportType=detailed
25007,"Dukes County, Massachusetts",https://cbb.census.gov/rae/#industry0=00&geoId=25007&geoType=county&view=report&reportType=detailed
25009,"Essex County, Massachusetts",https://cbb.census.gov/rae/#industry0=00&geoId=25009&geoType=county&view=report&reportType=detailed
25011,"Franklin County, Massachusetts",https://cbb.census.gov/rae/#industry0=00&geoId=25011&geoType=county&view=report&reportType=detailed
25013,"Hampden County, Massachusetts",https://cbb.census.gov/rae/#industry0=00&geoId=25013&geoType=county&view=report&reportType=detailed
25015,"Hampshire County, Massachusetts",https://cbb.census.gov/rae/#industry0=00&geoId=25015&geoType=county&view=report&reportType=detailed
25017,"Middlesex County, Massachusetts",https://cbb.census.gov/rae/#industry0=00&geoId=25017&geoType=county&view=report&reportType=detailed
25019,"Nantucket County, Massachusetts",https://cbb.census.gov/rae/#industry0=00&geoId=25019&geoType=county&view=report&reportType=detailed
25021,"Norfolk County, Massachusetts",https://cbb.census.gov/rae/#industry0=00&geoId=25021&geoType=county&view=report&reportType=detailed
25023,"Plymouth County, Massachusetts",https://cbb.census.gov/rae/#industry0=00&geoId=25023&geoType=county&view=report&reportType=detailed
25025,"Suffolk County, Massachusetts",https://cbb.census.gov/rae/#industry0=00&geoId=25025&geoType=county&view=report&reportType=detailed
25027,"Worcester County, Massachusetts",https://cbb.census.gov/rae/#industry0=00&geoId=25027&geoType=county&view=report&reportType=detailed
26,Michigan,https://cbb.census.gov/rae/#industry0=00&geoId=26&geoType=state&view=report&reportType=detailed
26001,"Alcona County, Michigan",https://cbb.census.gov/rae/#industry0=00&geoId=26001&geoType=county&view=report&reportType=detailed
26003,"Alger County, Michigan",https://cbb.census.gov/rae/#industry0=00&geoId=26003&geoType=county&view=report&reportType=detailed
26005,"Allegan County, Michigan",https://cbb.census.gov/rae/#industry0=00&geoId=26005&geoType=county&view=report&reportType=detailed
26007,"Alpena County, Michigan",https://cbb.census.gov/rae/#industry0=00&geoId=26007&geoType=county&view=report&reportType=detailed
26009,"Antrim County, Michigan",https://cbb.census.gov/rae/#industry0=00&geoId=26009&geoType=county&view=report&reportType=detailed
26011,"Arenac County, Michigan",https://cbb.census.gov/rae/#industry0=00&geoId=26011&geoType=county&view=report&reportType=detailed
26013,"Baraga County, Michigan",https://cbb.census.gov/rae/#industry0=00&geoId=26013&geoType=county&view=report&reportType=detailed
26015,"Barry County, Michigan",https://cbb.census.gov/rae/#industry0=00&geoId=26015&geoType=county&view=report&reportType=detailed
26017,"Bay County, Michigan",https://cbb.census.gov/rae/#industry0=00&geoId=26017&geoType=county&view=report&reportType=detailed
26019,"Benzie County, Michigan",https://cbb.census.gov/rae/#industry0=00&geoId=26019&geoType=county&view=report&reportType=detailed
26021,"Berrien County, Michigan",https://cbb.census.gov/rae/#industry0=00&geoId=26021&geoType=county&view=report&reportType=detailed
26023,"Branch County, Michigan",https://cbb.census.gov/rae/#industry0=00&geoId=26023&geoType=county&view=report&reportType=detailed
26025,"Calhoun County, Michigan",https://cbb.census.gov/rae/#industry0=00&geoId=26025&geoType=county&view=report&reportType=detailed
26027,"Cass County, Michigan",https://cbb.census.gov/rae/#industry0=00&geoId=26027&geoType=county&view=report&reportType=detailed
26029,"Charlevoix County, Michigan",https://cbb.census.gov/rae/#industry0=00&geoId=26029&geoType=county&view=report&reportType=detailed
26031,"Cheboygan County, Michigan",https://cbb.census.gov/rae/#industry0=00&geoId=26031&geoType=county&view=report&reportType=detailed
26033,"Chippewa County, Michigan",https://cbb.census.gov/rae/#industry0=00&geoId=26033&geoType=county&view=report&reportType=detailed
26035,"Clare County, Michigan",https://cbb.census.gov/rae/#industry0=00&geoId=26035&geoType=county&view=report&reportType=detailed
26037,"Clinton County, Michigan",https://cbb.census.gov/rae/#industry0=00&geoId=26037&geoType=county&view=report&reportType=detailed
26039,"Crawford County, Michigan",https://cbb.census.gov/rae/#industry0=00&geoId=26039&geoType=county&view=report&reportType=detailed
26041,"Delta County, Michigan",https://cbb.census.gov/rae/#industry0=00&geoId=26041&geoType=county&view=report&reportType=detailed
26043,"Dickinson County, Michigan",https://cbb.census.gov/rae/#industry0=00&geoId=26043&geoType=county&view=report&reportType=detailed
26045,"Eaton County, Michigan",https://cbb.census.gov/rae/#industry0=00&geoId=26045&geoType=county&view=report&reportType=detailed
26047,"Emmet County, Michigan",https://cbb.census.gov/rae/#industry0=00&geoId=26047&geoType=county&view=report&reportType=detailed
26049,"Genesee County, Michigan",https://cbb.census.gov/rae/#industry0=00&geoId=26049&geoType=county&view=report&reportType=detailed
26051,"Gladwin County, Michigan",https://cbb.census.gov/rae/#industry0=00&geoId=26051&geoType=county&view=report&reportType=detailed
26053,"Gogebic County, Michigan",https://cbb.census.gov/rae/#industry0=00&geoId=26053&geoType=county&view=report&reportType=detailed
26055,"Grand Traverse County, Michigan",https://cbb.census.gov/rae/#industry0=00&geoId=26055&geoType=county&view=report&reportType=detailed
26057,"Gratiot County, Michigan",https://cbb.census.gov/rae/#industry0=00&geoId=26057&geoType=county&view=report&reportType=detailed
26059,"Hillsdale County, Michigan",https://cbb.census.gov/rae/#industry0=00&geoId=26059&geoType=county&view=report&reportType=detailed
26061,"Houghton County, Michigan",https://cbb.census.gov/rae/#industry0=00&geoId=26061&geoType=county&view=report&reportType=detailed
26063,"Huron County, Michigan",https://cbb.census.gov/rae/#industry0=00&geoId=26063&geoType=county&view=report&reportType=detailed
26065,"Ingham County, Michigan",https://cbb.census.gov/rae/#industry0=00&geoId=26065&geoType=county&view=report&reportType=detailed
26067,"Ionia County, Michigan",https://cbb.census.gov/rae/#industry0=00&geoId=26067&geoType=county&view=report&reportType=detailed
26069,"Iosco County, Michigan",https://cbb.census.gov/rae/#industry0=00&geoId=26069&geoType=county&view=report&reportType=detailed
26071,"Iron County, Michigan",https://cbb.census.gov/rae/#industry0=00&geoId=26071&geoType=county&view=report&reportType=detailed
26073,"Isabella County, Michigan",https://cbb.census.gov/rae/#industry0=00&geoId=26073&geoType=county&view=report&reportType=detailed
26075,"Jackson County, Michigan",https://cbb.census.gov/rae/#industry0=00&geoId=26075&geoType=county&view=report&reportType=detailed
26077,"Kalamazoo County, Michigan",https://cbb.census.gov/rae/#industry0=00&geoId=26077&geoType=county&view=report&reportType=detailed
26079,"Kalkaska County, Michigan",https://cbb.census.gov/rae/#industry0=00&geoId=26079&geoType=county&view=report&reportType=detailed
26081,"Kent County, Michigan",https://cbb.census.gov/rae/#industry0=00&geoId=26081&geoType=county&view=report&reportType=detailed
26083,"Keweenaw County, Michigan",https://cbb.census.gov/rae/#industry0=00&geoId=26083&geoType=county&view=report&reportType=detailed
26085,"Lake County, Michigan",https://cbb.census.gov/rae/#industry0=00&geoId=26085&geoType=county&view=report&reportType=detailed
26087,"Lapeer County, Michigan",https://cbb.census.gov/rae/#industry0=00&geoId=26087&geoType=county&view=report&reportType=detailed
26089,"Leelanau County, Michigan",https://cbb.census.gov/rae/#industry0=00&geoId=26089&geoType=county&view=report&reportType=detailed
26091,"Lenawee County, Michigan",https://cbb.census.gov/rae/#industry0=00&geoId=26091&geoType=county&view=report&reportType=detailed
26093,"Livingston County, Michigan",https://cbb.census.gov/rae/#industry0=00&geoId=26093&geoType=county&view=report&reportType=detailed
26095,"Luce County, Michigan",https://cbb.census.gov/rae/#industry0=00&geoId=26095&geoType=county&view=report&reportType=detailed
26097,"Mackinac County, Michigan",https://cbb.census.gov/rae/#industry0=00&geoId=26097&geoType=county&view=report&reportType=detailed
26099,"Macomb County, Michigan",https://cbb.census.gov/rae/#industry0=00&geoId=26099&geoType=county&view=report&reportType=detailed
26101,"Manistee County, Michigan",https://cbb.census.gov/rae/#industry0=00&geoId=26101&geoType=county&view=report&reportType=detailed
26103,"Marquette County, Michigan",https://cbb.census.gov/rae/#industry0=00&geoId=26103&geoType=county&view=report&reportType=detailed
26105,"Mason County, Michigan",https://cbb.census.gov/rae/#industry0=00&geoId=26105&geoType=county&view=report&reportType=detailed
26107,"Mecosta County, Michigan",https://cbb.census.gov/rae/#industry0=00&geoId=26107&geoType=county&view=report&reportType=detailed
26109,"Menominee County, Michigan",https://cbb.census.gov/rae/#industry0=00&geoId=26109&geoType=county&view=report&reportType=detailed
26111,"Midland County, Michigan",https://cbb.census.gov/rae/#industry0=00&geoId=26111&geoType=county&view=report&reportType=detailed
26113,"Missaukee County, Michigan",https://cbb.census.gov/rae/#industry0=00&geoId=26113&geoType=county&view=report&reportType=detailed
26115,"Monroe County, Michigan",https://cbb.census.gov/rae/#industry0=00&geoId=26115&geoType=county&view=report&reportType=detailed
26117,"Montcalm County, Michigan",https://cbb.census.gov/rae/#industry0=00&geoId=26117&geoType=county&view=report&reportType=detailed
26119,"Montmorency County, Michigan",https://cbb.census.gov/rae/#industry0=00&geoId=26119&geoType=county&view=report&reportType=detailed
26121,"Muskegon County, Michigan",https://cbb.census.gov/rae/#industry0=00&geoId=26121&geoType=county&view=report&reportType=detailed
26123,"Newaygo County, Michigan",https://cbb.census.gov/rae/#industry0=00&geoId=26123&geoType=county&view=report&reportType=detailed
26125,"Oakland County, Michigan",https://cbb.census.gov/rae/#industry0=00&geoId=26125&geoType=county&view=report&reportType=detailed
26127,"Oceana County, Michigan",https://cbb.census.gov/rae/#industry0=00&geoId=26127&geoType=county&view=report&reportType=detailed
26129,"Ogemaw County, Michigan",https://cbb.census.gov/rae/#industry0=00&geoId=26129&geoType=county&view=report&reportType=detailed
26131,"Ontonagon County, Michigan",https://cbb.census.gov/rae/#industry0=00&geoId=26131&geoType=county&view=report&reportType=detailed
26133,"Osceola County, Michigan",https://cbb.census.gov/rae/#industry0=00&geoId=26133&geoType=county&view=report&reportType=detailed
26135,"Oscoda County, Michigan",https://cbb.census.gov/rae/#industry0=00&geoId=26135&geoType=county&view=report&reportType=detailed
26137,"Otsego County, Michigan",https://cbb.census.gov/rae/#industry0=00&geoId=26137&geoType=county&view=report&reportType=detailed
26139,"Ottawa County, Michigan",https://cbb.census.gov/rae/#industry0=00&geoId=26139&geoType=county&view=report&reportType=detailed
26141,"Presque Isle County, Michigan",https://cbb.census.gov/rae/#industry0=00&geoId=26141&geoType=county&view=report&reportType=detailed
26143,"Roscommon County, Michigan",https://cbb.census.gov/rae/#industry0=00&geoId=26143&geoType=county&view=report&reportType=detailed
26145,"Saginaw County, Michigan",https://cbb.census.gov/rae/#industry0=00&geoId=26145&geoType=county&view=report&reportType=detailed
26147,"St. Clair County, Michigan",https://cbb.census.gov/rae/#industry0=00&geoId=26147&geoType=county&view=report&reportType=detailed
26149,"St. Joseph County, Michigan",https://cbb.census.gov/rae/#industry0=00&geoId=26149&geoType=county&view=report&reportType=detailed
26151,"Sanilac County, Michigan",https://cbb.census.gov/rae/#industry0=00&geoId=26151&geoType=county&view=report&reportType=detailed
26153,"Schoolcraft County, Michigan",https://cbb.census.gov/rae/#industry0=00&geoId=26153&geoType=county&view=report&reportType=detailed
26155,"Shiawassee County, Michigan",https://cbb.census.gov/rae/#industry0=00&geoId=26155&geoType=county&view=report&reportType=detailed
26157,"Tuscola County, Michigan",https://cbb.census.gov/rae/#industry0=00&geoId=26157&geoType=county&view=report&reportType=detailed
26159,"Van Buren County, Michigan",https://cbb.census.gov/rae/#industry0=00&geoId=26159&geoType=county&view=report&reportType=detailed
26161,"Washtenaw County, Michigan",https://cbb.census.gov/rae/#industry0=00&geoId=26161&geoType=county&view=report&reportType=detailed
26163,"Wayne County, Michigan",https://cbb.census.gov/rae/#industry0=00&geoId=26163&geoType=county&view=report&reportType=detailed
26165,"Wexford County, Michigan",https://cbb.census.gov/rae/#industry0=00&geoId=26165&geoType=county&view=report&reportType=detailed
27,Minnesota,https://cbb.census.gov/rae/#industry0=00&geoId=27&geoType=state&view=report&reportType=detailed
27001,"Aitkin County, Minnesota",https://cbb.census.gov/rae/#industry0=00&geoId=27001&geoType=county&view=report&reportType=detailed
27003,"Anoka County, Minnesota",https://cbb.census.gov/rae/#industry0=00&geoId=27003&geoType=county&view=report&reportType=detailed
27005,"Becker County, Minnesota",https://cbb.census.gov/rae/#industry0=00&geoId=27005&geoType=county&view=report&reportType=detailed
27007,"Beltrami County, Minnesota",https://cbb.census.gov/rae/#industry0=00&geoId=27007&geoType=county&view=report&reportType=detailed
27009,"Benton County, Minnesota",https://cbb.census.gov/rae/#industry0=00&geoId=27009&geoType=county&view=report&reportType=detailed
27011,"Big Stone County, Minnesota",https://cbb.census.gov/rae/#industry0=00&geoId=27011&geoType=county&view=report&reportType=detailed
27013,"Blue Earth County, Minnesota",https://cbb.census.gov/rae/#industry0=00&geoId=27013&geoType=county&view=report&reportType=detailed
27015,"Brown County, Minnesota",https://cbb.census.gov/rae/#industry0=00&geoId=27015&geoType=county&view=report&reportType=detailed
27017,"Carlton County, Minnesota",https://cbb.census.gov/rae/#industry0=00&geoId=27017&geoType=county&view=report&reportType=detailed
27019,"Carver County, Minnesota",https://cbb.census.gov/rae/#industry0=00&geoId=27019&geoType=county&view=report&reportType=detailed
27021,"Cass County, Minnesota",https://cbb.census.gov/rae/#industry0=00&geoId=27021&geoType=county&view=report&reportType=detailed
27023,"Chippewa County, Minnesota",https://cbb.census.gov/rae/#industry0=00&geoId=27023&geoType=county&view=report&reportType=detailed
27025,"Chisago County, Minnesota",https://cbb.census.gov/rae/#industry0=00&geoId=27025&geoType=county&view=report&reportType=detailed
27027,"Clay County, Minnesota",https://cbb.census.gov/rae/#industry0=00&geoId=27027&geoType=county&view=report&reportType=detailed
27029,"Clearwater County, Minnesota",https://cbb.census.gov/rae/#industry0=00&geoId=27029&geoType=county&view=report&reportType=detailed
27031,"Cook County, Minnesota",https://cbb.census.gov/rae/#industry0=00&geoId=27031&geoType=county&view=report&reportType=detailed
27033,"Cottonwood County, Minnesota",https://cbb.census.gov/rae/#industry0=00&geoId=27033&geoType=county&view=report&reportType=detailed
27035,"Crow Wing County, Minnesota",https://cbb.census.gov/rae/#industry0=00&geoId=27035&geoType=county&view=report&reportType=detailed
27037,"Dakota County, Minnesota",https://cbb.census.gov/rae/#industry0=00&geoId=27037&geoType=county&view=report&reportType=detailed
27039,"Dodge County, Minnesota",https://cbb.census.gov/rae/#industry0=00&geoId=27039&geoType=county&view=report&reportType=detailed
27041,"Douglas County, Minnesota",https://cbb.census.gov/rae/#industry0=00&geoId=27041&geoType=county&view=report&reportType=detailed
27043,"Faribault County, Minnesota",https://cbb.census.gov/rae/#industry0=00&geoId=27043&geoType=county&view=report&reportType=detailed
27045,"Fillmore County, Minnesota",https://cbb.census.gov/rae/#industry0=00&geoId=27045&geoType=county&view=report&reportType=detailed
27047,"Freeborn County, Minnesota",https://cbb.census.gov/rae/#industry0=00&geoId=27047&geoType=county&view=report&reportType=detailed
27049,"Goodhue County, Minnesota",https://cbb.census.gov/rae/#industry0=00&geoId=27049&geoType=county&view=report&reportType=detailed
27051,"Grant County, Minnesota",https://cbb.census.gov/rae/#industry0=00&geoId=27051&geoType=county&view=report&reportType=detailed
27053,"Hennepin County, Minnesota",https://cbb.census.gov/rae/#industry0=00&geoId=27053&geoType=county&view=report&reportType=detailed
27055,"Houston County, Minnesota",https://cbb.census.gov/rae/#industry0=00&geoId=27055&geoType=county&view=report&reportType=detailed
27057,"Hubbard County, Minnesota",https://cbb.census.gov/rae/#industry0=00&geoId=27057&geoType=county&view=report&reportType=detailed
27059,"Isanti County, Minnesota",https://cbb.census.gov/rae/#industry0=00&geoId=27059&geoType=county&view=report&reportType=detailed
27061,"Itasca County, Minnesota",https://cbb.census.gov/rae/#industry0=00&geoId=27061&geoType=county&view=report&reportType=detailed
27063,"Jackson County, Minnesota",https://cbb.census.gov/rae/#industry0=00&geoId=27063&geoType=county&view=report&reportType=detailed
27065,"Kanabec County, Minnesota",https://cbb.census.gov/rae/#industry0=00&geoId=27065&geoType=county&view=report&reportType=detailed
27067,"Kandiyohi County, Minnesota",https://cbb.census.gov/rae/#industry0=00&geoId=27067&geoType=county&view=report&reportType=detailed
27069,"Kittson County, Minnesota",https://cbb.census.gov/rae/#industry0=00&geoId=27069&geoType=county&view=report&reportType=detailed
27071,"Koochiching County, Minnesota",https://cbb.census.gov/rae/#industry0=00&geoId=27071&geoType=county&view=report&reportType=detailed
27073,"Lac qui Parle County, Minnesota",https://cbb.census.gov/rae/#industry0=00&geoId=27073&geoType=county&view=report&reportType=detailed
27075,"Lake County, Minnesota",https://cbb.census.gov/rae/#industry0=00&geoId=27075&geoType=county&view=report&reportType=detailed
27077,"Lake of the Woods County, Minnesota",https://cbb.census.gov/rae/#industry0=00&geoId=27077&geoType=county&view=report&reportType=detailed
27079,"Le Sueur County, Minnesota",https://cbb.census.gov/rae/#industry0=00&geoId=27079&geoType=county&view=report&reportType=detailed
27081,"Lincoln County, Minnesota",https://cbb.census.gov/rae/#industry0=00&geoId=27081&geoType=county&view=report&reportType=detailed
27083,"Lyon County, Minnesota",https://cbb.census.gov/rae/#industry0=00&geoId=27083&geoType=county&view=report&reportType=detailed
27085,"McLeod County, Minnesota",https://cbb.census.gov/rae/#industry0=00&geoId=27085&geoType=county&view=report&reportType=detailed
27087,"Mahnomen County, Minnesota",https://cbb.census.gov/rae/#industry0=00&geoId=27087&geoType=county&view=report&reportType=detailed
27089,"Marshall County, Minnesota",https://cbb.census.gov/rae/#industry0=00&geoId=27089&geoType=county&view=report&reportType=detailed
27091,"Martin County, Minnesota",https://cbb.census.gov/rae/#industry0=00&geoId=27091&geoType=county&view=report&reportType=detailed
27093,"Meeker County, Minnesota",https://cbb.census.gov/rae/#industry0=00&geoId=27093&geoType=county&view=report&reportType=detailed
27095,"Mille Lacs County, Minnesota",https://cbb.census.gov/rae/#industry0=00&geoId=27095&geoType=county&view=report&reportType=detailed
27097,"Morrison County, Minnesota",https://cbb.census.gov/rae/#industry0=00&geoId=27097&geoType=county&view=report&reportType=detailed
27099,"Mower County, Minnesota",https://cbb.census.gov/rae/#industry0=00&geoId=27099&geoType=county&view=report&reportType=detailed
27101,"Murray County, Minnesota",https://cbb.census.gov/rae/#industry0=00&geoId=27101&geoType=county&view=report&reportType=detailed
27103,"Nicollet County, Minnesota",https://cbb.census.gov/rae/#industry0=00&geoId=27103&geoType=county&view=report&reportType=detailed
27105,"Nobles County, Minnesota",https://cbb.census.gov/rae/#industry0=00&geoId=27105&geoType=county&view=report&reportType=detailed
27107,"Norman County, Minnesota",https://cbb.census.gov/rae/#industry0=00&geoId=27107&geoType=county&view=report&reportType=detailed
27109,"Olmsted County, Minnesota",https://cbb.census.gov/rae/#industry0=00&geoId=27109&geoType=county&view=report&reportType=detailed
27111,"Otter Tail County, Minnesota",https://cbb.census.gov/rae/#industry0=00&geoId=27111&geoType=county&view=report&reportType=detailed
27113,"Pennington County, Minnesota",https://cbb.census.gov/rae/#industry0=00&geoId=27113&geoType=county&view=report&reportType=detailed
27115,"Pine County, Minnesota",https://cbb.census.gov/rae/#industry0=00&geoId=27115&geoType=county&view=report&reportType=detailed
27117,"Pipestone County, Minnesota",https://cbb.census.gov/rae/#industry0=00&geoId=27117&geoType=county&view=report&reportType=detailed
27119,"Polk County, Minnesota",https://cbb.census.gov/rae/#industry0=00&geoId=27119&geoType=county&view=report&reportType=detailed
27121,"Pope County, Minnesota",https://cbb.census.gov/rae/#industry0=00&geoId=27121&geoType=county&view=report&reportType=detailed
27123,"Ramsey County, Minnesota",https://cbb.census.gov/rae/#industry0=00&geoId=27123&geoType=county&view=report&reportType=detailed
27125,"Red Lake County, Minnesota",https://cbb.census.gov/rae/#industry0=00&geoId=27125&geoType=county&view=report&reportType=detailed
27127,"Redwood County, Minnesota",https://cbb.census.gov/rae/#industry0=00&geoId=27127&geoType=county&view=report&reportType=detailed
27129,"Renville County, Minnesota",https://cbb.census.gov/rae/#industry0=00&geoId=27129&geoType=county&view=report&reportType=detailed
27131,"Rice County, Minnesota",https://cbb.census.gov/rae/#industry0=00&geoId=27131&geoType=county&view=report&reportType=detailed
27133,"Rock County, Minnesota",https://cbb.census.gov/rae/#industry0=00&geoId=27133&geoType=county&view=report&reportType=detailed
27135,"Roseau County, Minnesota",https://cbb.census.gov/rae/#industry0=00&geoId=27135&geoType=county&view=report&reportType=detailed
27137,"St. Louis County, Minnesota",https://cbb.census.gov/rae/#industry0=00&geoId=27137&geoType=county&view=report&reportType=detailed
27139,"Scott County, Minnesota",https://cbb.census.gov/rae/#industry0=00&geoId=27139&geoType=county&view=report&reportType=detailed
27141,"Sherburne County, Minnesota",https://cbb.census.gov/rae/#industry0=00&geoId=27141&geoType=county&view=report&reportType=detailed
27143,"Sibley County, Minnesota",https://cbb.census.gov/rae/#industry0=00&geoId=27143&geoType=county&view=report&reportType=detailed
27145,"Stearns County, Minnesota",https://cbb.census.gov/rae/#industry0=00&geoId=27145&geoType=county&view=report&reportType=detailed
27147,"Steele County, Minnesota",https://cbb.census.gov/rae/#industry0=00&geoId=27147&geoType=county&view=report&reportType=detailed
27149,"Stevens County, Minnesota",https://cbb.census.gov/rae/#industry0=00&geoId=27149&geoType=county&view=report&reportType=detailed
27151,"Swift County, Minnesota",https://cbb.census.gov/rae/#industry0=00&geoId=27151&geoType=county&view=report&reportType=detailed
27153,"Todd County, Minnesota",https://cbb.census.gov/rae/#industry0=00&geoId=27153&geoType=county&view=report&reportType=detailed
27155,"Traverse County, Minnesota",https://cbb.census.gov/rae/#industry0=00&geoId=27155&geoType=county&view=report&reportType=detailed
27157,"Wabasha County, Minnesota",https://cbb.census.gov/rae/#industry0=00&geoId=27157&geoType=county&view=report&reportType=detailed
27159,"Wadena County, Minnesota",https://cbb.census.gov/rae/#industry0=00&geoId=27159&geoType=county&view=report&reportType=detailed
27161,"Waseca County, Minnesota",https://cbb.census.gov/rae/#industry0=00&geoId=27161&geoType=county&view=report&reportType=detailed
27163,"Washington County, Minnesota",https://cbb.census.gov/rae/#industry0=00&geoId=27163&geoType=county&view=report&reportType=detailed
27165,"Watonwan County, Minnesota",https://cbb.census.gov/rae/#industry0=00&geoId=27165&geoType=county&view=report&reportType=detailed
27167,"Wilkin County, Minnesota",https://cbb.census.gov/rae/#industry0=00&geoId=27167&geoType=county&view=report&reportType=detailed
27169,"Winona County, Minnesota",https://cbb.census.gov/rae/#industry0=00&geoId=27169&geoType=county&view=report&reportType=detailed
27171,"Wright County, Minnesota",https://cbb.census.gov/rae/#industry0=00&geoId=27171&geoType=county&view=report&reportType=detailed
27173,"Yellow Medicine County, Minnesota",https://cbb.census.gov/rae/#industry0=00&geoId=27173&geoType=county&view=report&reportType=detailed
28,Mississippi,https://cbb.census.gov/rae/#industry0=00&geoId=28&geoType=state&view=report&reportType=detailed
28001,"Adams County, Mississippi",https://cbb.census.gov/rae/#industry0=00&geoId=28001&geoType=county&view=report&reportType=detailed
28003,"Alcorn County, Mississippi",https://cbb.census.gov/rae/#industry0=00&geoId=28003&geoType=county&view=report&reportType=detailed
28005,"Amite County, Mississippi",https://cbb.census.gov/rae/#industry0=00&geoId=28005&geoType=county&view=report&reportType=detailed
28007,"Attala County, Mississippi",https://cbb.census.gov/rae/#industry0=00&geoId=28007&geoType=county&view=report&reportType=detailed
28009,"Benton County, Mississippi",https://cbb.census.gov/rae/#industry0=00&geoId=28009&geoType=county&view=report&reportType=detailed
28011,"Bolivar County, Mississippi",https://cbb.census.gov/rae/#industry0=00&geoId=28011&geoType=county&view=report&reportType=detailed
28013,"Calhoun County, Mississippi",https://cbb.census.gov/rae/#industry0=00&geoId=28013&geoType=county&view=report&reportType=detailed
28015,"Carroll County, Mississippi",https://cbb.census.gov/rae/#industry0=00&geoId=28015&geoType=county&view=report&reportType=detailed
28017,"Chickasaw County, Mississippi",https://cbb.census.gov/rae/#industry0=00&geoId=28017&geoType=county&view=report&reportType=detailed
28019,"Choctaw County, Mississippi",https://cbb.census.gov/rae/#industry0=00&geoId=28019&geoType=county&view=report&reportType=detailed
28021,"Claiborne County, Mississippi",https://cbb.census.gov/rae/#industry0=00&geoId=28021&geoType=county&view=report&reportType=detailed
28023,"Clarke County, Mississippi",https://cbb.census.gov/rae/#industry0=00&geoId=28023&geoType=county&view=report&reportType=detailed
28025,"Clay County, Mississippi",https://cbb.census.gov/rae/#industry0=00&geoId=28025&geoType=county&view=report&reportType=detailed
28027,"Coahoma County, Mississippi",https://cbb.census.gov/rae/#industry0=00&geoId=28027&geoType=county&view=report&reportType=detailed
28029,"Copiah County, Mississippi",https://cbb.census.gov/rae/#industry0=00&geoId=28029&geoType=county&view=report&reportType=detailed
28031,"Covington County, Mississippi",https://cbb.census.gov/rae/#industry0=00&geoId=28031&geoType=county&view=report&reportType=detailed
28033,"DeSoto County, Mississippi",https://cbb.census.gov/rae/#industry0=00&geoId=28033&geoType=county&view=report&reportType=detailed
28035,"Forrest County, Mississippi",https://cbb.census.gov/rae/#industry0=00&geoId=28035&geoType=county&view=report&reportType=detailed
28037,"Franklin County, Mississippi",https://cbb.census.gov/rae/#industry0=00&geoId=28037&geoType=county&view=report&reportType=detailed
28039,"George County, Mississippi",https://cbb.census.gov/rae/#industry0=00&geoId=28039&geoType=county&view=report&reportType=detailed
28041,"Greene County, Mississippi",https://cbb.census.gov/rae/#industry0=00&geoId=28041&geoType=county&view=report&reportType=detailed
28043,"Grenada County, Mississippi",https://cbb.census.gov/rae/#industry0=00&geoId=28043&geoType=county&view=report&reportType=detailed
28045,"Hancock County, Mississippi",https://cbb.census.gov/rae/#industry0=00&geoId=28045&geoType=county&view=report&reportType=detailed
28047,"Harrison County, Mississippi",https://cbb.census.gov/rae/#industry0=00&geoId=28047&geoType=county&view=report&reportType=detailed
28049,"Hinds County, Mississippi",https://cbb.census.gov/rae/#industry0=00&geoId=28049&geoType=county&view=report&reportType=detailed
28051,"Holmes County, Mississippi",https://cbb.census.gov/rae/#industry0=00&geoId=28051&geoType=county&view=report&reportType=detailed
28053,"Humphreys County, Mississippi",https://cbb.census.gov/rae/#industry0=00&geoId=28053&geoType=county&view=report&reportType=detailed
28055,"Issaquena County, Mississippi",https://cbb.census.gov/rae/#industry0=00&geoId=28055&geoType=county&view=report&reportType=detailed
28057,"Itawamba County, Mississippi",https://cbb.census.gov/rae/#industry0=00&geoId=28057&geoType=county&view=report&reportType=detailed
28059,"Jackson County, Mississippi",https://cbb.census.gov/rae/#industry0=00&geoId=28059&geoType=county&view=report&reportType=detailed
28061,"Jasper County, Mississippi",https://cbb.census.gov/rae/#industry0=00&geoId=28061&geoType=county&view=report&reportType=detailed
28063,"Jefferson County, Mississippi",https://cbb.census.gov/rae/#industry0=00&geoId=28063&geoType=county&view=report&reportType=detailed
28065,"Jefferson Davis County, Mississippi",https://cbb.census.gov/rae/#industry0=00&geoId=28065&geoType=county&view=report&reportType=detailed
28067,"Jones County, Mississippi",https://cbb.census.gov/rae/#industry0=00&geoId=28067&geoType=county&view=report&reportType=detailed
28069,"Kemper County, Mississippi",https://cbb.census.gov/rae/#industry0=00&geoId=28069&geoType=county&view=report&reportType=detailed
28071,"Lafayette County, Mississippi",https://cbb.census.gov/rae/#industry0=00&geoId=28071&geoType=county&view=report&reportType=detailed
28073,"Lamar County, Mississippi",https://cbb.census.gov/rae/#industry0=00&geoId=28073&geoType=county&view=report&reportType=detailed
28075,"Lauderdale County, Mississippi",https://cbb.census.gov/rae/#industry0=00&geoId=28075&geoType=county&view=report&reportType=detailed
28077,"Lawrence County, Mississippi",https://cbb.census.gov/rae/#industry0=00&geoId=28077&geoType=county&view=report&reportType=detailed
28079,"Leake County, Mississippi",https://cbb.census.gov/rae/#industry0=00&geoId=28079&geoType=county&view=report&reportType=detailed
28081,"Lee County, Mississippi",https://cbb.census.gov/rae/#industry0=00&geoId=28081&geoType=county&view=report&reportType=detailed
28083,"Leflore County, Mississippi",https://cbb.census.gov/rae/#industry0=00&geoId=28083&geoType=county&view=report&reportType=detailed
28085,"Lincoln County, Mississippi",https://cbb.census.gov/rae/#industry0=00&geoId=28085&geoType=county&view=report&reportType=detailed
28087,"Lowndes County, Mississippi",https://cbb.census.gov/rae/#industry0=00&geoId=28087&geoType=county&view=report&reportType=detailed
28089,"Madison County, Mississippi",https://cbb.census.gov/rae/#industry0=00&geoId=28089&geoType=county&view=report&reportType=detailed
28091,"Marion County, Mississippi",https://cbb.census.gov/rae/#industry0=00&geoId=28091&geoType=county&view=report&reportType=detailed
28093,"Marshall County, Mississippi",https://cbb.census.gov/rae/#industry0=00&geoId=28093&geoType=county&view=report&reportType=detailed
28095,"Monroe County, Mississippi",https://cbb.census.gov/rae/#industry0=00&geoId=28095&geoType=county&view=report&reportType=detailed
28097,"Montgomery County, Mississippi",https://cbb.census.gov/rae/#industry0=00&geoId=28097&geoType=county&view=report&reportType=detailed
28099,"Neshoba County, Mississippi",https://cbb.census.gov/rae/#industry0=00&geoId=28099&geoType=county&view=report&reportType=detailed
28101,"Newton County, Mississippi",https://cbb.census.gov/rae/#industry0=00&geoId=28101&geoType=county&view=report&reportType=detailed
28103,"Noxubee County, Mississippi",https://cbb.census.gov/rae/#industry0=00&geoId=28103&geoType=county&view=report&reportType=detailed
28105,"Oktibbeha County, Mississippi",https://cbb.census.gov/rae/#industry0=00&geoId=28105&geoType=county&view=report&reportType=detailed
28107,"Panola County, Mississippi",https://cbb.census.gov/rae/#industry0=00&geoId=28107&geoType=county&view=report&reportType=detailed
28109,"Pearl River County, Mississippi",https://cbb.census.gov/rae/#industry0=00&geoId=28109&geoType=county&view=report&reportType=detailed
28111,"Perry County, Mississippi",https://cbb.census.gov/rae/#industry0=00&geoId=28111&geoType=county&view=report&reportType=detailed
28113,"Pike County, Mississippi",https://cbb.census.gov/rae/#industry0=00&geoId=28113&geoType=county&view=report&reportType=detailed
28115,"Pontotoc County, Mississippi",https://cbb.census.gov/rae/#industry0=00&geoId=28115&geoType=county&view=report&reportType=detailed
28117,"Prentiss County, Mississippi",https://cbb.census.gov/rae/#industry0=00&geoId=28117&geoType=county&view=report&reportType=detailed
28119,"Quitman County, Mississippi",https://cbb.census.gov/rae/#industry0=00&geoId=28119&geoType=county&view=report&reportType=detailed
28121,"Rankin County, Mississippi",https://cbb.census.gov/rae/#industry0=00&geoId=28121&geoType=county&view=report&reportType=detailed
28123,"Scott County, Mississippi",https://cbb.census.gov/rae/#industry0=00&geoId=28123&geoType=county&view=report&reportType=detailed
28125,"Sharkey County, Mississippi",https://cbb.census.gov/rae/#industry0=00&geoId=28125&geoType=county&view=report&reportType=detailed
28127,"Simpson County, Mississippi",https://cbb.census.gov/rae/#industry0=00&geoId=28127&geoType=county&view=report&reportType=detailed
28129,"Smith County, Mississippi",https://cbb.census.gov/rae/#industry0=00&geoId=28129&geoType=county&view=report&reportType=detailed
28131,"Stone County, Mississippi",https://cbb.census.gov/rae/#industry0=00&geoId=28131&geoType=county&view=report&reportType=detailed
28133,"Sunflower County, Mississippi",https://cbb.census.gov/rae/#industry0=00&geoId=28133&geoType=county&view=report&reportType=detailed
28135,"Tallahatchie County, Mississippi",https://cbb.census.gov/rae/#industry0=00&geoId=28135&geoType=county&view=report&reportType=detailed
28137,"Tate County, Mississippi",https://cbb.census.gov/rae/#industry0=00&geoId=28137&geoType=county&view=report&reportType=detailed
28139,"Tippah County, Mississippi",https://cbb.census.gov/rae/#industry0=00&geoId=28139&geoType=county&view=report&reportType=detailed
28141,"Tishomingo County, Mississippi",https://cbb.census.gov/rae/#industry0=00&geoId=28141&geoType=county&view=report&reportType=detailed
28143,"Tunica County, Mississippi",https://cbb.census.gov/rae/#industry0=00&geoId=28143&geoType=county&view=report&reportType=detailed
28145,"Union County, Mississippi",https://cbb.census.gov/rae/#industry0=00&geoId=28145&geoType=county&view=report&reportType=detailed
28147,"Walthall County, Mississippi",https://cbb.census.gov/rae/#industry0=00&geoId=28147&geoType=county&view=report&reportType=detailed
28149,"Warren County, Mississippi",https://cbb.census.gov/rae/#industry0=00&geoId=28149&geoType=county&view=report&reportType=detailed
28151,"Washington County, Mississippi",https://cbb.census.gov/rae/#industry0=00&geoId=28151&geoType=county&view=report&reportType=detailed
28153,"Wayne County, Mississippi",https://cbb.census.gov/rae/#industry0=00&geoId=28153&geoType=county&view=report&reportType=detailed
28155,"Webster County, Mississippi",https://cbb.census.gov/rae/#industry0=00&geoId=28155&geoType=county&view=report&reportType=detailed
28157,"Wilkinson County, Mississippi",https://cbb.census.gov/rae/#industry0=00&geoId=28157&geoType=county&view=report&reportType=detailed
28159,"Winston County, Mississippi",https://cbb.census.gov/rae/#industry0=00&geoId=28159&geoType=county&view=report&reportType=detailed
28161,"Yalobusha County, Mississippi",https://cbb.census.gov/rae/#industry0=00&geoId=28161&geoType=county&view=report&reportType=detailed
28163,"Yazoo County, Mississippi",https://cbb.census.gov/rae/#industry0=00&geoId=28163&geoType=county&view=report&reportType=detailed
29,Missouri,https://cbb.census.gov/rae/#industry0=00&geoId=29&geoType=state&view=report&reportType=detailed
29001,"Adair County, Missouri",https://cbb.census.gov/rae/#industry0=00&geoId=29001&geoType=county&view=report&reportType=detailed
29003,"Andrew County, Missouri",https://cbb.census.gov/rae/#industry0=00&geoId=29003&geoType=county&view=report&reportType=detailed
29005,"Atchison County, Missouri",https://cbb.census.gov/rae/#industry0=00&geoId=29005&geoType=county&view=report&reportType=detailed
29007,"Audrain County, Missouri",https://cbb.census.gov/rae/#industry0=00&geoId=29007&geoType=county&view=report&reportType=detailed
29009,"Barry County, Missouri",https://cbb.census.gov/rae/#industry0=00&geoId=29009&geoType=county&view=report&reportType=detailed
29011,"Barton County, Missouri",https://cbb.census.gov/rae/#industry0=00&geoId=29011&geoType=county&view=report&reportType=detailed
29013,"Bates County, Missouri",https://cbb.census.gov/rae/#industry0=00&geoId=29013&geoType=county&view=report&reportType=detailed
29015,"Benton County, Missouri",https://cbb.census.gov/rae/#industry0=00&geoId=29015&geoType=county&view=report&reportType=detailed
29017,"Bollinger County, Missouri",https://cbb.census.gov/rae/#industry0=00&geoId=29017&geoType=county&view=report&reportType=detailed
29019,"Boone County, Missouri",https://cbb.census.gov/rae/#industry0=00&geoId=29019&geoType=county&view=report&reportType=detailed
29021,"Buchanan County, Missouri",https://cbb.census.gov/rae/#industry0=00&geoId=29021&geoType=county&view=report&reportType=detailed
29023,"Butler County, Missouri",https://cbb.census.gov/rae/#industry0=00&geoId=29023&geoType=county&view=report&reportType=detailed
29025,"Caldwell County, Missouri",https://cbb.census.gov/rae/#industry0=00&geoId=29025&geoType=county&view=report&reportType=detailed
29027,"Callaway County, Missouri",https://cbb.census.gov/rae/#industry0=00&geoId=29027&geoType=county&view=report&reportType=detailed
29029,"Camden County, Missouri",https://cbb.census.gov/rae/#industry0=00&geoId=29029&geoType=county&view=report&reportType=detailed
29031,"Cape Girardeau County, Missouri",https://cbb.census.gov/rae/#industry0=00&geoId=29031&geoType=county&view=report&reportType=detailed
29033,"Carroll County, Missouri",https://cbb.census.gov/rae/#industry0=00&geoId=29033&geoType=county&view=report&reportType=detailed
29035,"Carter County, Missouri",https://cbb.census.gov/rae/#industry0=00&geoId=29035&geoType=county&view=report&reportType=detailed
29037,"Cass County, Missouri",https://cbb.census.gov/rae/#industry0=00&geoId=29037&geoType=county&view=report&reportType=detailed
29039,"Cedar County, Missouri",https://cbb.census.gov/rae/#industry0=00&geoId=29039&geoType=county&view=report&reportType=detailed
29041,"Chariton County, Missouri",https://cbb.census.gov/rae/#industry0=00&geoId=29041&geoType=county&view=report&reportType=detailed
29043,"Christian County, Missouri",https://cbb.census.gov/rae/#industry0=00&geoId=29043&geoType=county&view=report&reportType=detailed
29045,"Clark County, Missouri",https://cbb.census.gov/rae/#industry0=00&geoId=29045&geoType=county&view=report&reportType=detailed
29047,"Clay County, Missouri",https://cbb.census.gov/rae/#industry0=00&geoId=29047&geoType=county&view=report&reportType=detailed
29049,"Clinton County, Missouri",https://cbb.census.gov/rae/#industry0=00&geoId=29049&geoType=county&view=report&reportType=detailed
29051,"Cole County, Missouri",https://cbb.census.gov/rae/#industry0=00&geoId=29051&geoType=county&view=report&reportType=detailed
29053,"Cooper County, Missouri",https://cbb.census.gov/rae/#industry0=00&geoId=29053&geoType=county&view=report&reportType=detailed
29055,"Crawford County, Missouri",https://cbb.census.gov/rae/#industry0=00&geoId=29055&geoType=county&view=report&reportType=detailed
29057,"Dade County, Missouri",https://cbb.census.gov/rae/#industry0=00&geoId=29057&geoType=county&view=report&reportType=detailed
29059,"Dallas County, Missouri",https://cbb.census.gov/rae/#industry0=00&geoId=29059&geoType=county&view=report&reportType=detailed
29061,"Daviess County, Missouri",https://cbb.census.gov/rae/#industry0=00&geoId=29061&geoType=county&view=report&reportType=detailed
29063,"DeKalb County, Missouri",https://cbb.census.gov/rae/#industry0=00&geoId=29063&geoType=county&view=report&reportType=detailed
29065,"Dent County, Missouri",https://cbb.census.gov/rae/#industry0=00&geoId=29065&geoType=county&view=report&reportType=detailed
29067,"Douglas County, Missouri",https://cbb.census.gov/rae/#industry0=00&geoId=29067&geoType=county&view=report&reportType=detailed
29069,"Dunklin County, Missouri",https://cbb.census.gov/rae/#industry0=00&geoId=29069&geoType=county&view=report&reportType=detailed
29071,"Franklin County, Missouri",https://cbb.census.gov/rae/#industry0=00&geoId=29071&geoType=county&view=report&reportType=detailed
29073,"Gasconade County, Missouri",https://cbb.census.gov/rae/#industry0=00&geoId=29073&geoType=county&view=report&reportType=detailed
29075,"Gentry County, Missouri",https://cbb.census.gov/rae/#industry0=00&geoId=29075&geoType=county&view=report&reportType=detailed
29077,"Greene County, Missouri",https://cbb.census.gov/rae/#industry0=00&geoId=29077&geoType=county&view=report&reportType=detailed
29079,"Grundy County, Missouri",https://cbb.census.gov/rae/#industry0=00&geoId=29079&geoType=county&view=report&reportType=detailed
29081,"Harrison County, Missouri",https://cbb.census.gov/rae/#industry0=00&geoId=29081&geoType=county&view=report&reportType=detailed
29083,"Henry County, Missouri",https://cbb.census.gov/rae/#industry0=00&geoId=29083&geoType=county&view=report&reportType=detailed
29085,"Hickory County, Missouri",https://cbb.census.gov/rae/#industry0=00&geoId=29085&geoType=county&view=report&reportType=detailed
29087,"Holt County, Missouri",https://cbb.census.gov/rae/#industry0=00&geoId=29087&geoType=county&view=report&reportType=detailed
29089,"Howard County, Missouri",https://cbb.census.gov/rae/#industry0=00&geoId=29089&geoType=county&view=report&reportType=detailed
29091,"Howell County, Missouri",https://cbb.census.gov/rae/#industry0=00&geoId=29091&geoType=county&view=report&reportType=detailed
29093,"Iron County, Missouri",https://cbb.census.gov/rae/#industry0=00&geoId=29093&geoType=county&view=report&reportType=detailed
29095,"Jackson County, Missouri",https://cbb.census.gov/rae/#industry0=00&geoId=29095&geoType=county&view=report&reportType=detailed
29097,"Jasper County, Missouri",https://cbb.census.gov/rae/#industry0=00&geoId=29097&geoType=county&view=report&reportType=detailed
29099,"Jefferson County, Missouri",https://cbb.census.gov/rae/#industry0=00&geoId=29099&geoType=county&view=report&reportType=detailed
29101,"Johnson County, Missouri",https://cbb.census.gov/rae/#industry0=00&geoId=29101&geoType=county&view=report&reportType=detailed
29103,"Knox County, Missouri",https://cbb.census.gov/rae/#industry0=00&geoId=29103&geoType=county&view=report&reportType=detailed
29105,"Laclede County, Missouri",https://cbb.census.gov/rae/#industry0=00&geoId=29105&geoType=county&view=report&reportType=detailed
29107,"Lafayette County, Missouri",https://cbb.census.gov/rae/#industry0=00&geoId=29107&geoType=county&view=report&reportType=detailed
29109,"Lawrence County, Missouri",https://cbb.census.gov/rae/#industry0=00&geoId=29109&geoType=county&view=report&reportType=detailed
29111,"Lewis County, Missouri",https://cbb.census.gov/rae/#industry0=00&geoId=29111&geoType=county&view=report&reportType=detailed
29113,"Lincoln County, Missouri",https://cbb.census.gov/rae/#industry0=00&geoId=29113&geoType=county&view=report&reportType=detailed
29115,"Linn County, Missouri",https://cbb.census.gov/rae/#industry0=00&geoId=29115&geoType=county&view=report&reportType=detailed
29117,"Livingston County, Missouri",https://cbb.census.gov/rae/#industry0=00&geoId=29117&geoType=county&view=report&reportType=detailed
29119,"McDonald County, Missouri",https://cbb.census.gov/rae/#industry0=00&geoId=29119&geoType=county&view=report&reportType=detailed
29121,"Macon County, Missouri",https://cbb.census.gov/rae/#industry0=00&geoId=29121&geoType=county&view=report&reportType=detailed
29123,"Madison County, Missouri",https://cbb.census.gov/rae/#industry0=00&geoId=29123&geoType=county&view=report&reportType=detailed
29125,"Maries County, Missouri",https://cbb.census.gov/rae/#industry0=00&geoId=29125&geoType=county&view=report&reportType=detailed
29127,"Marion County, Missouri",https://cbb.census.gov/rae/#industry0=00&geoId=29127&geoType=county&view=report&reportType=detailed
29129,"Mercer County, Missouri",https://cbb.census.gov/rae/#industry0=00&geoId=29129&geoType=county&view=report&reportType=detailed
29131,"Miller County, Missouri",https://cbb.census.gov/rae/#industry0=00&geoId=29131&geoType=county&view=report&reportType=detailed
29133,"Mississippi County, Missouri",https://cbb.census.gov/rae/#industry0=00&geoId=29133&geoType=county&view=report&reportType=detailed
29135,"Moniteau County, Missouri",https://cbb.census.gov/rae/#industry0=00&geoId=29135&geoType=county&view=report&reportType=detailed
29137,"Monroe County, Missouri",https://cbb.census.gov/rae/#industry0=00&geoId=29137&geoType=county&view=report&reportType=detailed
29139,"Montgomery County, Missouri",https://cbb.census.gov/rae/#industry0=00&geoId=29139&geoType=county&view=report&reportType=detailed
29141,"Morgan County, Missouri",https://cbb.census.gov/rae/#industry0=00&geoId=29141&geoType=county&view=report&reportType=detailed
29143,"New Madrid County, Missouri",https://cbb.census.gov/rae/#industry0=00&geoId=29143&geoType=county&view=report&reportType=detailed
29145,"Newton County, Missouri",https://cbb.census.gov/rae/#industry0=00&geoId=29145&geoType=county&view=report&reportType=detailed
29147,"Nodaway County, Missouri",https://cbb.census.gov/rae/#industry0=00&geoId=29147&geoType=county&view=report&reportType=detailed
29149,"Oregon County, Missouri",https://cbb.census.gov/rae/#industry0=00&geoId=29149&geoType=county&view=report&reportType=detailed
29151,"Osage County, Missouri",https://cbb.census.gov/rae/#industry0=00&geoId=29151&geoType=county&view=report&reportType=detailed
29153,"Ozark County, Missouri",https://cbb.census.gov/rae/#industry0=00&geoId=29153&geoType=county&view=report&reportType=detailed
29155,"Pemiscot County, Missouri",https://cbb.census.gov/rae/#industry0=00&geoId=29155&geoType=county&view=report&reportType=detailed
29157,"Perry County, Missouri",https://cbb.census.gov/rae/#industry0=00&geoId=29157&geoType=county&view=report&reportType=detailed
29159,"Pettis County, Missouri",https://cbb.census.gov/rae/#industry0=00&geoId=29159&geoType=county&view=report&reportType=detailed
29161,"Phelps County, Missouri",https://cbb.census.gov/rae/#industry0=00&geoId=29161&geoType=county&view=report&reportType=detailed
29163,"Pike County, Missouri",https://cbb.census.gov/rae/#industry0=00&geoId=29163&geoType=county&view=report&reportType=detailed
29165,"Platte County, Missouri",https://cbb.census.gov/rae/#industry0=00&geoId=29165&geoType=county&view=report&reportType=detailed
29167,"Polk County, Missouri",https://cbb.census.gov/rae/#industry0=00&geoId=29167&geoType=county&view=report&reportType=detailed
29169,"Pulaski County, Missouri",https://cbb.census.gov/rae/#industry0=00&geoId=29169&geoType=county&view=report&reportType=detailed
29171,"Putnam County, Missouri",https://cbb.census.gov/rae/#industry0=00&geoId=29171&geoType=county&view=report&reportType=detailed
29173,"Ralls County, Missouri",https://cbb.census.gov/rae/#industry0=00&geoId=29173&geoType=county&view=report&reportType=detailed
29175,"Randolph County, Missouri",https://cbb.census.gov/rae/#industry0=00&geoId=29175&geoType=county&view=report&reportType=detailed
29177,"Ray County, Missouri",https://cbb.census.gov/rae/#industry0=00&geoId=29177&geoType=county&view=report&reportType=detailed
29179,"Reynolds County, Missouri",https://cbb.census.gov/rae/#industry0=00&geoId=29179&geoType=county&view=report&reportType=detailed
29181,"Ripley County, Missouri",https://cbb.census.gov/rae/#industry0=00&geoId=29181&geoType=county&view=report&reportType=detailed
29183,"St. Charles County, Missouri",https://cbb.census.gov/rae/#industry0=00&geoId=29183&geoType=county&view=report&reportType=detailed
29185,"St. Clair County, Missouri",https://cbb.census.gov/rae/#industry0=00&geoId=29185&geoType=county&view=report&reportType=detailed
29186,"Ste. Genevieve County, Missouri",https://cbb.census.gov/rae/#industry0=00&geoId=29186&geoType=county&view=report&reportType=detailed
29187,"St. Francois County, Missouri",https://cbb.census.gov/rae/#industry0=00&geoId=29187&geoType=county&view=report&reportType=detailed
29189,"St. Louis County, Missouri",https://cbb.census.gov/rae/#industry0=00&geoId=29189&geoType=county&view=report&reportType=detailed
29195,"Saline County, Missouri",https://cbb.census.gov/rae/#industry0=00&geoId=29195&geoType=county&view=report&reportType=detailed
29197,"Schuyler County, Missouri",https://cbb.census.gov/rae/#industry0=00&geoId=29197&geoType=county&view=report&reportType=detailed
29199,"Scotland County, Missouri",https://cbb.census.gov/rae/#industry0=00&geoId=29199&geoType=county&view=report&reportType=detailed
29201,"Scott County, Missouri",https://cbb.census.gov/rae/#industry0=00&geoId=29201&geoType=county&view=report&reportType=detailed
29203,"Shannon County, Missouri",https://cbb.census.gov/rae/#industry0=00&geoId=29203&geoType=county&view=report&reportType=detailed
29205,"Shelby County, Missouri",https://cbb.census.gov/rae/#industry0=00&geoId=29205&geoType=county&view=report&reportType=detailed
29207,"Stoddard County, Missouri",https://cbb.census.gov/rae/#industry0=00&geoId=29207&geoType=county&view=report&reportType=detailed
29209,"Stone County, Missouri",https://cbb.census.gov/rae/#industry0=00&geoId=29209&geoType=county&view=report&reportType=detailed
29211,"Sullivan County, Missouri",https://cbb.census.gov/rae/#industry0=00&geoId=29211&geoType=county&view=report&reportType=detailed
29213,"Taney County, Missouri",https://cbb.census.gov/rae/#industry0=00&geoId=29213&geoType=county&view=report&reportType=detailed
29215,"Texas County, Missouri",https://cbb.census.gov/rae/#industry0=00&geoId=29215&geoType=county&view=report&reportType=detailed
29217,"Vernon County, Missouri",https://cbb.census.gov/rae/#industry0=00&geoId=29217&geoType=county&view=report&reportType=detailed
29219,"Warren County, Missouri",https://cbb.census.gov/rae/#industry0=00&geoId=29219&geoType=county&view=report&reportType=detailed
29221,"Washington County, Missouri",https://cbb.census.gov/rae/#industry0=00&geoId=29221&geoType=county&view=report&reportType=detailed
29223,"Wayne County, Missouri",https://cbb.census.gov/rae/#industry0=00&geoId=29223&geoType=county&view=report&reportType=detailed
29225,"Webster County, Missouri",https://cbb.census.gov/rae/#industry0=00&geoId=29225&geoType=county&view=report&reportType=detailed
29227,"Worth County, Missouri",https://cbb.census.gov/rae/#industry0=00&geoId=29227&geoType=county&view=report&reportType=detailed
29229,"Wright County, Missouri",https://cbb.census.gov/rae/#industry0=00&geoId=29229&geoType=county&view=report&reportType=detailed
29510,"St. Louis city, Missouri",https://cbb.census.gov/rae/#industry0=00&geoId=29510&geoType=county&view=report&reportType=detailed
30,Montana,https://cbb.census.gov/rae/#industry0=00&geoId=30&geoType=state&view=report&reportType=detailed
30001,"Beaverhead County, Montana",https://cbb.census.gov/rae/#industry0=00&geoId=30001&geoType=county&view=report&reportType=detailed
30003,"Big Horn County, Montana",https://cbb.census.gov/rae/#industry0=00&geoId=30003&geoType=county&view=report&reportType=detailed
30005,"Blaine County, Montana",https://cbb.census.gov/rae/#industry0=00&geoId=30005&geoType=county&view=report&reportType=detailed
30007,"Broadwater County, Montana",https://cbb.census.gov/rae/#industry0=00&geoId=30007&geoType=county&view=report&reportType=detailed
30009,"Carbon County, Montana",https://cbb.census.gov/rae/#industry0=00&geoId=30009&geoType=county&view=report&reportType=detailed
30011,"Carter County, Montana",https://cbb.census.gov/rae/#industry0=00&geoId=30011&geoType=county&view=report&reportType=detailed
30013,"Cascade County, Montana",https://cbb.census.gov/rae/#industry0=00&geoId=30013&geoType=county&view=report&reportType=detailed
30015,"Chouteau County, Montana",https://cbb.census.gov/rae/#industry0=00&geoId=30015&geoType=county&view=report&reportType=detailed
30017,"Custer County, Montana",https://cbb.census.gov/rae/#industry0=00&geoId=30017&geoType=county&view=report&reportType=detailed
30019,"Daniels County, Montana",https://cbb.census.gov/rae/#industry0=00&geoId=30019&geoType=county&view=report&reportType=detailed
30021,"Dawson County, Montana",https://cbb.census.gov/rae/#industry0=00&geoId=30021&geoType=county&view=report&reportType=detailed
30023,"Deer Lodge County, Montana",https://cbb.census.gov/rae/#industry0=00&geoId=30023&geoType=county&view=report&reportType=detailed
30025,"Fallon County, Montana",https://cbb.census.gov/rae/#industry0=00&geoId=30025&geoType=county&view=report&reportType=detailed
30027,"Fergus County, Montana",https://cbb.census.gov/rae/#industry0=00&geoId=30027&geoType=county&view=report&reportType=detailed
30029,"Flathead County, Montana",https://cbb.census.gov/rae/#industry0=00&geoId=30029&geoType=county&view=report&reportType=detailed
30031,"Gallatin County, Montana",https://cbb.census.gov/rae/#industry0=00&geoId=30031&geoType=county&view=report&reportType=detailed
30033,"Garfield County, Montana",https://cbb.census.gov/rae/#industry0=00&geoId=30033&geoType=county&view=report&reportType=detailed
30035,"Glacier County, Montana",https://cbb.census.gov/rae/#industry0=00&geoId=30035&geoType=county&view=report&reportType=detailed
30037,"Golden Valley County, Montana",https://cbb.census.gov/rae/#industry0=00&geoId=30037&geoType=county&view=report&reportType=detailed
30039,"Granite County, Montana",https://cbb.census.gov/rae/#industry0=00&geoId=30039&geoType=county&view=report&reportType=detailed
30041,"Hill County, Montana",https://cbb.census.gov/rae/#industry0=00&geoId=30041&geoType=county&view=report&reportType=detailed
30043,"Jefferson County, Montana",https://cbb.census.gov/rae/#industry0=00&geoId=30043&geoType=county&view=report&reportType=detailed
30045,"Judith Basin County, Montana",https://cbb.census.gov/rae/#industry0=00&geoId=30045&geoType=county&view=report&reportType=detailed
30047,"Lake County, Montana",https://cbb.census.gov/rae/#industry0=00&geoId=30047&geoType=county&view=report&reportType=detailed
30049,"Lewis and Clark County, Montana",https://cbb.census.gov/rae/#industry0=00&geoId=30049&geoType=county&view=report&reportType=detailed
30051,"Liberty County, Montana",https://cbb.census.gov/rae/#industry0=00&geoId=30051&geoType=county&view=report&reportType=detailed
30053,"Lincoln County, Montana",https://cbb.census.gov/rae/#industry0=00&geoId=30053&geoType=county&view=report&reportType=detailed
30055,"McCone County, Montana",https://cbb.census.gov/rae/#industry0=00&geoId=30055&geoType=county&view=report&reportType=detailed
30057,"Madison County, Montana",https://cbb.census.gov/rae/#industry0=00&geoId=30057&geoType=county&view=report&reportType=detailed
30059,"Meagher County, Montana",https://cbb.census.gov/rae/#industry0=00&geoId=30059&geoType=county&view=report&reportType=detailed
30061,"Mineral County, Montana",https://cbb.census.gov/rae/#industry0=00&geoId=30061&geoType=county&view=report&reportType=detailed
30063,"Missoula County, Montana",https://cbb.census.gov/rae/#industry0=00&geoId=30063&geoType=county&view=report&reportType=detailed
30065,"Musselshell County, Montana",https://cbb.census.gov/rae/#industry0=00&geoId=30065&geoType=county&view=report&reportType=detailed
30067,"Park County, Montana",https://cbb.census.gov/rae/#industry0=00&geoId=30067&geoType=county&view=report&reportType=detailed
30069,"Petroleum County, Montana",https://cbb.census.gov/rae/#industry0=00&geoId=30069&geoType=county&view=report&reportType=detailed
30071,"Phillips County, Montana",https://cbb.census.gov/rae/#industry0=00&geoId=30071&geoType=county&view=report&reportType=detailed
30073,"Pondera County, Montana",https://cbb.census.gov/rae/#industry0=00&geoId=30073&geoType=county&view=report&reportType=detailed
30075,"Powder River County, Montana",https://cbb.census.gov/rae/#industry0=00&geoId=30075&geoType=county&view=report&reportType=detailed
30077,"Powell County, Montana",https://cbb.census.gov/rae/#industry0=00&geoId=30077&geoType=county&view=report&reportType=detailed
30079,"Prairie County, Montana",https://cbb.census.gov/rae/#industry0=00&geoId=30079&geoType=county&view=report&reportType=detailed
30081,"Ravalli County, Montana",https://cbb.census.gov/rae/#industry0=00&geoId=30081&geoType=county&view=report&reportType=detailed
30083,"Richland County, Montana",https://cbb.census.gov/rae/#industry0=00&geoId=30083&geoType=county&view=report&reportType=detailed
30085,"Roosevelt County, Montana",https://cbb.census.gov/rae/#industry0=00&geoId=30085&geoType=county&view=report&reportType=detailed
30087,"Rosebud County, Montana",https://cbb.census.gov/rae/#industry0=00&geoId=30087&geoType=county&view=report&reportType=detailed
30089,"Sanders County, Montana",https://cbb.census.gov/rae/#industry0=00&geoId=30089&geoType=county&view=report&reportType=detailed
30091,"Sheridan County, Montana",https://cbb.census.gov/rae/#industry0=00&geoId=30091&geoType=county&view=report&reportType=detailed
30093,"Silver Bow County, Montana",https://cbb.census.gov/rae/#industry0=00&geoId=30093&geoType=county&view=report&reportType=detailed
30095,"Stillwater County, Montana",https://cbb.census.gov/rae/#industry0=00&geoId=30095&geoType=county&view=report&reportType=detailed
30097,"Sweet Grass County, Montana",https://cbb.census.gov/rae/#industry0=00&geoId=30097&geoType=county&view=report&reportType=detailed
30099,"Teton County, Montana",https://cbb.census.gov/rae/#industry0=00&geoId=30099&geoType=county&view=report&reportType=detailed
30101,"Toole County, Montana",https://cbb.census.gov/rae/#industry0=00&geoId=30101&geoType=county&view=report&reportType=detailed
30103,"Treasure County, Montana",https://cbb.census.gov/rae/#industry0=00&geoId=30103&geoType=county&view=report&reportType=detailed
30105,"Valley County, Montana",https://cbb.census.gov/rae/#industry0=00&geoId=30105&geoType=county&view=report&reportType=detailed
30107,"Wheatland County, Montana",https://cbb.census.gov/rae/#industry0=00&geoId=30107&geoType=county&view=report&reportType=detailed
30109,"Wibaux County, Montana",https://cbb.census.gov/rae/#industry0=00&geoId=30109&geoType=county&view=report&reportType=detailed
30111,"Yellowstone County, Montana",https://cbb.census.gov/rae/#industry0=00&geoId=30111&geoType=county&view=report&reportType=detailed
31,Nebraska,https://cbb.census.gov/rae/#industry0=00&geoId=31&geoType=state&view=report&reportType=detailed
31001,"Adams County, Nebraska",https://cbb.census.gov/rae/#industry0=00&geoId=31001&geoType=county&view=report&reportType=detailed
31003,"Antelope County, Nebraska",https://cbb.census.gov/rae/#industry0=00&geoId=31003&geoType=county&view=report&reportType=detailed
31005,"Arthur County, Nebraska",https://cbb.census.gov/rae/#industry0=00&geoId=31005&geoType=county&view=report&reportType=detailed
31007,"Banner County, Nebraska",https://cbb.census.gov/rae/#industry0=00&geoId=31007&geoType=county&view=report&reportType=detailed
31009,"Blaine County, Nebraska",https://cbb.census.gov/rae/#industry0=00&geoId=31009&geoType=county&view=report&reportType=detailed
31011,"Boone County, Nebraska",https://cbb.census.gov/rae/#industry0=00&geoId=31011&geoType=county&view=report&reportType=detailed
31013,"Box Butte County, Nebraska",https://cbb.census.gov/rae/#industry0=00&geoId=31013&geoType=county&view=report&reportType=detailed
31015,"Boyd County, Nebraska",https://cbb.census.gov/rae/#industry0=00&geoId=31015&geoType=county&view=report&reportType=detailed
31017,"Brown County, Nebraska",https://cbb.census.gov/rae/#industry0=00&geoId=31017&geoType=county&view=report&reportType=detailed
31019,"Buffalo County, Nebraska",https://cbb.census.gov/rae/#industry0=00&geoId=31019&geoType=county&view=report&reportType=detailed
31021,"Burt County, Nebraska",https://cbb.census.gov/rae/#industry0=00&geoId=31021&geoType=county&view=report&reportType=detailed
31023,"Butler County, Nebraska",https://cbb.census.gov/rae/#industry0=00&geoId=31023&geoType=county&view=report&reportType=detailed
31025,"Cass County, Nebraska",https://cbb.census.gov/rae/#industry0=00&geoId=31025&geoType=county&view=report&reportType=detailed
31027,"Cedar County, Nebraska",https://cbb.census.gov/rae/#industry0=00&geoId=31027&geoType=county&view=report&reportType=detailed
31029,"Chase County, Nebraska",https://cbb.census.gov/rae/#industry0=00&geoId=31029&geoType=county&view=report&reportType=detailed
31031,"Cherry County, Nebraska",https://cbb.census.gov/rae/#industry0=00&geoId=31031&geoType=county&view=report&reportType=detailed
31033,"Cheyenne County, Nebraska",https://cbb.census.gov/rae/#industry0=00&geoId=31033&geoType=county&view=report&reportType=detailed
31035,"Clay County, Nebraska",https://cbb.census.gov/rae/#industry0=00&geoId=31035&geoType=county&view=report&reportType=detailed
31037,"Colfax County, Nebraska",https://cbb.census.gov/rae/#industry0=00&geoId=31037&geoType=county&view=report&reportType=detailed
31039,"Cuming County, Nebraska",https://cbb.census.gov/rae/#industry0=00&geoId=31039&geoType=county&view=report&reportType=detailed
31041,"Custer County, Nebraska",https://cbb.census.gov/rae/#industry0=00&geoId=31041&geoType=county&view=report&reportType=detailed
31043,"Dakota County, Nebraska",https://cbb.census.gov/rae/#industry0=00&geoId=31043&geoType=county&view=report&reportType=detailed
31045,"Dawes County, Nebraska",https://cbb.census.gov/rae/#industry0=00&geoId=31045&geoType=county&view=report&reportType=detailed
31047,"Dawson County, Nebraska",https://cbb.census.gov/rae/#industry0=00&geoId=31047&geoType=county&view=report&reportType=detailed
31049,"Deuel County, Nebraska",https://cbb.census.gov/rae/#industry0=00&geoId=31049&geoType=county&view=report&reportType=detailed
31051,"Dixon County, Nebraska",https://cbb.census.gov/rae/#industry0=00&geoId=31051&geoType=county&view=report&reportType=detailed
31053,"Dodge County, Nebraska",https://cbb.census.gov/rae/#industry0=00&geoId=31053&geoType=county&view=report&reportType=detailed
31055,"Douglas County, Nebraska",https://cbb.census.gov/rae/#industry0=00&geoId=31055&geoType=county&view=report&reportType=detailed
31057,"Dundy County, Nebraska",https://cbb.census.gov/rae/#industry0=00&geoId=31057&geoType=county&view=report&reportType=detailed
31059,"Fillmore County, Nebraska",https://cbb.census.gov/rae/#industry0=00&geoId=31059&geoType=county&view=report&reportType=detailed
31061,"Franklin County, Nebraska",https://cbb.census.gov/rae/#industry0=00&geoId=31061&geoType=county&view=report&reportType=detailed
31063,"Frontier County, Nebraska",https://cbb.census.gov/rae/#industry0=00&geoId=31063&geoType=county&view=report&reportType=detailed
31065,"Furnas County, Nebraska",https://cbb.census.gov/rae/#industry0=00&geoId=31065&geoType=county&view=report&reportType=detailed
31067,"Gage County, Nebraska",https://cbb.census.gov/rae/#industry0=00&geoId=31067&geoType=county&view=report&reportType=detailed
31069,"Garden County, Nebraska",https://cbb.census.gov/rae/#industry0=00&geoId=31069&geoType=county&view=report&reportType=detailed
31071,"Garfield County, Nebraska",https://cbb.census.gov/rae/#industry0=00&geoId=31071&geoType=county&view=report&reportType=detailed
31073,"Gosper County, Nebraska",https://cbb.census.gov/rae/#industry0=00&geoId=31073&geoType=county&view=report&reportType=detailed
31075,"Grant County, Nebraska",https://cbb.census.gov/rae/#industry0=00&geoId=31075&geoType=county&view=report&reportType=detailed
31077,"Greeley County, Nebraska",https://cbb.census.gov/rae/#industry0=00&geoId=31077&geoType=county&view=report&reportType=detailed
31079,"Hall County, Nebraska",https://cbb.census.gov/rae/#industry0=00&geoId=31079&geoType=county&view=report&reportType=detailed
31081,"Hamilton County, Nebraska",https://cbb.census.gov/rae/#industry0=00&geoId=31081&geoType=county&view=report&reportType=detailed
31083,"Harlan County, Nebraska",https://cbb.census.gov/rae/#industry0=00&geoId=31083&geoType=county&view=report&reportType=detailed
31085,"Hayes County, Nebraska",https://cbb.census.gov/rae/#industry0=00&geoId=31085&geoType=county&view=report&reportType=detailed
31087,"Hitchcock County, Nebraska",https://cbb.census.gov/rae/#industry0=00&geoId=31087&geoType=county&view=report&reportType=detailed
31089,"Holt County, Nebraska",https://cbb.census.gov/rae/#industry0=00&geoId=31089&geoType=county&view=report&reportType=detailed
31091,"Hooker County, Nebraska",https://cbb.census.gov/rae/#industry0=00&geoId=31091&geoType=county&view=report&reportType=detailed
31093,"Howard County, Nebraska",https://cbb.census.gov/rae/#industry0=00&geoId=31093&geoType=county&view=report&reportType=detailed
31095,"Jefferson County, Nebraska",https://cbb.census.gov/rae/#industry0=00&geoId=31095&geoType=county&view=report&reportType=detailed
31097,"Johnson County, Nebraska",https://cbb.census.gov/rae/#industry0=00&geoId=31097&geoType=county&view=report&reportType=detailed
31099,"Kearney County, Nebraska",https://cbb.census.gov/rae/#industry0=00&geoId=31099&geoType=county&view=report&reportType=detailed
31101,"Keith County, Nebraska",https://cbb.census.gov/rae/#industry0=00&geoId=31101&geoType=county&view=report&reportType=detailed
31103,"Keya Paha County, Nebraska",https://cbb.census.gov/rae/#industry0=00&geoId=31103&geoType=county&view=report&reportType=detailed
31105,"Kimball County, Nebraska",https://cbb.census.gov/rae/#industry0=00&geoId=31105&geoType=county&view=report&reportType=detailed
31107,"Knox County, Nebraska",https://cbb.census.gov/rae/#industry0=00&geoId=31107&geoType=county&view=report&reportType=detailed
31109,"Lancaster County, Nebraska",https://cbb.census.gov/rae/#industry0=00&geoId=31109&geoType=county&view=report&reportType=detailed
31111,"Lincoln County, Nebraska",https://cbb.census.gov/rae/#industry0=00&geoId=31111&geoType=county&view=report&reportType=detailed
31113,"Logan County, Nebraska",https://cbb.census.gov/rae/#industry0=00&geoId=31113&geoType=county&view=report&reportType=detailed
31115,"Loup County, Nebraska",https://cbb.census.gov/rae/#industry0=00&geoId=31115&geoType=county&view=report&reportType=detailed
31117,"McPherson County, Nebraska",https://cbb.census.gov/rae/#industry0=00&geoId=31117&geoType=county&view=report&reportType=detailed
31119,"Madison County, Nebraska",https://cbb.census.gov/rae/#industry0=00&geoId=31119&geoType=county&view=report&reportType=detailed
31121,"Merrick County, Nebraska",https://cbb.census.gov/rae/#industry0=00&geoId=31121&geoType=county&view=report&reportType=detailed
31123,"Morrill County, Nebraska",https://cbb.census.gov/rae/#industry0=00&geoId=31123&geoType=county&view=report&reportType=detailed
31125,"Nance County, Nebraska",https://cbb.census.gov/rae/#industry0=00&geoId=31125&geoType=county&view=report&reportType=detailed
31127,"Nemaha County, Nebraska",https://cbb.census.gov/rae/#industry0=00&geoId=31127&geoType=county&view=report&reportType=detailed
31129,"Nuckolls County, Nebraska",https://cbb.census.gov/rae/#industry0=00&geoId=31129&geoType=county&view=report&reportType=detailed
31131,"Otoe County, Nebraska",https://cbb.census.gov/rae/#industry0=00&geoId=31131&geoType=county&view=report&reportType=detailed
31133,"Pawnee County, Nebraska",https://cbb.census.gov/rae/#industry0=00&geoId=31133&geoType=county&view=report&reportType=detailed
31135,"Perkins County, Nebraska",https://cbb.census.gov/rae/#industry0=00&geoId=31135&geoType=county&view=report&reportType=detailed
31137,"Phelps County, Nebraska",https://cbb.census.gov/rae/#industry0=00&geoId=31137&geoType=county&view=report&reportType=detailed
31139,"Pierce County, Nebraska",https://cbb.census.gov/rae/#industry0=00&geoId=31139&geoType=county&view=report&reportType=detailed
31141,"Platte County, Nebraska",https://cbb.census.gov/rae/#industry0=00&geoId=31141&geoType=county&view=report&reportType=detailed
31143,"Polk County, Nebraska",https://cbb.census.gov/rae/#industry0=00&geoId=31143&geoType=county&view=report&reportType=detailed
31145,"Red Willow County, Nebraska",https://cbb.census.gov/rae/#industry0=00&geoId=31145&geoType=county&view=report&reportType=detailed
31147,"Richardson County, Nebraska",https://cbb.census.gov/rae/#industry0=00&geoId=31147&geoType=county&view=report&reportType=detailed
31149,"Rock County, Nebraska",https://cbb.census.gov/rae/#industry0=00&geoId=31149&geoType=county&view=report&reportType=detailed
31151,"Saline County, Nebraska",https://cbb.census.gov/rae/#industry0=00&geoId=31151&geoType=county&view=report&reportType=detailed
31153,"Sarpy County, Nebraska",https://cbb.census.gov/rae/#industry0=00&geoId=31153&geoType=county&view=report&reportType=detailed
31155,"Saunders County, Nebraska",https://cbb.census.gov/rae/#industry0=00&geoId=31155&geoType=county&view=report&reportType=detailed
31157,"Scotts Bluff County, Nebraska",https://cbb.census.gov/rae/#industry0=00&geoId=31157&geoType=county&view=report&reportType=detailed
31159,"Seward County, Nebraska",https://cbb.census.gov/rae/#industry0=00&geoId=31159&geoType=county&view=report&reportType=detailed
31161,"Sheridan County, Nebraska",https://cbb.census.gov/rae/#industry0=00&geoId=31161&geoType=county&view=report&reportType=detailed
31163,"Sherman County, Nebraska",https://cbb.census.gov/rae/#industry0=00&geoId=31163&geoType=county&view=report&reportType=detailed
31165,"Sioux County, Nebraska",https://cbb.census.gov/rae/#industry0=00&geoId=31165&geoType=county&view=report&reportType=detailed
31167,"Stanton County, Nebraska",https://cbb.census.gov/rae/#industry0=00&geoId=31167&geoType=county&view=report&reportType=detailed
31169,"Thayer County, Nebraska",https://cbb.census.gov/rae/#industry0=00&geoId=31169&geoType=county&view=report&reportType=detailed
31171,"Thomas County, Nebraska",https://cbb.census.gov/rae/#industry0=00&geoId=31171&geoType=county&view=report&reportType=detailed
31173,"Thurston County, Nebraska",https://cbb.census.gov/rae/#industry0=00&geoId=31173&geoType=county&view=report&reportType=detailed
31175,"Valley County, Nebraska",https://cbb.census.gov/rae/#industry0=00&geoId=31175&geoType=county&view=report&reportType=detailed
31177,"Washington County, Nebraska",https://cbb.census.gov/rae/#industry0=00&geoId=31177&geoType=county&view=report&reportType=detailed
31179,"Wayne County, Nebraska",https://cbb.census.gov/rae/#industry0=00&geoId=31179&geoType=county&view=report&reportType=detailed
31181,"Webster County, Nebraska",https://cbb.census.gov/rae/#industry0=00&geoId=31181&geoType=county&view=report&reportType=detailed
31183,"Wheeler County, Nebraska",https://cbb.census.gov/rae/#industry0=00&geoId=31183&geoType=county&view=report&reportType=detailed
31185,"York County, Nebraska",https://cbb.census.gov/rae/#industry0=00&geoId=31185&geoType=county&view=report&reportType=detailed
32,Nevada,https://cbb.census.gov/rae/#industry0=00&geoId=32&geoType=state&view=report&reportType=detailed
32001,"Churchill County, Nevada",https://cbb.census.gov/rae/#industry0=00&geoId=32001&geoType=county&view=report&reportType=detailed
32003,"Clark County, Nevada",https://cbb.census.gov/rae/#industry0=00&geoId=32003&geoType=county&view=report&reportType=detailed
32005,"Douglas County, Nevada",https://cbb.census.gov/rae/#industry0=00&geoId=32005&geoType=county&view=report&reportType=detailed
32007,"Elko County, Nevada",https://cbb.census.gov/rae/#industry0=00&geoId=32007&geoType=county&view=report&reportType=detailed
32009,"Esmeralda County, Nevada",https://cbb.census.gov/rae/#industry0=00&geoId=32009&geoType=county&view=report&reportType=detailed
32011,"Eureka County, Nevada",https://cbb.census.gov/rae/#industry0=00&geoId=32011&geoType=county&view=report&reportType=detailed
32013,"Humboldt County, Nevada",https://cbb.census.gov/rae/#industry0=00&geoId=32013&geoType=county&view=report&reportType=detailed
32015,"Lander County, Nevada",https://cbb.census.gov/rae/#industry0=00&geoId=32015&geoType=county&view=report&reportType=detailed
32017,"Lincoln County, Nevada",https://cbb.census.gov/rae/#industry0=00&geoId=32017&geoType=county&view=report&reportType=detailed
32019,"Lyon County, Nevada",https://cbb.census.gov/rae/#industry0=00&geoId=32019&geoType=county&view=report&reportType=detailed
32021,"Mineral County, Nevada",https://cbb.census.gov/rae/#industry0=00&geoId=32021&geoType=county&view=report&reportType=detailed
32023,"Nye County, Nevada",https://cbb.census.gov/rae/#industry0=00&geoId=32023&geoType=county&view=report&reportType=detailed
32027,"Pershing County, Nevada",https://cbb.census.gov/rae/#industry0=00&geoId=32027&geoType=county&view=report&reportType=detailed
32029,"Storey County, Nevada",https://cbb.census.gov/rae/#industry0=00&geoId=32029&geoType=county&view=report&reportType=detailed
32031,"Washoe County, Nevada",https://cbb.census.gov/rae/#industry0=00&geoId=32031&geoType=county&view=report&reportType=detailed
32033,"White Pine County, Nevada",https://cbb.census.gov/rae/#industry0=00&geoId=32033&geoType=county&view=report&reportType=detailed
32510,"Carson City, Nevada",https://cbb.census.gov/rae/#industry0=00&geoId=32510&geoType=county&view=report&reportType=detailed
33,New Hampshire,https://cbb.census.gov/rae/#industry0=00&geoId=33&geoType=state&view=report&reportType=detailed
33001,"Belknap County, New Hampshire",https://cbb.census.gov/rae/#industry0=00&geoId=33001&geoType=county&view=report&reportType=detailed
33003,"Carroll County, New Hampshire",https://cbb.census.gov/rae/#industry0=00&geoId=33003&geoType=county&view=report&reportType=detailed
33005,"Cheshire County, New Hampshire",https://cbb.census.gov/rae/#industry0=00&geoId=33005&geoType=county&view=report&reportType=detailed
33007,"Coos County, New Hampshire",https://cbb.census.gov/rae/#industry0=00&geoId=33007&geoType=county&view=report&reportType=detailed
33009,"Grafton County, New Hampshire",https://cbb.census.gov/rae/#industry0=00&geoId=33009&geoType=county&view=report&reportType=detailed
33011,"Hillsborough County, New Hampshire",https://cbb.census.gov/rae/#industry0=00&geoId=33011&geoType=county&view=report&reportType=detailed
33013,"Merrimack County, New Hampshire",https://cbb.census.gov/rae/#industry0=00&geoId=33013&geoType=county&view=report&reportType=detailed
33015,"Rockingham County, New Hampshire",https://cbb.census.gov/rae/#industry0=00&geoId=33015&geoType=county&view=report&reportType=detailed
33017,"Strafford County, New Hampshire",https://cbb.census.gov/rae/#industry0=00&geoId=33017&geoType=county&view=report&reportType=detailed
33019,"Sullivan County, New Hampshire",https://cbb.census.gov/rae/#industry0=00&geoId=33019&geoType=county&view=report&reportType=detailed
34,New Jersey,https://cbb.census.gov/rae/#industry0=00&geoId=34&geoType=state&view=report&reportType=detailed
34001,"Atlantic County, New Jersey",https://cbb.census.gov/rae/#industry0=00&geoId=34001&geoType=county&view=report&reportType=detailed
34003,"Bergen County, New Jersey",https://cbb.census.gov/rae/#industry0=00&geoId=34003&geoType=county&view=report&reportType=detailed
34005,"Burlington County, New Jersey",https://cbb.census.gov/rae/#industry0=00&geoId=34005&geoType=county&view=report&reportType=detailed
34007,"Camden County, New Jersey",https://cbb.census.gov/rae/#industry0=00&geoId=34007&geoType=county&view=report&reportType=detailed
34009,"Cape May County, New Jersey",https://cbb.census.gov/rae/#industry0=00&geoId=34009&geoType=county&view=report&reportType=detailed
34011,"Cumberland County, New Jersey",https://cbb.census.gov/rae/#industry0=00&geoId=34011&geoType=county&view=report&reportType=detailed
34013,"Essex County, New Jersey",https://cbb.census.gov/rae/#industry0=00&geoId=34013&geoType=county&view=report&reportType=detailed
34015,"Gloucester County, New Jersey",https://cbb.census.gov/rae/#industry0=00&geoId=34015&geoType=county&view=report&reportType=detailed
34017,"Hudson County, New Jersey",https://cbb.census.gov/rae/#industry0=00&geoId=34017&geoType=county&view=report&reportType=detailed
34019,"Hunterdon County, New Jersey",https://cbb.census.gov/rae/#industry0=00&geoId=34019&geoType=county&view=report&reportType=detailed
34021,"Mercer County, New Jersey",https://cbb.census.gov/rae/#industry0=00&geoId=34021&geoType=county&view=report&reportType=detailed
34023,"Middlesex County, New Jersey",https://cbb.census.gov/rae/#industry0=00&geoId=34023&geoType=county&view=report&reportType=detailed
34025,"Monmouth County, New Jersey",https://cbb.census.gov/rae/#industry0=00&geoId=34025&geoType=county&view=report&reportType=detailed
34027,"Morris County, New Jersey",https://cbb.census.gov/rae/#industry0=00&geoId=34027&geoType=county&view=report&reportType=detailed
34029,"Ocean County, New Jersey",https://cbb.census.gov/rae/#industry0=00&geoId=34029&geoType=county&view=report&reportType=detailed
34031,"Passaic County, New Jersey",https://cbb.census.gov/rae/#industry0=00&geoId=34031&geoType=county&view=report&reportType=detailed
34033,"Salem County, New Jersey",https://cbb.census.gov/rae/#industry0=00&geoId=34033&geoType=county&view=report&reportType=detailed
34035,"Somerset County, New Jersey",https://cbb.census.gov/rae/#industry0=00&geoId=34035&geoType=county&view=report&reportType=detailed
34037,"Sussex County, New Jersey",https://cbb.census.gov/rae/#industry0=00&geoId=34037&geoType=county&view=report&reportType=detailed
34039,"Union County, New Jersey",https://cbb.census.gov/rae/#industry0=00&geoId=34039&geoType=county&view=report&reportType=detailed
34041,"Warren County, New Jersey",https://cbb.census.gov/rae/#industry0=00&geoId=34041&geoType=county&view=report&reportType=detailed
35,New Mexico,https://cbb.census.gov/rae/#industry0=00&geoId=35&geoType=state&view=report&reportType=detailed
35001,"Bernalillo County, New Mexico",https://cbb.census.gov/rae/#industry0=00&geoId=35001&geoType=county&view=report&reportType=detailed
35003,"Catron County, New Mexico",https://cbb.census.gov/rae/#industry0=00&geoId=35003&geoType=county&view=report&reportType=detailed
35005,"Chaves County, New Mexico",https://cbb.census.gov/rae/#industry0=00&geoId=35005&geoType=county&view=report&reportType=detailed
35006,"Cibola County, New Mexico",https://cbb.census.gov/rae/#industry0=00&geoId=35006&geoType=county&view=report&reportType=detailed
35007,"Colfax County, New Mexico",https://cbb.census.gov/rae/#industry0=00&geoId=35007&geoType=county&view=report&reportType=detailed
35009,"Curry County, New Mexico",https://cbb.census.gov/rae/#industry0=00&geoId=35009&geoType=county&view=report&reportType=detailed
35011,"De Baca County, New Mexico",https://cbb.census.gov/rae/#industry0=00&geoId=35011&geoType=county&view=report&reportType=detailed
35013,"Doña Ana County, New Mexico",https://cbb.census.gov/rae/#industry0=00&geoId=35013&geoType=county&view=report&reportType=detailed
35015,"Eddy County, New Mexico",https://cbb.census.gov/rae/#industry0=00&geoId=35015&geoType=county&view=report&reportType=detailed
35017,"Grant County, New Mexico",https://cbb.census.gov/rae/#industry0=00&geoId=35017&geoType=county&view=report&reportType=detailed
35019,"Guadalupe County, New Mexico",https://cbb.census.gov/rae/#industry0=00&geoId=35019&geoType=county&view=report&reportType=detailed
35021,"Harding County, New Mexico",https://cbb.census.gov/rae/#industry0=00&geoId=35021&geoType=county&view=report&reportType=detailed
35023,"Hidalgo County, New Mexico",https://cbb.census.gov/rae/#industry0=00&geoId=35023&geoType=county&view=report&reportType=detailed
35025,"Lea County, New Mexico",https://cbb.census.gov/rae/#industry0=00&geoId=35025&geoType=county&view=report&reportType=detailed
35027,"Lincoln County, New Mexico",https://cbb.census.gov/rae/#industry0=00&geoId=35027&geoType=county&view=report&reportType=detailed
35028,"Los Alamos County, New Mexico",https://cbb.census.gov/rae/#industry0=00&geoId=35028&geoType=county&view=report&reportType=detailed
35029,"Luna County, New Mexico",https://cbb.census.gov/rae/#industry0=00&geoId=35029&geoType=county&view=report&reportType=detailed
35031,"McKinley County, New Mexico",https://cbb.census.gov/rae/#industry0=00&geoId=35031&geoType=county&view=report&reportType=detailed
35033,"Mora County, New Mexico",https://cbb.census.gov/rae/#industry0=00&geoId=35033&geoType=county&view=report&reportType=detailed
35035,"Otero County, New Mexico",https://cbb.census.gov/rae/#industry0=00&geoId=35035&geoType=county&view=report&reportType=detailed
35037,"Quay County, New Mexico",https://cbb.census.gov/rae/#industry0=00&geoId=35037&geoType=county&view=report&reportType=detailed
35039,"Rio Arriba County, New Mexico",https://cbb.census.gov/rae/#industry0=00&geoId=35039&geoType=county&view=report&reportType=detailed
35041,"Roosevelt County, New Mexico",https://cbb.census.gov/rae/#industry0=00&geoId=35041&geoType=county&view=report&reportType=detailed
35043,"Sandoval County, New Mexico",https://cbb.census.gov/rae/#industry0=00&geoId=35043&geoType=county&view=report&reportType=detailed
35045,"San Juan County, New Mexico",https://cbb.census.gov/rae/#industry0=00&geoId=35045&geoType=county&view=report&reportType=detailed
35047,"San Miguel County, New Mexico",https://cbb.census.gov/rae/#industry0=00&geoId=35047&geoType=county&view=report&reportType=detailed
35049,"Santa Fe County, New Mexico",https://cbb.census.gov/rae/#industry0=00&geoId=35049&geoType=county&view=report&reportType=detailed
35051,"Sierra County, New Mexico",https://cbb.census.gov/rae/#industry0=00&geoId=35051&geoType=county&view=report&reportType=detailed
35053,"Socorro County, New Mexico",https://cbb.census.gov/rae/#industry0=00&geoId=35053&geoType=county&view=report&reportType=detailed
35055,"Taos County, New Mexico",https://cbb.census.gov/rae/#industry0=00&geoId=35055&geoType=county&view=report&reportType=detailed
35057,"Torrance County, New Mexico",https://cbb.census.gov/rae/#industry0=00&geoId=35057&geoType=county&view=report&reportType=detailed
35059,"Union County, New Mexico",https://cbb.census.gov/rae/#industry0=00&geoId=35059&geoType=county&view=report&reportType=detailed
35061,"Valencia County, New Mexico",https://cbb.census.gov/rae/#industry0=00&geoId=35061&geoType=county&view=report&reportType=detailed
36,New York,https://cbb.census.gov/rae/#industry0=00&geoId=36&geoType=state&view=report&reportType=detailed
36001,"Albany County, New York",https://cbb.census.gov/rae/#industry0=00&geoId=36001&geoType=county&view=report&reportType=detailed
36003,"Allegany County, New York",https://cbb.census.gov/rae/#industry0=00&geoId=36003&geoType=county&view=report&reportType=detailed
36005,"Bronx County, New York",https://cbb.census.gov/rae/#industry0=00&geoId=36005&geoType=county&view=report&reportType=detailed
36007,"Broome County, New York",https://cbb.census.gov/rae/#industry0=00&geoId=36007&geoType=county&view=report&reportType=detailed
36009,"Cattaraugus County, New York",https://cbb.census.gov/rae/#industry0=00&geoId=36009&geoType=county&view=report&reportType=detailed
36011,"Cayuga County, New York",https://cbb.census.gov/rae/#industry0=00&geoId=36011&geoType=county&view=report&reportType=detailed
36013,"Chautauqua County, New York",https://cbb.census.gov/rae/#industry0=00&geoId=36013&geoType=county&view=report&reportType=detailed
36015,"Chemung County, New York",https://cbb.census.gov/rae/#industry0=00&geoId=36015&geoType=county&view=report&reportType=detailed
36017,"Chenango County, New York",https://cbb.census.gov/rae/#industry0=00&geoId=36017&geoType=county&view=report&reportType=detailed
36019,"Clinton County, New York",https://cbb.census.gov/rae/#industry0=00&geoId=36019&geoType=county&view=report&reportType=detailed
36021,"Columbia County, New York",https://cbb.census.gov/rae/#industry0=00&geoId=36021&geoType=county&view=report&reportType=detailed
36023,"Cortland County, New York",https://cbb.census.gov/rae/#industry0=00&geoId=36023&geoType=county&view=report&reportType=detailed
36025,"Delaware County, New York",https://cbb.census.gov/rae/#industry0=00&geoId=36025&geoType=county&view=report&reportType=detailed
36027,"Dutchess County, New York",https://cbb.census.gov/rae/#industry0=00&geoId=36027&geoType=county&view=report&reportType=detailed
36029,"Erie County, New York",https://cbb.census.gov/rae/#industry0=00&geoId=36029&geoType=county&view=report&reportType=detailed
36031,"Essex County, New York",https://cbb.census.gov/rae/#industry0=00&geoId=36031&geoType=county&view=report&reportType=detailed
36033,"Franklin County, New York",https://cbb.census.gov/rae/#industry0=00&geoId=36033&geoType=county&view=report&reportType=detailed
36035,"Fulton County, New York",https://cbb.census.gov/rae/#industry0=00&geoId=36035&geoType=county&view=report&reportType=detailed
36037,"Genesee County, New York",https://cbb.census.gov/rae/#industry0=00&geoId=36037&geoType=county&view=report&reportType=detailed
36039,"Greene County, New York",https://cbb.census.gov/rae/#industry0=00&geoId=36039&geoType=county&view=report&reportType=detailed
36041,"Hamilton County, New York",https://cbb.census.gov/rae/#industry0=00&geoId=36041&geoType=county&view=report&reportType=detailed
36043,"Herkimer County, New York",https://cbb.census.gov/rae/#industry0=00&geoId=36043&geoType=county&view=report&reportType=detailed
36045,"Jefferson County, New York",https://cbb.census.gov/rae/#industry0=00&geoId=36045&geoType=county&view=report&reportType=detailed
36047,"Kings County, New York",https://cbb.census.gov/rae/#industry0=00&geoId=36047&geoType=county&view=report&reportType=detailed
36049,"Lewis County, New York",https://cbb.census.gov/rae/#industry0=00&geoId=36049&geoType=county&view=report&reportType=detailed
36051,"Livingston County, New York",https://cbb.census.gov/rae/#industry0=00&geoId=36051&geoType=county&view=report&reportType=detailed
36053,"Madison County, New York",https://cbb.census.gov/rae/#industry0=00&geoId=36053&geoType=county&view=report&reportType=detailed
36055,"Monroe County, New York",https://cbb.census.gov/rae/#industry0=00&geoId=36055&geoType=county&view=report&reportType=detailed
36057,"Montgomery County, New York",https://cbb.census.gov/rae/#industry0=00&geoId=36057&geoType=county&view=report&reportType=detailed
36059,"Nassau County, New York",https://cbb.census.gov/rae/#industry0=00&geoId=36059&geoType=county&view=report&reportType=detailed
36061,"New York County, New York",https://cbb.census.gov/rae/#industry0=00&geoId=36061&geoType=county&view=report&reportType=detailed
36063,"Niagara County, New York",https://cbb.census.gov/rae/#industry0=00&geoId=36063&geoType=county&view=report&reportType=detailed
36065,"Oneida County, New York",https://cbb.census.gov/rae/#industry0=00&geoId=36065&geoType=county&view=report&reportType=detailed
36067,"Onondaga County, New York",https://cbb.census.gov/rae/#industry0=00&geoId=36067&geoType=county&view=report&reportType=detailed
36069,"Ontario County, New York",https://cbb.census.gov/rae/#industry0=00&geoId=36069&geoType=county&view=report&reportType=detailed
36071,"Orange County, New York",https://cbb.census.gov/rae/#industry0=00&geoId=36071&geoType=county&view=report&reportType=detailed
36073,"Orleans County, New York",https://cbb.census.gov/rae/#industry0=00&geoId=36073&geoType=county&view=report&reportType=detailed
36075,"Oswego County, New York",https://cbb.census.gov/rae/#industry0=00&geoId=36075&geoType=county&view=report&reportType=detailed
36077,"Otsego County, New York",https://cbb.census.gov/rae/#industry0=00&geoId=36077&geoType=county&view=report&reportType=detailed
36079,"Putnam County, New York",https://cbb.census.gov/rae/#industry0=00&geoId=36079&geoType=county&view=report&reportType=detailed
36081,"Queens County, New York",https://cbb.census.gov/rae/#industry0=00&geoId=36081&geoType=county&view=report&reportType=detailed
36083,"Rensselaer County, New York",https://cbb.census.gov/rae/#industry0=00&geoId=36083&geoType=county&view=report&reportType=detailed
36085,"Richmond County, New York",https://cbb.census.gov/rae/#industry0=00&geoId=36085&geoType=county&view=report&reportType=detailed
36087,"Rockland County, New York",https://cbb.census.gov/rae/#industry0=00&geoId=36087&geoType=county&view=report&reportType=detailed
36089,"St. Lawrence County, New York",https://cbb.census.gov/rae/#industry0=00&geoId=36089&geoType=county&view=report&reportType=detailed
36091,"Saratoga County, New York",https://cbb.census.gov/rae/#industry0=00&geoId=36091&geoType=county&view=report&reportType=detailed
36093,"Schenectady County, New York",https://cbb.census.gov/rae/#industry0=00&geoId=36093&geoType=county&view=report&reportType=detailed
36095,"Schoharie County, New York",https://cbb.census.gov/rae/#industry0=00&geoId=36095&geoType=county&view=report&reportType=detailed
36097,"Schuyler County, New York",https://cbb.census.gov/rae/#industry0=00&geoId=36097&geoType=county&view=report&reportType=detailed
36099,"Seneca County, New York",https://cbb.census.gov/rae/#industry0=00&geoId=36099&geoType=county&view=report&reportType=detailed
36101,"Steuben County, New York",https://cbb.census.gov/rae/#industry0=00&geoId=36101&geoType=county&view=report&reportType=detailed
36103,"Suffolk County, New York",https://cbb.census.gov/rae/#industry0=00&geoId=36103&geoType=county&view=report&reportType=detailed
36105,"Sullivan County, New York",https://cbb.census.gov/rae/#industry0=00&geoId=36105&geoType=county&view=report&reportType=detailed
36107,"Tioga County, New York",https://cbb.census.gov/rae/#industry0=00&geoId=36107&geoType=county&view=report&reportType=detailed
36109,"Tompkins County, New York",https://cbb.census.gov/rae/#industry0=00&geoId=36109&geoType=county&view=report&reportType=detailed
36111,"Ulster County, New York",https://cbb.census.gov/rae/#industry0=00&geoId=36111&geoType=county&view=report&reportType=detailed
36113,"Warren County, New York",https://cbb.census.gov/rae/#industry0=00&geoId=36113&geoType=county&view=report&reportType=detailed
36115,"Washington County, New York",https://cbb.census.gov/rae/#industry0=00&geoId=36115&geoType=county&view=report&reportType=detailed
36117,"Wayne County, New York",https://cbb.census.gov/rae/#industry0=00&geoId=36117&geoType=county&view=report&reportType=detailed
36119,"Westchester County, New York",https://cbb.census.gov/rae/#industry0=00&geoId=36119&geoType=county&view=report&reportType=detailed
36121,"Wyoming County, New York",https://cbb.census.gov/rae/#industry0=00&geoId=36121&geoType=county&view=report&reportType=detailed
36123,"Yates County, New York",https://cbb.census.gov/rae/#industry0=00&geoId=36123&geoType=county&view=report&reportType=detailed
37,North Carolina,https://cbb.census.gov/rae/#industry0=00&geoId=37&geoType=state&view=report&reportType=detailed
37001,"Alamance County, North Carolina",https://cbb.census.gov/rae/#industry0=00&geoId=37001&geoType=county&view=report&reportType=detailed
37003,"Alexander County, North Carolina",https://cbb.census.gov/rae/#industry0=00&geoId=37003&geoType=county&view=report&reportType=detailed
37005,"Alleghany County, North Carolina",https://cbb.census.gov/rae/#industry0=00&geoId=37005&geoType=county&view=report&reportType=detailed
37007,"Anson County, North Carolina",https://cbb.census.gov/rae/#industry0=00&geoId=37007&geoType=county&view=report&reportType=detailed
37009,"Ashe County, North Carolina",https://cbb.census.gov/rae/#industry0=00&geoId=37009&geoType=county&view=report&reportType=detailed
37011,"Avery County, North Carolina",https://cbb.census.gov/rae/#industry0=00&geoId=37011&geoType=county&view=report&reportType=detailed
37013,"Beaufort County, North Carolina",https://cbb.census.gov/rae/#industry0=00&geoId=37013&geoType=county&view=report&reportType=detailed
37015,"Bertie County, North Carolina",https://cbb.census.gov/rae/#industry0=00&geoId=37015&geoType=county&view=report&reportType=detailed
37017,"Bladen County, North Carolina",https://cbb.census.gov/rae/#industry0=00&geoId=37017&geoType=county&view=report&reportType=detailed
37019,"Brunswick County, North Carolina",https://cbb.census.gov/rae/#industry0=00&geoId=37019&geoType=county&view=report&reportType=detailed
37021,"Buncombe County, North Carolina",https://cbb.census.gov/rae/#industry0=00&geoId=37021&geoType=county&view=report&reportType=detailed
37023,"Burke County, North Carolina",https://cbb.census.gov/rae/#industry0=00&geoId=37023&geoType=county&view=report&reportType=detailed
37025,"Cabarrus County, North Carolina",https://cbb.census.gov/rae/#industry0=00&geoId=37025&geoType=county&view=report&reportType=detailed
37027,"Caldwell County, North Carolina",https://cbb.census.gov/rae/#industry0=00&geoId=37027&geoType=county&view=report&reportType=detailed
37029,"Camden County, North Carolina",https://cbb.census.gov/rae/#industry0=00&geoId=37029&geoType=county&view=report&reportType=detailed
37031,"Carteret County, North Carolina",https://cbb.census.gov/rae/#industry0=00&geoId=37031&geoType=county&view=report&reportType=detailed
37033,"Caswell County, North Carolina",https://cbb.census.gov/rae/#industry0=00&geoId=37033&geoType=county&view=report&reportType=detailed
37035,"Catawba County, North Carolina",https://cbb.census.gov/rae/#industry0=00&geoId=37035&geoType=county&view=report&reportType=detailed
37037,"Chatham County, North Carolina",https://cbb.census.gov/rae/#industry0=00&geoId=37037&geoType=county&view=report&reportType=detailed
37039,"Cherokee County, North Carolina",https://cbb.census.gov/rae/#industry0=00&geoId=37039&geoType=county&view=report&reportType=detailed
37041,"Chowan County, North Carolina",https://cbb.census.gov/rae/#industry0=00&geoId=37041&geoType=county&view=report&reportType=detailed
37043,"Clay County, North Carolina",https://cbb.census.gov/rae/#industry0=00&geoId=37043&geoType=county&view=report&reportType=detailed
37045,"Cleveland County, North Carolina",https://cbb.census.gov/rae/#industry0=00&geoId=37045&geoType=county&view=report&reportType=detailed
37047,"Columbus County, North Carolina",https://cbb.census.gov/rae/#industry0=00&geoId=37047&geoType=county&view=report&reportType=detailed
37049,"Craven County, North Carolina",https://cbb.census.gov/rae/#industry0=00&geoId=37049&geoType=county&view=report&reportType=detailed
37051,"Cumberland County, North Carolina",https://cbb.census.gov/rae/#industry0=00&geoId=37051&geoType=county&view=report&reportType=detailed
37053,"Currituck County, North Carolina",https://cbb.census.gov/rae/#industry0=00&geoId=37053&geoType=county&view=report&reportType=detailed
37055,"Dare County, North Carolina",https://cbb.census.gov/rae/#industry0=00&geoId=37055&geoType=county&view=report&reportType=detailed
37057,"Davidson County, North Carolina",https://cbb.census.gov/rae/#industry0=00&geoId=37057&geoType=county&view=report&reportType=detailed
37059,"Davie County, North Carolina",https://cbb.census.gov/rae/#industry0=00&geoId=37059&geoType=county&view=report&reportType=detailed
37061,"Duplin County, North Carolina",https://cbb.census.gov/rae/#industry0=00&geoId=37061&geoType=county&view=report&reportType=detailed
37063,"Durham County, North Carolina",https://cbb.census.gov/rae/#industry0=00&geoId=37063&geoType=county&view=report&reportType=detailed
37065,"Edgecombe County, North Carolina",https://cbb.census.gov/rae/#industry0=00&geoId=37065&geoType=county&view=report&reportType=detailed
37067,"Forsyth County, North Carolina",https://cbb.census.gov/rae/#industry0=00&geoId=37067&geoType=county&view=report&reportType=detailed
37069,"Franklin County, North Carolina",https://cbb.census.gov/rae/#industry0=00&geoId=37069&geoType=county&view=report&reportType=detailed
37071,"Gaston County, North Carolina",https://cbb.census.gov/rae/#industry0=00&geoId=37071&geoType=county&view=report&reportType=detailed
37073,"Gates County, North Carolina",https://cbb.census.gov/rae/#industry0=00&geoId=37073&geoType=county&view=report&reportType=detailed
37075,"Graham County, North Carolina",https://cbb.census.gov/rae/#industry0=00&geoId=37075&geoType=county&view=report&reportType=detailed
37077,"Granville County, North Carolina",https://cbb.census.gov/rae/#industry0=00&geoId=37077&geoType=county&view=report&reportType=detailed
37079,"Greene County, North Carolina",https://cbb.census.gov/rae/#industry0=00&geoId=37079&geoType=county&view=report&reportType=detailed
37081,"Guilford County, North Carolina",https://cbb.census.gov/rae/#industry0=00&geoId=37081&geoType=county&view=report&reportType=detailed
37083,"Halifax County, North Carolina",https://cbb.census.gov/rae/#industry0=00&geoId=37083&geoType=county&view=report&reportType=detailed
37085,"Harnett County, North Carolina",https://cbb.census.gov/rae/#industry0=00&geoId=37085&geoType=county&view=report&reportType=detailed
37087,"Haywood County, North Carolina",https://cbb.census.gov/rae/#industry0=00&geoId=37087&geoType=county&view=report&reportType=detailed
37089,"Henderson County, North Carolina",https://cbb.census.gov/rae/#industry0=00&geoId=37089&geoType=county&view=report&reportType=detailed
37091,"Hertford County, North Carolina",https://cbb.census.gov/rae/#industry0=00&geoId=37091&geoType=county&view=report&reportType=detailed
37093,"Hoke County, North Carolina",https://cbb.census.gov/rae/#industry0=00&geoId=37093&geoType=county&view=report&reportType=detailed
37095,"Hyde County, North Carolina",https://cbb.census.gov/rae/#industry0=00&geoId=37095&geoType=county&view=report&reportType=detailed
37097,"Iredell County, North Carolina",https://cbb.census.gov/rae/#industry0=00&geoId=37097&geoType=county&view=report&reportType=detailed
37099,"Jackson County, North Carolina",https://cbb.census.gov/rae/#industry0=00&geoId=37099&geoType=county&view=report&reportType=detailed
37101,"Johnston County, North Carolina",https://cbb.census.gov/rae/#industry0=00&geoId=37101&geoType=county&view=report&reportType=detailed
37103,"Jones County, North Carolina",https://cbb.census.gov/rae/#industry0=00&geoId=37103&geoType=county&view=report&reportType=detailed
37105,"Lee County, North Carolina",https://cbb.census.gov/rae/#industry0=00&geoId=37105&geoType=county&view=report&reportType=detailed
37107,"Lenoir County, North Carolina",https://cbb.census.gov/rae/#industry0=00&geoId=37107&geoType=county&view=report&reportType=detailed
37109,"Lincoln County, North Carolina",https://cbb.census.gov/rae/#industry0=00&geoId=37109&geoType=county&view=report&reportType=detailed
37111,"McDowell County, North Carolina",https://cbb.census.gov/rae/#industry0=00&geoId=37111&geoType=county&view=report&reportType=detailed
37113,"Macon County, North Carolina",https://cbb.census.gov/rae/#industry0=00&geoId=37113&geoType=county&view=report&reportType=detailed
37115,"Madison County, North Carolina",https://cbb.census.gov/rae/#industry0=00&geoId=37115&geoType=county&view=report&reportType=detailed
37117,"Martin County, North Carolina",https://cbb.census.gov/rae/#industry0=00&geoId=37117&geoType=county&view=report&reportType=detailed
37119,"Mecklenburg County, North Carolina",https://cbb.census.gov/rae/#industry0=00&geoId=37119&geoType=county&view=report&reportType=detailed
37121,"Mitchell County, North Carolina",https://cbb.census.gov/rae/#industry0=00&geoId=37121&geoType=county&view=report&reportType=detailed
37123,"Montgomery County, North Carolina",https://cbb.census.gov/rae/#industry0=00&geoId=37123&geoType=county&view=report&reportType=detailed
37125,"Moore County, North Carolina",https://cbb.census.gov/rae/#industry0=00&geoId=37125&geoType=county&view=report&reportType=detailed
37127,"Nash County, North Carolina",https://cbb.census.gov/rae/#industry0=00&geoId=37127&geoType=county&view=report&reportType=detailed
37129,"New Hanover County, North Carolina",https://cbb.census.gov/rae/#industry0=00&geoId=37129&geoType=county&view=report&reportType=detailed
37131,"Northampton County, North Carolina",https://cbb.census.gov/rae/#industry0=00&geoId=37131&geoType=county&view=report&reportType=detailed
37133,"Onslow County, North Carolina",https://cbb.census.gov/rae/#industry0=00&geoId=37133&geoType=county&view=report&reportType=detailed
37135,"Orange County, North Carolina",https://cbb.census.gov/rae/#industry0=00&geoId=37135&geoType=county&view=report&reportType=detailed
37137,"Pamlico County, North Carolina",https://cbb.census.gov/rae/#industry0=00&geoId=37137&geoType=county&view=report&reportType=detailed
37139,"Pasquotank County, North Carolina",https://cbb.census.gov/rae/#industry0=00&geoId=37139&geoType=county&view=report&reportType=detailed
37141,"Pender County, North Carolina",https://cbb.census.gov/rae/#industry0=00&geoId=37141&geoType=county&view=report&reportType=detailed
37143,"Perquimans County, North Carolina",https://cbb.census.gov/rae/#industry0=00&geoId=37143&geoType=county&view=report&reportType=detailed
37145,"Person County, North Carolina",https://cbb.census.gov/rae/#industry0=00&geoId=37145&geoType=county&view=report&reportType=detailed
37147,"Pitt County, North Carolina",https://cbb.census.gov/rae/#industry0=00&geoId=37147&geoType=county&view=report&reportType=detailed
37149,"Polk County, North Carolina",https://cbb.census.gov/rae/#industry0=00&geoId=37149&geoType=county&view=report&reportType=detailed
37151,"Randolph County, North Carolina",https://cbb.census.gov/rae/#industry0=00&geoId=37151&geoType=county&view=report&reportType=detailed
37153,"Richmond County, North Carolina",https://cbb.census.gov/rae/#industry0=00&geoId=37153&geoType=county&view=report&reportType=detailed
37155,"Robeson County, North Carolina",https://cbb.census.gov/rae/#industry0=00&geoId=37155&geoType=county&view=report&reportType=detailed
37157,"Rockingham County, North Carolina",https://cbb.census.gov/rae/#industry0=00&geoId=37157&geoType=county&view=report&reportType=detailed
37159,"Rowan County, North Carolina",https://cbb.census.gov/rae/#industry0=00&geoId=37159&geoType=county&view=report&reportType=detailed
37161,"Rutherford County, North Carolina",https://cbb.census.gov/rae/#industry0=00&geoId=37161&geoType=county&view=report&reportType=detailed
37163,"Sampson County, North Carolina",https://cbb.census.gov/rae/#industry0=00&geoId=37163&geoType=county&view=report&reportType=detailed
37165,"Scotland County, North Carolina",https://cbb.census.gov/rae/#industry0=00&geoId=37165&geoType=county&view=report&reportType=detailed
37167,"Stanly County, North Carolina",https://cbb.census.gov/rae/#industry0=00&geoId=37167&geoType=county&view=report&reportType=detailed
37169,"Stokes County, North Carolina",https://cbb.census.gov/rae/#industry0=00&geoId=37169&geoType=county&view=report&reportType=detailed
37171,"Surry County, North Carolina",https://cbb.census.gov/rae/#industry0=00&geoId=37171&geoType=county&view=report&reportType=detailed
37173,"Swain County, North Carolina",https://cbb.census.gov/rae/#industry0=00&geoId=37173&geoType=county&view=report&reportType=detailed
37175,"Transylvania County, North Carolina",https://cbb.census.gov/rae/#industry0=00&geoId=37175&geoType=county&view=report&reportType=detailed
37177,"Tyrrell County, North Carolina",https://cbb.census.gov/rae/#industry0=00&geoId=37177&geoType=county&view=report&reportType=detailed
37179,"Union County, North Carolina",https://cbb.census.gov/rae/#industry0=00&geoId=37179&geoType=county&view=report&reportType=detailed
37181,"Vance County, North Carolina",https://cbb.census.gov/rae/#industry0=00&geoId=37181&geoType=county&view=report&reportType=detailed
37183,"Wake County, North Carolina",https://cbb.census.gov/rae/#industry0=00&geoId=37183&geoType=county&view=report&reportType=detailed
37185,"Warren County, North Carolina",https://cbb.census.gov/rae/#industry0=00&geoId=37185&geoType=county&view=report&reportType=detailed
37187,"Washington County, North Carolina",https://cbb.census.gov/rae/#industry0=00&geoId=37187&geoType=county&view=report&reportType=detailed
37189,"Watauga County, North Carolina",https://cbb.census.gov/rae/#industry0=00&geoId=37189&geoType=county&view=report&reportType=detailed
37191,"Wayne County, North Carolina",https://cbb.census.gov/rae/#industry0=00&geoId=37191&geoType=county&view=report&reportType=detailed
37193,"Wilkes County, North Carolina",https://cbb.census.gov/rae/#industry0=00&geoId=37193&geoType=county&view=report&reportType=detailed
37195,"Wilson County, North Carolina",https://cbb.census.gov/rae/#industry0=00&geoId=37195&geoType=county&view=report&reportType=detailed
37197,"Yadkin County, North Carolina",https://cbb.census.gov/rae/#industry0=00&geoId=37197&geoType=county&view=report&reportType=detailed
37199,"Yancey County, North Carolina",https://cbb.census.gov/rae/#industry0=00&geoId=37199&geoType=county&view=report&reportType=detailed
38,North Dakota,https://cbb.census.gov/rae/#industry0=00&geoId=38&geoType=state&view=report&reportType=detailed
38001,"Adams County, North Dakota",https://cbb.census.gov/rae/#industry0=00&geoId=38001&geoType=county&view=report&reportType=detailed
38003,"Barnes County, North Dakota",https://cbb.census.gov/rae/#industry0=00&geoId=38003&geoType=county&view=report&reportType=detailed
38005,"Benson County, North Dakota",https://cbb.census.gov/rae/#industry0=00&geoId=38005&geoType=county&view=report&reportType=detailed
38007,"Billings County, North Dakota",https://cbb.census.gov/rae/#industry0=00&geoId=38007&geoType=county&view=report&reportType=detailed
38009,"Bottineau County, North Dakota",https://cbb.census.gov/rae/#industry0=00&geoId=38009&geoType=county&view=report&reportType=detailed
38011,"Bowman County, North Dakota",https://cbb.census.gov/rae/#industry0=00&geoId=38011&geoType=county&view=report&reportType=detailed
38013,"Burke County, North Dakota",https://cbb.census.gov/rae/#industry0=00&geoId=38013&geoType=county&view=report&reportType=detailed
38015,"Burleigh County, North Dakota",https://cbb.census.gov/rae/#industry0=00&geoId=38015&geoType=county&view=report&reportType=detailed
38017,"Cass County, North Dakota",https://cbb.census.gov/rae/#industry0=00&geoId=38017&geoType=county&view=report&reportType=detailed
38019,"Cavalier County, North Dakota",https://cbb.census.gov/rae/#industry0=00&geoId=38019&geoType=county&view=report&reportType=detailed
38021,"Dickey County, North Dakota",https://cbb.census.gov/rae/#industry0=00&geoId=38021&geoType=county&view=report&reportType=detailed
38023,"Divide County, North Dakota",https://cbb.census.gov/rae/#industry0=00&geoId=38023&geoType=county&view=report&reportType=detailed
38025,"Dunn County, North Dakota",https://cbb.census.gov/rae/#industry0=00&geoId=38025&geoType=county&view=report&reportType=detailed
38027,"Eddy County, North Dakota",https://cbb.census.gov/rae/#industry0=00&geoId=38027&geoType=county&view=report&reportType=detailed
38029,"Emmons County, North Dakota",https://cbb.census.gov/rae/#industry0=00&geoId=38029&geoType=county&view=report&reportType=detailed
38031,"Foster County, North Dakota",https://cbb.census.gov/rae/#industry0=00&geoId=38031&geoType=county&view=report&reportType=detailed
38033,"Golden Valley County, North Dakota",https://cbb.census.gov/rae/#industry0=00&geoId=38033&geoType=county&view=report&reportType=detailed
38035,"Grand Forks County, North Dakota",https://cbb.census.gov/rae/#industry0=00&geoId=38035&geoType=county&view=report&reportType=detailed
38037,"Grant County, North Dakota",https://cbb.census.gov/rae/#industry0=00&geoId=38037&geoType=county&view=report&reportType=detailed
38039,"Griggs County, North Dakota",https://cbb.census.gov/rae/#industry0=00&geoId=38039&geoType=county&view=report&reportType=detailed
38041,"Hettinger County, North Dakota",https://cbb.census.gov/rae/#industry0=00&geoId=38041&geoType=county&view=report&reportType=detailed
38043,"Kidder County, North Dakota",https://cbb.census.gov/rae/#industry0=00&geoId=38043&geoType=county&view=report&reportType=detailed
38045,"LaMoure County, North Dakota",https://cbb.census.gov/rae/#industry0=00&geoId=38045&geoType=county&view=report&reportType=detailed
38047,"Logan County, North Dakota",https://cbb.census.gov/rae/#industry0=00&geoId=38047&geoType=county&view=report&reportType=detailed
38049,"McHenry County, North Dakota",https://cbb.census.gov/rae/#industry0=00&geoId=38049&geoType=county&view=report&reportType=detailed
38051,"McIntosh County, North Dakota",https://cbb.census.gov/rae/#industry0=00&geoId=38051&geoType=county&view=report&reportType=detailed
38053,"McKenzie County, North Dakota",https://cbb.census.gov/rae/#industry0=00&geoId=38053&geoType=county&view=report&reportType=detailed
38055,"McLean County, North Dakota",https://cbb.census.gov/rae/#industry0=00&geoId=38055&geoType=county&view=report&reportType=detailed
38057,"Mercer County, North Dakota",https://cbb.census.gov/rae/#industry0=00&geoId=38057&geoType=county&view=report&reportType=detailed
38059,"Morton County, North Dakota",https://cbb.census.gov/rae/#industry0=00&geoId=38059&geoType=county&view=report&reportType=detailed
38061,"Mountrail County, North Dakota",https://cbb.census.gov/rae/#industry0=00&geoId=38061&geoType=county&view=report&reportType=detailed
38063,"Nelson County, North Dakota",https://cbb.census.gov/rae/#industry0=00&geoId=38063&geoType=county&view=report&reportType=detailed
38065,"Oliver County, North Dakota",https://cbb.census.gov/rae/#industry0=00&geoId=38065&geoType=county&view=report&reportType=detailed
38067,"Pembina County, North Dakota",https://cbb.census.gov/rae/#industry0=00&geoId=38067&geoType=county&view=report&reportType=detailed
38069,"Pierce County, North Dakota",https://cbb.census.gov/rae/#industry0=00&geoId=38069&geoType=county&view=report&reportType=detailed
38071,"Ramsey County, North Dakota",https://cbb.census.gov/rae/#industry0=00&geoId=38071&geoType=county&view=report&reportType=detailed
38073,"Ransom County, North Dakota",https://cbb.census.gov/rae/#industry0=00&geoId=38073&geoType=county&view=report&reportType=detailed
38075,"Renville County, North Dakota",https://cbb.census.gov/rae/#industry0=00&geoId=38075&geoType=county&view=report&reportType=detailed
38077,"Richland County, North Dakota",https://cbb.census.gov/rae/#industry0=00&geoId=38077&geoType=county&view=report&reportType=detailed
38079,"Rolette County, North Dakota",https://cbb.census.gov/rae/#industry0=00&geoId=38079&geoType=county&view=report&reportType=detailed
38081,"Sargent County, North Dakota",https://cbb.census.gov/rae/#industry0=00&geoId=38081&geoType=county&view=report&reportType=detailed
38083,"Sheridan County, North Dakota",https://cbb.census.gov/rae/#industry0=00&geoId=38083&geoType=county&view=report&reportType=detailed
38085,"Sioux County, North Dakota",https://cbb.census.gov/rae/#industry0=00&geoId=38085&geoType=county&view=report&reportType=detailed
38087,"Slope County, North Dakota",https://cbb.census.gov/rae/#industry0=00&geoId=38087&geoType=county&view=report&reportType=detailed
38089,"Stark County, North Dakota",https://cbb.census.gov/rae/#industry0=00&geoId=38089&geoType=county&view=report&reportType=detailed
38091,"Steele County, North Dakota",https://cbb.census.gov/rae/#industry0=00&geoId=38091&geoType=county&view=report&reportType=detailed
38093,"Stutsman County, North Dakota",https://cbb.census.gov/rae/#industry0=00&geoId=38093&geoType=county&view=report&reportType=detailed
38095,"Towner County, North Dakota",https://cbb.census.gov/rae/#industry0=00&geoId=38095&geoType=county&view=report&reportType=detailed
38097,"Traill County, North Dakota",https://cbb.census.gov/rae/#industry0=00&geoId=38097&geoType=county&view=report&reportType=detailed
38099,"Walsh County, North Dakota",https://cbb.census.gov/rae/#industry0=00&geoId=38099&geoType=county&view=report&reportType=detailed
38101,"Ward County, North Dakota",https://cbb.census.gov/rae/#industry0=00&geoId=38101&geoType=county&view=report&reportType=detailed
38103,"Wells County, North Dakota",https://cbb.census.gov/rae/#industry0=00&geoId=38103&geoType=county&view=report&reportType=detailed
38105,"Williams County, North Dakota",https://cbb.census.gov/rae/#industry0=00&geoId=38105&geoType=county&view=report&reportType=detailed
39,Ohio,https://cbb.census.gov/rae/#industry0=00&geoId=39&geoType=state&view=report&reportType=detailed
39001,"Adams County, Ohio",https://cbb.census.gov/rae/#industry0=00&geoId=39001&geoType=county&view=report&reportType=detailed
39003,"Allen County, Ohio",https://cbb.census.gov/rae/#industry0=00&geoId=39003&geoType=county&view=report&reportType=detailed
39005,"Ashland County, Ohio",https://cbb.census.gov/rae/#industry0=00&geoId=39005&geoType=county&view=report&reportType=detailed
39007,"Ashtabula County, Ohio",https://cbb.census.gov/rae/#industry0=00&geoId=39007&geoType=county&view=report&reportType=detailed
39009,"Athens County, Ohio",https://cbb.census.gov/rae/#industry0=00&geoId=39009&geoType=county&view=report&reportType=detailed
39011,"Auglaize County, Ohio",https://cbb.census.gov/rae/#industry0=00&geoId=39011&geoType=county&view=report&reportType=detailed
39013,"Belmont County, Ohio",https://cbb.census.gov/rae/#industry0=00&geoId=39013&geoType=county&view=report&reportType=detailed
39015,"Brown County, Ohio",https://cbb.census.gov/rae/#industry0=00&geoId=39015&geoType=county&view=report&reportType=detailed
39017,"Butler County, Ohio",https://cbb.census.gov/rae/#industry0=00&geoId=39017&geoType=county&view=report&reportType=detailed
39019,"Carroll County, Ohio",https://cbb.census.gov/rae/#industry0=00&geoId=39019&geoType=county&view=report&reportType=detailed
39021,"Champaign County, Ohio",https://cbb.census.gov/rae/#industry0=00&geoId=39021&geoType=county&view=report&reportType=detailed
39023,"Clark County, Ohio",https://cbb.census.gov/rae/#industry0=00&geoId=39023&geoType=county&view=report&reportType=detailed
39025,"Clermont County, Ohio",https://cbb.census.gov/rae/#industry0=00&geoId=39025&geoType=county&view=report&reportType=detailed
39027,"Clinton County, Ohio",https://cbb.census.gov/rae/#industry0=00&geoId=39027&geoType=county&view=report&reportType=detailed
39029,"Columbiana County, Ohio",https://cbb.census.gov/rae/#industry0=00&geoId=39029&geoType=county&view=report&reportType=detailed
39031,"Coshocton County, Ohio",https://cbb.census.gov/rae/#industry0=00&geoId=39031&geoType=county&view=report&reportType=detailed
39033,"Crawford County, Ohio",https://cbb.census.gov/rae/#industry0=00&geoId=39033&geoType=county&view=report&reportType=detailed
39035,"Cuyahoga County, Ohio",https://cbb.census.gov/rae/#industry0=00&geoId=39035&geoType=county&view=report&reportType=detailed
39037,"Darke County, Ohio",https://cbb.census.gov/rae/#industry0=00&geoId=39037&geoType=county&view=report&reportType=detailed
39039,"Defiance County, Ohio",https://cbb.census.gov/rae/#industry0=00&geoId=39039&geoType=county&view=report&reportType=detailed
39041,"Delaware County, Ohio",https://cbb.census.gov/rae/#industry0=00&geoId=39041&geoType=county&view=report&reportType=detailed
39043,"Erie County, Ohio",https://cbb.census.gov/rae/#industry0=00&geoId=39043&geoType=county&view=report&reportType=detailed
39045,"Fairfield County, Ohio",https://cbb.census.gov/rae/#industry0=00&geoId=39045&geoType=county&view=report&reportType=detailed
39047,"Fayette County, Ohio",https://cbb.census.gov/rae/#industry0=00&geoId=39047&geoType=county&view=report&reportType=detailed
39049,"Franklin County, Ohio",https://cbb.census.gov/rae/#industry0=00&geoId=39049&geoType=county&view=report&reportType=detailed
39051,"Fulton County, Ohio",https://cbb.census.gov/rae/#industry0=00&geoId=39051&geoType=county&view=report&reportType=detailed
39053,"Gallia County, Ohio",https://cbb.census.gov/rae/#industry0=00&geoId=39053&geoType=county&view=report&reportType=detailed
39055,"Geauga County, Ohio",https://cbb.census.gov/rae/#industry0=00&geoId=39055&geoType=county&view=report&reportType=detailed
39057,"Greene County, Ohio",https://cbb.census.gov/rae/#industry0=00&geoId=39057&geoType=county&view=report&reportType=detailed
39059,"Guernsey County, Ohio",https://cbb.census.gov/rae/#industry0=00&geoId=39059&geoType=county&view=report&reportType=detailed
39061,"Hamilton County, Ohio",https://cbb.census.gov/rae/#industry0=00&geoId=39061&geoType=county&view=report&reportType=detailed
39063,"Hancock County, Ohio",https://cbb.census.gov/rae/#industry0=00&geoId=39063&geoType=county&view=report&reportType=detailed
39065,"Hardin County, Ohio",https://cbb.census.gov/rae/#industry0=00&geoId=39065&geoType=county&view=report&reportType=detailed
39067,"Harrison County, Ohio",https://cbb.census.gov/rae/#industry0=00&geoId=39067&geoType=county&view=report&reportType=detailed
39069,"Henry County, Ohio",https://cbb.census.gov/rae/#industry0=00&geoId=39069&geoType=county&view=report&reportType=detailed
39071,"Highland County, Ohio",https://cbb.census.gov/rae/#industry0=00&geoId=39071&geoType=county&view=report&reportType=detailed
39073,"Hocking County, Ohio",https://cbb.census.gov/rae/#industry0=00&geoId=39073&geoType=county&view=report&reportType=detailed
39075,"Holmes County, Ohio",https://cbb.census.gov/rae/#industry0=00&geoId=39075&geoType=county&view=report&reportType=detailed
39077,"Huron County, Ohio",https://cbb.census.gov/rae/#industry0=00&geoId=39077&geoType=county&view=report&reportType=detailed
39079,"Jackson County, Ohio",https://cbb.census.gov/rae/#industry0=00&geoId=39079&geoType=county&view=report&reportType=detailed
39081,"Jefferson County, Ohio",https://cbb.census.gov/rae/#industry0=00&geoId=39081&geoType=county&view=report&reportType=detailed
39083,"Knox County, Ohio",https://cbb.census.gov/rae/#industry0=00&geoId=39083&geoType=county&view=report&reportType=detailed
39085,"Lake County, Ohio",https://cbb.census.gov/rae/#industry0=00&geoId=39085&geoType=county&view=report&reportType=detailed
39087,"Lawrence County, Ohio",https://cbb.census.gov/rae/#industry0=00&geoId=39087&geoType=county&view=report&reportType=detailed
39089,"Licking County, Ohio",https://cbb.census.gov/rae/#industry0=00&geoId=39089&geoType=county&view=report&reportType=detailed
39091,"Logan County, Ohio",https://cbb.census.gov/rae/#industry0=00&geoId=39091&geoType=county&view=report&reportType=detailed
39093,"Lorain County, Ohio",https://cbb.census.gov/rae/#industry0=00&geoId=39093&geoType=county&view=report&reportType=detailed
39095,"Lucas County, Ohio",https://cbb.census.gov/rae/#industry0=00&geoId=39095&geoType=county&view=report&reportType=detailed
39097,"Madison County, Ohio",https://cbb.census.gov/rae/#industry0=00&geoId=39097&geoType=county&view=report&reportType=detailed
39099,"Mahoning County, Ohio",https://cbb.census.gov/rae/#industry0=00&geoId=39099&geoType=county&view=report&reportType=detailed
39101,"Marion County, Ohio",https://cbb.census.gov/rae/#industry0=00&geoId=39101&geoType=county&view=report&reportType=detailed
39103,"Medina County, Ohio",https://cbb.census.gov/rae/#industry0=00&geoId=39103&geoType=county&view=report&reportType=detailed
39105,"Meigs County, Ohio",https://cbb.census.gov/rae/#industry0=00&geoId=39105&geoType=county&view=report&reportType=detailed
39107,"Mercer County, Ohio",https://cbb.census.gov/rae/#industry0=00&geoId=39107&geoType=county&view=report&reportType=detailed
39109,"Miami County, Ohio",https://cbb.census.gov/rae/#industry0=00&geoId=39109&geoType=county&view=report&reportType=detailed
39111,"Monroe County, Ohio",https://cbb.census.gov/rae/#industry0=00&geoId=39111&geoType=county&view=report&reportType=detailed
39113,"Montgomery County, Ohio",https://cbb.census.gov/rae/#industry0=00&geoId=39113&geoType=county&view=report&reportType=detailed
39115,"Morgan County, Ohio",https://cbb.census.gov/rae/#industry0=00&geoId=39115&geoType=county&view=report&reportType=detailed
39117,"Morrow County, Ohio",https://cbb.census.gov/rae/#industry0=00&geoId=39117&geoType=county&view=report&reportType=detailed
39119,"Muskingum County, Ohio",https://cbb.census.gov/rae/#industry0=00&geoId=39119&geoType=county&view=report&reportType=detailed
39121,"Noble County, Ohio",https://cbb.census.gov/rae/#industry0=00&geoId=39121&geoType=county&view=report&reportType=detailed
39123,"Ottawa County, Ohio",https://cbb.census.gov/rae/#industry0=00&geoId=39123&geoType=county&view=report&reportType=detailed
39125,"Paulding County, Ohio",https://cbb.census.gov/rae/#industry0=00&geoId=39125&geoType=county&view=report&reportType=detailed
39127,"Perry County, Ohio",https://cbb.census.gov/rae/#industry0=00&geoId=39127&geoType=county&view=report&reportType=detailed
39129,"Pickaway County, Ohio",https://cbb.census.gov/rae/#industry0=00&geoId=39129&geoType=county&view=report&reportType=detailed
39131,"Pike County, Ohio",https://cbb.census.gov/rae/#industry0=00&geoId=39131&geoType=county&view=report&reportType=detailed
39133,"Portage County, Ohio",https://cbb.census.gov/rae/#industry0=00&geoId=39133&geoType=county&view=report&reportType=detailed
39135,"Preble County, Ohio",https://cbb.census.gov/rae/#industry0=00&geoId=39135&geoType=county&view=report&reportType=detailed
39137,"Putnam County, Ohio",https://cbb.census.gov/rae/#industry0=00&geoId=39137&geoType=county&view=report&reportType=detailed
39139,"Richland County, Ohio",https://cbb.census.gov/rae/#industry0=00&geoId=39139&geoType=county&view=report&reportType=detailed
39141,"Ross County, Ohio",https://cbb.census.gov/rae/#industry0=00&geoId=39141&geoType=county&view=report&reportType=detailed
39143,"Sandusky County, Ohio",https://cbb.census.gov/rae/#industry0=00&geoId=39143&geoType=county&view=report&reportType=detailed
39145,"Scioto County, Ohio",https://cbb.census.gov/rae/#industry0=00&geoId=39145&geoType=county&view=report&reportType=detailed
39147,"Seneca County, Ohio",https://cbb.census.gov/rae/#industry0=00&geoId=39147&geoType=county&view=report&reportType=detailed
39149,"Shelby County, Ohio",https://cbb.census.gov/rae/#industry0=00&geoId=39149&geoType=county&view=report&reportType=detailed
39151,"Stark County, Ohio",https://cbb.census.gov/rae/#industry0=00&geoId=39151&geoType=county&view=report&reportType=detailed
39153,"Summit County, Ohio",https://cbb.census.gov/rae/#industry0=00&geoId=39153&geoType=county&view=report&reportType=detailed
39155,"Trumbull County, Ohio",https://cbb.census.gov/rae/#industry0=00&geoId=39155&geoType=county&view=report&reportType=detailed
39157,"Tuscarawas County, Ohio",https://cbb.census.gov/rae/#industry0=00&geoId=39157&geoType=county&view=report&reportType=detailed
39159,"Union County, Ohio",https://cbb.census.gov/rae/#industry0=00&geoId=39159&geoType=county&view=report&reportType=detailed
39161,"Van Wert County, Ohio",https://cbb.census.gov/rae/#industry0=00&geoId=39161&geoType=county&view=report&reportType=detailed
39163,"Vinton County, Ohio",https://cbb.census.gov/rae/#industry0=00&geoId=39163&geoType=county&view=report&reportType=detailed
39165,"Warren County, Ohio",https://cbb.census.gov/rae/#industry0=00&geoId=39165&geoType=county&view=report&reportType=detailed
39167,"Washington County, Ohio",https://cbb.census.gov/rae/#industry0=00&geoId=39167&geoType=county&view=report&reportType=detailed
39169,"Wayne County, Ohio",https://cbb.census.gov/rae/#industry0=00&geoId=39169&geoType=county&view=report&reportType=detailed
39171,"Williams County, Ohio",https://cbb.census.gov/rae/#industry0=00&geoId=39171&geoType=county&view=report&reportType=detailed
39173,"Wood County, Ohio",https://cbb.census.gov/rae/#industry0=00&geoId=39173&geoType=county&view=report&reportType=detailed
39175,"Wyandot County, Ohio",https://cbb.census.gov/rae/#industry0=00&geoId=39175&geoType=county&view=report&reportType=detailed
40,Oklahoma,https://cbb.census.gov/rae/#industry0=00&geoId=40&geoType=state&view=report&reportType=detailed
40001,"Adair County, Oklahoma",https://cbb.census.gov/rae/#industry0=00&geoId=40001&geoType=county&view=report&reportType=detailed
40003,"Alfalfa County, Oklahoma",https://cbb.census.gov/rae/#industry0=00&geoId=40003&geoType=county&view=report&reportType=detailed
40005,"Atoka County, Oklahoma",https://cbb.census.gov/rae/#industry0=00&geoId=40005&geoType=county&view=report&reportType=detailed
40007,"Beaver County, Oklahoma",https://cbb.census.gov/rae/#industry0=00&geoId=40007&geoType=county&view=report&reportType=detailed
40009,"Beckham County, Oklahoma",https://cbb.census.gov/rae/#industry0=00&geoId=40009&geoType=county&view=report&reportType=detailed
40011,"Blaine County, Oklahoma",https://cbb.census.gov/rae/#industry0=00&geoId=40011&geoType=county&view=report&reportType=detailed
40013,"Bryan County, Oklahoma",https://cbb.census.gov/rae/#industry0=00&geoId=40013&geoType=county&view=report&reportType=detailed
40015,"Caddo County, Oklahoma",https://cbb.census.gov/rae/#industry0=00&geoId=40015&geoType=county&view=report&reportType=detailed
40017,"Canadian County, Oklahoma",https://cbb.census.gov/rae/#industry0=00&geoId=40017&geoType=county&view=report&reportType=detailed
40019,"Carter County, Oklahoma",https://cbb.census.gov/rae/#industry0=00&geoId=40019&geoType=county&view=report&reportType=detailed
40021,"Cherokee County, Oklahoma",https://cbb.census.gov/rae/#industry0=00&geoId=40021&geoType=county&view=report&reportType=detailed
40023,"Choctaw County, Oklahoma",https://cbb.census.gov/rae/#industry0=00&geoId=40023&geoType=county&view=report&reportType=detailed
40025,"Cimarron County, Oklahoma",https://cbb.census.gov/rae/#industry0=00&geoId=40025&geoType=county&view=report&reportType=detailed
40027,"Cleveland County, Oklahoma",https://cbb.census.gov/rae/#industry0=00&geoId=40027&geoType=county&view=report&reportType=detailed
40029,"Coal County, Oklahoma",https://cbb.census.gov/rae/#industry0=00&geoId=40029&geoType=county&view=report&reportType=detailed
40031,"Comanche County, Oklahoma",https://cbb.census.gov/rae/#industry0=00&geoId=40031&geoType=county&view=report&reportType=detailed
40033,"Cotton County, Oklahoma",https://cbb.census.gov/rae/#industry0=00&geoId=40033&geoType=county&view=report&reportType=detailed
40035,"Craig County, Oklahoma",https://cbb.census.gov/rae/#industry0=00&geoId=40035&geoType=county&view=report&reportType=detailed
40037,"Creek County, Oklahoma",https://cbb.census.gov/rae/#industry0=00&geoId=40037&geoType=county&view=report&reportType=detailed
40039,"Custer County, Oklahoma",https://cbb.census.gov/rae/#industry0=00&geoId=40039&geoType=county&view=report&reportType=detailed
40041,"Delaware County, Oklahoma",https://cbb.census.gov/rae/#industry0=00&geoId=40041&geoType=county&view=report&reportType=detailed
40043,"Dewey County, Oklahoma",https://cbb.census.gov/rae/#industry0=00&geoId=40043&geoType=county&view=report&reportType=detailed
40045,"Ellis County, Oklahoma",https://cbb.census.gov/rae/#industry0=00&geoId=40045&geoType=county&view=report&reportType=detailed
40047,"Garfield County, Oklahoma",https://cbb.census.gov/rae/#industry0=00&geoId=40047&geoType=county&view=report&reportType=detailed
40049,"Garvin County, Oklahoma",https://cbb.census.gov/rae/#industry0=00&geoId=40049&geoType=county&view=report&reportType=detailed
40051,"Grady County, Oklahoma",https://cbb.census.gov/rae/#industry0=00&geoId=40051&geoType=county&view=report&reportType=detailed
40053,"Grant County, Oklahoma",https://cbb.census.gov/rae/#industry0=00&geoId=40053&geoType=county&view=report&reportType=detailed
40055,"Greer County, Oklahoma",https://cbb.census.gov/rae/#industry0=00&geoId=40055&geoType=county&view=report&reportType=detailed
40057,"Harmon County, Oklahoma",https://cbb.census.gov/rae/#industry0=00&geoId=40057&geoType=county&view=report&reportType=detailed
40059,"Harper County, Oklahoma",https://cbb.census.gov/rae/#industry0=00&geoId=40059&geoType=county&view=report&reportType=detailed
40061,"Haskell County, Oklahoma",https://cbb.census.gov/rae/#industry0=00&geoId=40061&geoType=county&view=report&reportType=detailed
40063,"Hughes County, Oklahoma",https://cbb.census.gov/rae/#industry0=00&geoId=40063&geoType=county&view=report&reportType=detailed
40065,"Jackson County, Oklahoma",https://cbb.census.gov/rae/#industry0=00&geoId=40065&geoType=county&view=report&reportType=detailed
40067,"Jefferson County, Oklahoma",https://cbb.census.gov/rae/#industry0=00&geoId=40067&geoType=county&view=report&reportType=detailed
40069,"Johnston County, Oklahoma",https://cbb.census.gov/rae/#industry0=00&geoId=40069&geoType=county&view=report&reportType=detailed
40071,"Kay County, Oklahoma",https://cbb.census.gov/rae/#industry0=00&geoId=40071&geoType=county&view=report&reportType=detailed
40073,"Kingfisher County, Oklahoma",https://cbb.census.gov/rae/#industry0=00&geoId=40073&geoType=county&view=report&reportType=detailed
40075,"Kiowa County, Oklahoma",https://cbb.census.gov/rae/#industry0=00&geoId=40075&geoType=county&view=report&reportType=detailed
40077,"Latimer County, Oklahoma",https://cbb.census.gov/rae/#industry0=00&geoId=40077&geoType=county&view=report&reportType=detailed
40079,"Le Flore County, Oklahoma",https://cbb.census.gov/rae/#industry0=00&geoId=40079&geoType=county&view=report&reportType=detailed
40081,"Lincoln County, Oklahoma",https://cbb.census.gov/rae/#industry0=00&geoId=40081&geoType=county&view=report&reportType=detailed
40083,"Logan County, Oklahoma",https://cbb.census.gov/rae/#industry0=00&geoId=40083&geoType=county&view=report&reportType=detailed
40085,"Love County, Oklahoma",https://cbb.census.gov/rae/#industry0=00&geoId=40085&geoType=county&view=report&reportType=detailed
40087,"McClain County, Oklahoma",https://cbb.census.gov/rae/#industry0=00&geoId=40087&geoType=county&view=report&reportType=detailed
40089,"McCurtain County, Oklahoma",https://cbb.census.gov/rae/#industry0=00&geoId=40089&geoType=county&view=report&reportType=detailed
40091,"McIntosh County, Oklahoma",https://cbb.census.gov/rae/#industry0=00&geoId=40091&geoType=county&view=report&reportType=detailed
40093,"Major County, Oklahoma",https://cbb.census.gov/rae/#industry0=00&geoId=40093&geoType=county&view=report&reportType=detailed
40095,"Marshall County, Oklahoma",https://cbb.census.gov/rae/#industry0=00&geoId=40095&geoType=county&view=report&reportType=detailed
40097,"Mayes County, Oklahoma",https://cbb.census.gov/rae/#industry0=00&geoId=40097&geoType=county&view=report&reportType=detailed
40099,"Murray County, Oklahoma",https://cbb.census.gov/rae/#industry0=00&geoId=40099&geoType=county&view=report&reportType=detailed
40101,"Muskogee County, Oklahoma",https://cbb.census.gov/rae/#industry0=00&geoId=40101&geoType=county&view=report&reportType=detailed
40103,"Noble County, Oklahoma",https://cbb.census.gov/rae/#industry0=00&geoId=40103&geoType=county&view=report&reportType=detailed
40105,"Nowata County, Oklahoma",https://cbb.census.gov/rae/#industry0=00&geoId=40105&geoType=county&view=report&reportType=detailed
40107,"Okfuskee County, Oklahoma",https://cbb.census.gov/rae/#industry0=00&geoId=40107&geoType=county&view=report&reportType=detailed
40109,"Oklahoma County, Oklahoma",https://cbb.census.gov/rae/#industry0=00&geoId=40109&geoType=county&view=report&reportType=detailed
40111,"Okmulgee County, Oklahoma",https://cbb.census.gov/rae/#industry0=00&geoId=40111&geoType=county&view=report&reportType=detailed
40113,"Osage County, Oklahoma",https://cbb.census.gov/rae/#industry0=00&geoId=40113&geoType=county&view=report&reportType=detailed
40115,"Ottawa County, Oklahoma",https://cbb.census.gov/rae/#industry0=00&geoId=40115&geoType=county&view=report&reportType=detailed
40117,"Pawnee County, Oklahoma",https://cbb.census.gov/rae/#industry0=00&geoId=40117&geoType=county&view=report&reportType=detailed
40119,"Payne County, Oklahoma",https://cbb.census.gov/rae/#industry0=00&geoId=40119&geoType=county&view=report&reportType=detailed
40121,"Pittsburg County, Oklahoma",https://cbb.census.gov/rae/#industry0=00&geoId=40121&geoType=county&view=report&reportType=detailed
40123,"Pontotoc County, Oklahoma",https://cbb.census.gov/rae/#industry0=00&geoId=40123&geoType=county&view=report&reportType=detailed
40125,"Pottawatomie County, Oklahoma",https://cbb.census.gov/rae/#industry0=00&geoId=40125&geoType=county&view=report&reportType=detailed
40127,"Pushmataha County, Oklahoma",https://cbb.census.gov/rae/#industry0=00&geoId=40127&geoType=county&view=report&reportType=detailed
40129,"Roger Mills County, Oklahoma",https://cbb.census.gov/rae/#industry0=00&geoId=40129&geoType=county&view=report&reportType=detailed
40131,"Rogers County, Oklahoma",https://cbb.census.gov/rae/#industry0=00&geoId=40131&geoType=county&view=report&reportType=detailed
40133,"Seminole County, Oklahoma",https://cbb.census.gov/rae/#industry0=00&geoId=40133&geoType=county&view=report&reportType=detailed
40135,"Sequoyah County, Oklahoma",https://cbb.census.gov/rae/#industry0=00&geoId=40135&geoType=county&view=report&reportType=detailed
40137,"Stephens County, Oklahoma",https://cbb.census.gov/rae/#industry0=00&geoId=40137&geoType=county&view=report&reportType=detailed
40139,"Texas County, Oklahoma",https://cbb.census.gov/rae/#industry0=00&geoId=40139&geoType=county&view=report&reportType=detailed
40141,"Tillman County, Oklahoma",https://cbb.census.gov/rae/#industry0=00&geoId=40141&geoType=county&view=report&reportType=detailed
40143,"Tulsa County, Oklahoma",https://cbb.census.gov/rae/#industry0=00&geoId=40143&geoType=county&view=report&reportType=detailed
40145,"Wagoner County, Oklahoma",https://cbb.census.gov/rae/#industry0=00&geoId=40145&geoType=county&view=report&reportType=detailed
40147,"Washington County, Oklahoma",https://cbb.census.gov/rae/#industry0=00&geoId=40147&geoType=county&view=report&reportType=detailed
40149,"Washita County, Oklahoma",https://cbb.census.gov/rae/#industry0=00&geoId=40149&geoType=county&view=report&reportType=detailed
40151,"Woods County, Oklahoma",https://cbb.census.gov/rae/#industry0=00&geoId=40151&geoType=county&view=report&reportType=detailed
40153,"Woodward County, Oklahoma",https://cbb.census.gov/rae/#industry0=00&geoId=40153&geoType=county&view=report&reportType=detailed
41,Oregon,https://cbb.census.gov/rae/#industry0=00&geoId=41&geoType=state&view=report&reportType=detailed
41001,"Baker County, Oregon",https://cbb.census.gov/rae/#industry0=00&geoId=41001&geoType=county&view=report&reportType=detailed
41003,"Benton County, Oregon",https://cbb.census.gov/rae/#industry0=00&geoId=41003&geoType=county&view=report&reportType=detailed
41005,"Clackamas County, Oregon",https://cbb.census.gov/rae/#industry0=00&geoId=41005&geoType=county&view=report&reportType=detailed
41007,"Clatsop County, Oregon",https://cbb.census.gov/rae/#industry0=00&geoId=41007&geoType=county&view=report&reportType=detailed
41009,"Columbia County, Oregon",https://cbb.census.gov/rae/#industry0=00&geoId=41009&geoType=county&view=report&reportType=detailed
41011,"Coos County, Oregon",https://cbb.census.gov/rae/#industry0=00&geoId=41011&geoType=county&view=report&reportType=detailed
41013,"Crook County, Oregon",https://cbb.census.gov/rae/#industry0=00&geoId=41013&geoType=county&view=report&reportType=detailed
41015,"Curry County, Oregon",https://cbb.census.gov/rae/#industry0=00&geoId=41015&geoType=county&view=report&reportType=detailed
41017,"Deschutes County, Oregon",https://cbb.census.gov/rae/#industry0=00&geoId=41017&geoType=county&view=report&reportType=detailed
41019,"Douglas County, Oregon",https://cbb.census.gov/rae/#industry0=00&geoId=41019&geoType=county&view=report&reportType=detailed
41021,"Gilliam County, Oregon",https://cbb.census.gov/rae/#industry0=00&geoId=41021&geoType=county&view=report&reportType=detailed
41023,"Grant County, Oregon",https://cbb.census.gov/rae/#industry0=00&geoId=41023&geoType=county&view=report&reportType=detailed
41025,"Harney County, Oregon",https://cbb.census.gov/rae/#industry0=00&geoId=41025&geoType=county&view=report&reportType=detailed
41027,"Hood River County, Oregon",https://cbb.census.gov/rae/#industry0=00&geoId=41027&geoType=county&view=report&reportType=detailed
41029,"Jackson County, Oregon",https://cbb.census.gov/rae/#industry0=00&geoId=41029&geoType=county&view=report&reportType=detailed
41031,"Jefferson County, Oregon",https://cbb.census.gov/rae/#industry0=00&geoId=41031&geoType=county&view=report&reportType=detailed
41033,"Josephine County, Oregon",https://cbb.census.gov/rae/#industry0=00&geoId=41033&geoType=county&view=report&reportType=detailed
41035,"Klamath County, Oregon",https://cbb.census.gov/rae/#industry0=00&geoId=41035&geoType=county&view=report&reportType=detailed
41037,"Lake County, Oregon",https://cbb.census.gov/rae/#industry0=00&geoId=41037&geoType=county&view=report&reportType=detailed
41039,"Lane County, Oregon",https://cbb.census.gov/rae/#industry0=00&geoId=41039&geoType=county&view=report&reportType=detailed
41041,"Lincoln County, Oregon",https://cbb.census.gov/rae/#industry0=00&geoId=41041&geoType=county&view=report&reportType=detailed
41043,"Linn County, Oregon",https://cbb.census.gov/rae/#industry0=00&geoId=41043&geoType=county&view=report&reportType=detailed
41045,"Malheur County, Oregon",https://cbb.census.gov/rae/#industry0=00&geoId=41045&geoType=county&view=report&reportType=detailed
41047,"Marion County, Oregon",https://cbb.census.gov/rae/#industry0=00&geoId=41047&geoType=county&view=report&reportType=detailed
41049,"Morrow County, Oregon",https://cbb.census.gov/rae/#industry0=00&geoId=41049&geoType=county&view=report&reportType=detailed
41051,"Multnomah County, Oregon",https://cbb.census.gov/rae/#industry0=00&geoId=41051&geoType=county&view=report&reportType=detailed
41053,"Polk County, Oregon",https://cbb.census.gov/rae/#industry0=00&geoId=41053&geoType=county&view=report&reportType=detailed
41055,"Sherman County, Oregon",https://cbb.census.gov/rae/#industry0=00&geoId=41055&geoType=county&view=report&reportType=detailed
41057,"Tillamook County, Oregon",https://cbb.census.gov/rae/#industry0=00&geoId=41057&geoType=county&view=report&reportType=detailed
41059,"Umatilla County, Oregon",https://cbb.census.gov/rae/#industry0=00&geoId=41059&geoType=county&view=report&reportType=detailed
41061,"Union County, Oregon",https://cbb.census.gov/rae/#industry0=00&geoId=41061&geoType=county&view=report&reportType=detailed
41063,"Wallowa County, Oregon",https://cbb.census.gov/rae/#industry0=00&geoId=41063&geoType=county&view=report&reportType=detailed
41065,"Wasco County, Oregon",https://cbb.census.gov/rae/#industry0=00&geoId=41065&geoType=county&view=report&reportType=detailed
41067,"Washington County, Oregon",https://cbb.census.gov/rae/#industry0=00&geoId=41067&geoType=county&view=report&reportType=detailed
41069,"Wheeler County, Oregon",https://cbb.census.gov/rae/#industry0=00&geoId=41069&geoType=county&view=report&reportType=detailed
41071,"Yamhill County, Oregon",https://cbb.census.gov/rae/#industry0=00&geoId=41071&geoType=county&view=report&reportType=detailed
42,Pennsylvania,https://cbb.census.gov/rae/#industry0=00&geoId=42&geoType=state&view=report&reportType=detailed
42001,"Adams County, Pennsylvania",https://cbb.census.gov/rae/#industry0=00&geoId=42001&geoType=county&view=report&reportType=detailed
42003,"Allegheny County, Pennsylvania",https://cbb.census.gov/rae/#industry0=00&geoId=42003&geoType=county&view=report&reportType=detailed
42005,"Armstrong County, Pennsylvania",https://cbb.census.gov/rae/#industry0=00&geoId=42005&geoType=county&view=report&reportType=detailed
42007,"Beaver County, Pennsylvania",https://cbb.census.gov/rae/#industry0=00&geoId=42007&geoType=county&view=report&reportType=detailed
42009,"Bedford County, Pennsylvania",https://cbb.census.gov/rae/#industry0=00&geoId=42009&geoType=county&view=report&reportType=detailed
42011,"Berks County, Pennsylvania",https://cbb.census.gov/rae/#industry0=00&geoId=42011&geoType=county&view=report&reportType=detailed
42013,"Blair County, Pennsylvania",https://cbb.census.gov/rae/#industry0=00&geoId=42013&geoType=county&view=report&reportType=detailed
42015,"Bradford County, Pennsylvania",https://cbb.census.gov/rae/#industry0=00&geoId=42015&geoType=county&view=report&reportType=detailed
42017,"Bucks County, Pennsylvania",https://cbb.census.gov/rae/#industry0=00&geoId=42017&geoType=county&view=report&reportType=detailed
42019,"Butler County, Pennsylvania",https://cbb.census.gov/rae/#industry0=00&geoId=42019&geoType=county&view=report&reportType=detailed
42021,"Cambria County, Pennsylvania",https://cbb.census.gov/rae/#industry0=00&geoId=42021&geoType=county&view=report&reportType=detailed
42023,"Cameron County, Pennsylvania",https://cbb.census.gov/rae/#industry0=00&geoId=42023&geoType=county&view=report&reportType=detailed
42025,"Carbon County, Pennsylvania",https://cbb.census.gov/rae/#industry0=00&geoId=42025&geoType=county&view=report&reportType=detailed
42027,"Centre County, Pennsylvania",https://cbb.census.gov/rae/#industry0=00&geoId=42027&geoType=county&view=report&reportType=detailed
42029,"Chester County, Pennsylvania",https://cbb.census.gov/rae/#industry0=00&geoId=42029&geoType=county&view=report&reportType=detailed
42031,"Clarion County, Pennsylvania",https://cbb.census.gov/rae/#industry0=00&geoId=42031&geoType=county&view=report&reportType=detailed
42033,"Clearfield County, Pennsylvania",https://cbb.census.gov/rae/#industry0=00&geoId=42033&geoType=county&view=report&reportType=detailed
42035,"Clinton County, Pennsylvania",https://cbb.census.gov/rae/#industry0=00&geoId=42035&geoType=county&view=report&reportType=detailed
42037,"Columbia County, Pennsylvania",https://cbb.census.gov/rae/#industry0=00&geoId=42037&geoType=county&view=report&reportType=detailed
42039,"Crawford County, Pennsylvania",https://cbb.census.gov/rae/#industry0=00&geoId=42039&geoType=county&view=report&reportType=detailed
42041,"Cumberland County, Pennsylvania",https://cbb.census.gov/rae/#industry0=00&geoId=42041&geoType=county&view=report&reportType=detailed
42043,"Dauphin County, Pennsylvania",https://cbb.census.gov/rae/#industry0=00&geoId=42043&geoType=county&view=report&reportType=detailed
42045,"Delaware County, Pennsylvania",https://cbb.census.gov/rae/#industry0=00&geoId=42045&geoType=county&view=report&reportType=detailed
42047,"Elk County, Pennsylvania",https://cbb.census.gov/rae/#industry0=00&geoId=42047&geoType=county&view=report&reportType=detailed
42049,"Erie County, Pennsylvania",https://cbb.census.gov/rae/#industry0=00&geoId=42049&geoType=county&view=report&reportType=detailed
42051,"Fayette County, Pennsylvania",https://cbb.census.gov/rae/#industry0=00&geoId=42051&geoType=county&view=report&reportType=detailed
42053,"Forest County, Pennsylvania",https://cbb.census.gov/rae/#industry0=00&geoId=42053&geoType=county&view=report&reportType=detailed
42055,"Franklin County, Pennsylvania",https://cbb.census.gov/rae/#industry0=00&geoId=42055&geoType=county&view=report&reportType=detailed
42057,"Fulton County, Pennsylvania",https://cbb.census.gov/rae/#industry0=00&geoId=42057&geoType=county&view=report&reportType=detailed
42059,"Greene County, Pennsylvania",https://cbb.census.gov/rae/#industry0=00&geoId=42059&geoType=county&view=report&reportType=detailed
42061,"Huntingdon County, Pennsylvania",https://cbb.census.gov/rae/#industry0=00&geoId=42061&geoType=county&view=report&reportType=detailed
42063,"Indiana County, Pennsylvania",https://cbb.census.gov/rae/#industry0=00&geoId=42063&geoType=county&view=report&reportType=detailed
42065,"Jefferson County, Pennsylvania",https://cbb.census.gov/rae/#industry0=00&geoId=42065&geoType=county&view=report&reportType=detailed
42067,"Juniata County, Pennsylvania",https://cbb.census.gov/rae/#industry0=00&geoId=42067&geoType=county&view=report&reportType=detailed
42069,"Lackawanna County, Pennsylvania",https://cbb.census.gov/rae/#industry0=00&geoId=42069&geoType=county&view=report&reportType=detailed
42071,"Lancaster County, Pennsylvania",https://cbb.census.gov/rae/#industry0=00&geoId=42071&geoType=county&view=report&reportType=detailed
42073,"Lawrence County, Pennsylvania",https://cbb.census.gov/rae/#industry0=00&geoId=42073&geoType=county&view=report&reportType=detailed
42075,"Lebanon County, Pennsylvania",https://cbb.census.gov/rae/#industry0=00&geoId=42075&geoType=county&view=report&reportType=detailed
42077,"Lehigh County, Pennsylvania",https://cbb.census.gov/rae/#industry0=00&geoId=42077&geoType=county&view=report&reportType=detailed
42079,"Luzerne County, Pennsylvania",https://cbb.census.gov/rae/#industry0=00&geoId=42079&geoType=county&view=report&reportType=detailed
42081,"Lycoming County, Pennsylvania",https://cbb.census.gov/rae/#industry0=00&geoId=42081&geoType=county&view=report&reportType=detailed
42083,"McKean County, Pennsylvania",https://cbb.census.gov/rae/#industry0=00&geoId=42083&geoType=county&view=report&reportType=detailed
42085,"Mercer County, Pennsylvania",https://cbb.census.gov/rae/#industry0=00&geoId=42085&geoType=county&view=report&reportType=detailed
42087,"Mifflin County, Pennsylvania",https://cbb.census.gov/rae/#industry0=00&geoId=42087&geoType=county&view=report&reportType=detailed
42089,"Monroe County, Pennsylvania",https://cbb.census.gov/rae/#industry0=00&geoId=42089&geoType=county&view=report&reportType=detailed
42091,"Montgomery County, Pennsylvania",https://cbb.census.gov/rae/#industry0=00&geoId=42091&geoType=county&view=report&reportType=detailed
42093,"Montour County, Pennsylvania",https://cbb.census.gov/rae/#industry0=00&geoId=42093&geoType=county&view=report&reportType=detailed
42095,"Northampton County, Pennsylvania",https://cbb.census.gov/rae/#industry0=00&geoId=42095&geoType=county&view=report&reportType=detailed
42097,"Northumberland County, Pennsylvania",https://cbb.census.gov/rae/#industry0=00&geoId=42097&geoType=county&view=report&reportType=detailed
42099,"Perry County, Pennsylvania",https://cbb.census.gov/rae/#industry0=00&geoId=42099&geoType=county&view=report&reportType=detailed
42101,"Philadelphia County, Pennsylvania",https://cbb.census.gov/rae/#industry0=00&geoId=42101&geoType=county&view=report&reportType=detailed
42103,"Pike County, Pennsylvania",https://cbb.census.gov/rae/#industry0=00&geoId=42103&geoType=county&view=report&reportType=detailed
42105,"Potter County, Pennsylvania",https://cbb.census.gov/rae/#industry0=00&geoId=42105&geoType=county&view=report&reportType=detailed
42107,"Schuylkill County, Pennsylvania",https://cbb.census.gov/rae/#industry0=00&geoId=42107&geoType=county&view=report&reportType=detailed
42109,"Snyder County, Pennsylvania",https://cbb.census.gov/rae/#industry0=00&geoId=42109&geoType=county&view=report&reportType=detailed
42111,"Somerset County, Pennsylvania",https://cbb.census.gov/rae/#industry0=00&geoId=42111&geoType=county&view=report&reportType=detailed
42113,"Sullivan County, Pennsylvania",https://cbb.census.gov/rae/#industry0=00&geoId=42113&geoType=county&view=report&reportType=detailed
42115,"Susquehanna County, Pennsylvania",https://cbb.census.gov/rae/#industry0=00&geoId=42115&geoType=county&view=report&reportType=detailed
42117,"Tioga County, Pennsylvania",https://cbb.census.gov/rae/#industry0=00&geoId=42117&geoType=county&view=report&reportType=detailed
42119,"Union County, Pennsylvania",https://cbb.census.gov/rae/#industry0=00&geoId=42119&geoType=county&view=report&reportType=detailed
42121,"Venango County, Pennsylvania",https://cbb.census.gov/rae/#industry0=00&geoId=42121&geoType=county&view=report&reportType=detailed
42123,"Warren County, Pennsylvania",https://cbb.census.gov/rae/#industry0=00&geoId=42123&geoType=county&view=report&reportType=detailed
42125,"Washington County, Pennsylvania",https://cbb.census.gov/rae/#industry0=00&geoId=42125&geoType=county&view=report&reportType=detailed
42127,"Wayne County, Pennsylvania",https://cbb.census.gov/rae/#industry0=00&geoId=42127&geoType=county&view=report&reportType=detailed
42129,"Westmoreland County, Pennsylvania",https://cbb.census.gov/rae/#industry0=00&geoId=42129&geoType=county&view=report&reportType=detailed
42131,"Wyoming County, Pennsylvania",https://cbb.census.gov/rae/#industry0=00&geoId=42131&geoType=county&view=report&reportType=detailed
42133,"York County, Pennsylvania",https://cbb.census.gov/rae/#industry0=00&geoId=42133&geoType=county&view=report&reportType=detailed
44,Rhode Island,https://cbb.census.gov/rae/#industry0=00&geoId=44&geoType=state&view=report&reportType=detailed
44001,"Bristol County, Rhode Island",https://cbb.census.gov/rae/#industry0=00&geoId=44001&geoType=county&view=report&reportType=detailed
44003,"Kent County, Rhode Island",https://cbb.census.gov/rae/#industry0=00&geoId=44003&geoType=county&view=report&reportType=detailed
44005,"Newport County, Rhode Island",https://cbb.census.gov/rae/#industry0=00&geoId=44005&geoType=county&view=report&reportType=detailed
44007,"Providence County, Rhode Island",https://cbb.census.gov/rae/#industry0=00&geoId=44007&geoType=county&view=report&reportType=detailed
44009,"Washington County, Rhode Island",https://cbb.census.gov/rae/#industry0=00&geoId=44009&geoType=county&view=report&reportType=detailed
45,South Carolina,https://cbb.census.gov/rae/#industry0=00&geoId=45&geoType=state&view=report&reportType=detailed
45001,"Abbeville County, South Carolina",https://cbb.census.gov/rae/#industry0=00&geoId=45001&geoType=county&view=report&reportType=detailed
45003,"Aiken County, South Carolina",https://cbb.census.gov/rae/#industry0=00&geoId=45003&geoType=county&view=report&reportType=detailed
45005,"Allendale County, South Carolina",https://cbb.census.gov/rae/#industry0=00&geoId=45005&geoType=county&view=report&reportType=detailed
45007,"Anderson County, South Carolina",https://cbb.census.gov/rae/#industry0=00&geoId=45007&geoType=county&view=report&reportType=detailed
45009,"Bamberg County, South Carolina",https://cbb.census.gov/rae/#industry0=00&geoId=45009&geoType=county&view=report&reportType=detailed
45011,"Barnwell County, South Carolina",https://cbb.census.gov/rae/#industry0=00&geoId=45011&geoType=county&view=report&reportType=detailed
45013,"Beaufort County, South Carolina",https://cbb.census.gov/rae/#industry0=00&geoId=45013&geoType=county&view=report&reportType=detailed
45015,"Berkeley County, South Carolina",https://cbb.census.gov/rae/#industry0=00&geoId=45015&geoType=county&view=report&reportType=detailed
45017,"Calhoun County, South Carolina",https://cbb.census.gov/rae/#industry0=00&geoId=45017&geoType=county&view=report&reportType=detailed
45019,"Charleston County, South Carolina",https://cbb.census.gov/rae/#industry0=00&geoId=45019&geoType=county&view=report&reportType=detailed
45021,"Cherokee County, South Carolina",https://cbb.census.gov/rae/#industry0=00&geoId=45021&geoType=county&view=report&reportType=detailed
45023,"Chester County, South Carolina",https://cbb.census.gov/rae/#industry0=00&geoId=45023&geoType=county&view=report&reportType=detailed
45025,"Chesterfield County, South Carolina",https://cbb.census.gov/rae/#industry0=00&geoId=45025&geoType=county&view=report&reportType=detailed
45027,"Clarendon County, South Carolina",https://cbb.census.gov/rae/#industry0=00&geoId=45027&geoType=county&view=report&reportType=detailed
45029,"Colleton County, South Carolina",https://cbb.census.gov/rae/#industry0=00&geoId=45029&geoType=county&view=report&reportType=detailed
45031,"Darlington County, South Carolina",https://cbb.census.gov/rae/#industry0=00&geoId=45031&geoType=county&view=report&reportType=detailed
45033,"Dillon County, South Carolina",https://cbb.census.gov/rae/#industry0=00&geoId=45033&geoType=county&view=report&reportType=detailed
45035,"Dorchester County, South Carolina",https://cbb.census.gov/rae/#industry0=00&geoId=45035&geoType=county&view=report&reportType=detailed
45037,"Edgefield County, South Carolina",https://cbb.census.gov/rae/#industry0=00&geoId=45037&geoType=county&view=report&reportType=detailed
45039,"Fairfield County, South Carolina",https://cbb.census.gov/rae/#industry0=00&geoId=45039&geoType=county&view=report&reportType=detailed
45041,"Florence County, South Carolina",https://cbb.census.gov/rae/#industry0=00&geoId=45041&geoType=county&view=report&reportType=detailed
45043,"Georgetown County, South Carolina",https://cbb.census.gov/rae/#industry0=00&geoId=45043&geoType=county&view=report&reportType=detailed
45045,"Greenville County, South Carolina",https://cbb.census.gov/rae/#industry0=00&geoId=45045&geoType=county&view=report&reportType=detailed
45047,"Greenwood County, South Carolina",https://cbb.census.gov/rae/#industry0=00&geoId=45047&geoType=county&view=report&reportType=detailed
45049,"Hampton County, South Carolina",https://cbb.census.gov/rae/#industry0=00&geoId=45049&geoType=county&view=report&reportType=detailed
45051,"Horry County, South Carolina",https://cbb.census.gov/rae/#industry0=00&geoId=45051&geoType=county&view=report&reportType=detailed
45053,"Jasper County, South Carolina",https://cbb.census.gov/rae/#industry0=00&geoId=45053&geoType=county&view=report&reportType=detailed
45055,"Kershaw County, South Carolina",https://cbb.census.gov/rae/#industry0=00&geoId=45055&geoType=county&view=report&reportType=detailed
45057,"Lancaster County, South Carolina",https://cbb.census.gov/rae/#industry0=00&geoId=45057&geoType=county&view=report&reportType=detailed
45059,"Laurens County, South Carolina",https://cbb.census.gov/rae/#industry0=00&geoId=45059&geoType=county&view=report&reportType=detailed
45061,"Lee County, South Carolina",https://cbb.census.gov/rae/#industry0=00&geoId=45061&geoType=county&view=report&reportType=detailed
45063,"Lexington County, South Carolina",https://cbb.census.gov/rae/#industry0=00&geoId=45063&geoType=county&view=report&reportType=detailed
45065,"McCormick County, South Carolina",https://cbb.census.gov/rae/#industry0=00&geoId=45065&geoType=county&view=report&reportType=detailed
45067,"Marion County, South Carolina",https://cbb.census.gov/rae/#industry0=00&geoId=45067&geoType=county&view=report&reportType=detailed
45069,"Marlboro County, South Carolina",https://cbb.census.gov/rae/#industry0=00&geoId=45069&geoType=county&view=report&reportType=detailed
45071,"Newberry County, South Carolina",https://cbb.census.gov/rae/#industry0=00&geoId=45071&geoType=county&view=report&reportType=detailed
45073,"Oconee County, South Carolina",https://cbb.census.gov/rae/#industry0=00&geoId=45073&geoType=county&view=report&reportType=detailed
45075,"Orangeburg County, South Carolina",https://cbb.census.gov/rae/#industry0=00&geoId=45075&geoType=county&view=report&reportType=detailed
45077,"Pickens County, South Carolina",https://cbb.census.gov/rae/#industry0=00&geoId=45077&geoType=county&view=report&reportType=detailed
45079,"Richland County, South Carolina",https://cbb.census.gov/rae/#industry0=00&geoId=45079&geoType=county&view=report&reportType=detailed
45081,"Saluda County, South Carolina",https://cbb.census.gov/rae/#industry0=00&geoId=45081&geoType=county&view=report&reportType=detailed
45083,"Spartanburg County, South Carolina",https://cbb.census.gov/rae/#industry0=00&geoId=45083&geoType=county&view=report&reportType=detailed
45085,"Sumter County, South Carolina",https://cbb.census.gov/rae/#industry0=00&geoId=45085&geoType=county&view=report&reportType=detailed
45087,"Union County, South Carolina",https://cbb.census.gov/rae/#industry0=00&geoId=45087&geoType=county&view=report&reportType=detailed
45089,"Williamsburg County, South Carolina",https://cbb.census.gov/rae/#industry0=00&geoId=45089&geoType=county&view=report&reportType=detailed
45091,"York County, South Carolina",https://cbb.census.gov/rae/#industry0=00&geoId=45091&geoType=county&view=report&reportType=detailed
46,South Dakota,https://cbb.census.gov/rae/#industry0=00&geoId=46&geoType=state&view=report&reportType=detailed
46003,"Aurora County, South Dakota",https://cbb.census.gov/rae/#industry0=00&geoId=46003&geoType=county&view=report&reportType=detailed
46005,"Beadle County, South Dakota",https://cbb.census.gov/rae/#industry0=00&geoId=46005&geoType=county&view=report&reportType=detailed
46007,"Bennett County, South Dakota",https://cbb.census.gov/rae/#industry0=00&geoId=46007&geoType=county&view=report&reportType=detailed
46009,"Bon Homme County, South Dakota",https://cbb.census.gov/rae/#industry0=00&geoId=46009&geoType=county&view=report&reportType=detailed
46011,"Brookings County, South Dakota",https://cbb.census.gov/rae/#industry0=00&geoId=46011&geoType=county&view=report&reportType=detailed
46013,"Brown County, South Dakota",https://cbb.census.gov/rae/#industry0=00&geoId=46013&geoType=county&view=report&reportType=detailed
46015,"Brule County, South Dakota",https://cbb.census.gov/rae/#industry0=00&geoId=46015&geoType=county&view=report&reportType=detailed
46017,"Buffalo County, South Dakota",https://cbb.census.gov/rae/#industry0=00&geoId=46017&geoType=county&view=report&reportType=detailed
46019,"Butte County, South Dakota",https://cbb.census.gov/rae/#industry0=00&geoId=46019&geoType=county&view=report&reportType=detailed
46021,"Campbell County, South Dakota",https://cbb.census.gov/rae/#industry0=00&geoId=46021&geoType=county&view=report&reportType=detailed
46023,"Charles Mix County, South Dakota",https://cbb.census.gov/rae/#industry0=00&geoId=46023&geoType=county&view=report&reportType=detailed
46025,"Clark County, South Dakota",https://cbb.census.gov/rae/#industry0=00&geoId=46025&geoType=county&view=report&reportType=detailed
46027,"Clay County, South Dakota",https://cbb.census.gov/rae/#industry0=00&geoId=46027&geoType=county&view=report&reportType=detailed
46029,"Codington County, South Dakota",https://cbb.census.gov/rae/#industry0=00&geoId=46029&geoType=county&view=report&reportType=detailed
46031,"Corson County, South Dakota",https://cbb.census.gov/rae/#industry0=00&geoId=46031&geoType=county&view=report&reportType=detailed
46033,"Custer County, South Dakota",https://cbb.census.gov/rae/#industry0=00&geoId=46033&geoType=county&view=report&reportType=detailed
46035,"Davison County, South Dakota",https://cbb.census.gov/rae/#industry0=00&geoId=46035&geoType=county&view=report&reportType=detailed
46037,"Day County, South Dakota",https://cbb.census.gov/rae/#industry0=00&geoId=46037&geoType=county&view=report&reportType=detailed
46039,"Deuel County, South Dakota",https://cbb.census.gov/rae/#industry0=00&geoId=46039&geoType=county&view=report&reportType=detailed
46041,"Dewey County, South Dakota",https://cbb.census.gov/rae/#industry0=00&geoId=46041&geoType=county&view=report&reportType=detailed
46043,"Douglas County, South Dakota",https://cbb.census.gov/rae/#industry0=00&geoId=46043&geoType=county&view=report&reportType=detailed
46045,"Edmunds County, South Dakota",https://cbb.census.gov/rae/#industry0=00&geoId=46045&geoType=county&view=report&reportType=detailed
46047,"Fall River County, South Dakota",https://cbb.census.gov/rae/#industry0=00&geoId=46047&geoType=county&view=report&reportType=detailed
46049,"Faulk County, South Dakota",https://cbb.census.gov/rae/#industry0=00&geoId=46049&geoType=county&view=report&reportType=detailed
46051,"Grant County, South Dakota",https://cbb.census.gov/rae/#industry0=00&geoId=46051&geoType=county&view=report&reportType=detailed
46053,"Gregory County, South Dakota",https://cbb.census.gov/rae/#industry0=00&geoId=46053&geoType=county&view=report&reportType=detailed
46055,"Haakon County, South Dakota",https://cbb.census.gov/rae/#industry0=00&geoId=46055&geoType=county&view=report&reportType=detailed
46057,"Hamlin County, South Dakota",https://cbb.census.gov/rae/#industry0=00&geoId=46057&geoType=county&view=report&reportType=detailed
46059,"Hand County, South Dakota",https://cbb.census.gov/rae/#industry0=00&geoId=46059&geoType=county&view=report&reportType=detailed
46061,"Hanson County, South Dakota",https://cbb.census.gov/rae/#industry0=00&geoId=46061&geoType=county&view=report&reportType=detailed
46063,"Harding County, South Dakota",https://cbb.census.gov/rae/#industry0=00&geoId=46063&geoType=county&view=report&reportType=detailed
46065,"Hughes County, South Dakota",https://cbb.census.gov/rae/#industry0=00&geoId=46065&geoType=county&view=report&reportType=detailed
46067,"Hutchinson County, South Dakota",https://cbb.census.gov/rae/#industry0=00&geoId=46067&geoType=county&view=report&reportType=detailed
46069,"Hyde County, South Dakota",https://cbb.census.gov/rae/#industry0=00&geoId=46069&geoType=county&view=report&reportType=detailed
46071,"Jackson County, South Dakota",https://cbb.census.gov/rae/#industry0=00&geoId=46071&geoType=county&view=report&reportType=detailed
46073,"Jerauld County, South Dakota",https://cbb.census.gov/rae/#industry0=00&geoId=46073&geoType=county&view=report&reportType=detailed
46075,"Jones County, South Dakota",https://cbb.census.gov/rae/#industry0=00&geoId=46075&geoType=county&view=report&reportType=detailed
46077,"Kingsbury County, South Dakota",https://cbb.census.gov/rae/#industry0=00&geoId=46077&geoType=county&view=report&reportType=detailed
46079,"Lake County, South Dakota",https://cbb.census.gov/rae/#industry0=00&geoId=46079&geoType=county&view=report&reportType=detailed
46081,"Lawrence County, South Dakota",https://cbb.census.gov/rae/#industry0=00&geoId=46081&geoType=county&view=report&reportType=detailed
46083,"Lincoln County, South Dakota",https://cbb.census.gov/rae/#industry0=00&geoId=46083&geoType=county&view=report&reportType=detailed
46085,"Lyman County, South Dakota",https://cbb.census.gov/rae/#industry0=00&geoId=46085&geoType=county&view=report&reportType=detailed
46087,"McCook County, South Dakota",https://cbb.census.gov/rae/#industry0=00&geoId=46087&geoType=county&view=report&reportType=detailed
46089,"McPherson County, South Dakota",https://cbb.census.gov/rae/#industry0=00&geoId=46089&geoType=county&view=report&reportType=detailed
46091,"Marshall County, South Dakota",https://cbb.census.gov/rae/#industry0=00&geoId=46091&geoType=county&view=report&reportType=detailed
46093,"Meade County, South Dakota",https://cbb.census.gov/rae/#industry0=00&geoId=46093&geoType=county&view=report&reportType=detailed
46095,"Mellette County, South Dakota",https://cbb.census.gov/rae/#industry0=00&geoId=46095&geoType=county&view=report&reportType=detailed
46097,"Miner County, South Dakota",https://cbb.census.gov/rae/#industry0=00&geoId=46097&geoType=county&view=report&reportType=detailed
46099,"Minnehaha County, South Dakota",https://cbb.census.gov/rae/#industry0=00&geoId=46099&geoType=county&view=report&reportType=detailed
46101,"Moody County, South Dakota",https://cbb.census.gov/rae/#industry0=00&geoId=46101&geoType=county&view=report&reportType=detailed
46103,"Pennington County, South Dakota",https://cbb.census.gov/rae/#industry0=00&geoId=46103&geoType=county&view=report&reportType=detailed
46105,"Perkins County, South Dakota",https://cbb.census.gov/rae/#industry0=00&geoId=46105&geoType=county&view=report&reportType=detailed
46107,"Potter County, South Dakota",https://cbb.census.gov/rae/#industry0=00&geoId=46107&geoType=county&view=report&reportType=detailed
46109,"Roberts County, South Dakota",https://cbb.census.gov/rae/#industry0=00&geoId=46109&geoType=county&view=report&reportType=detailed
46111,"Sanborn County, South Dakota",https://cbb.census.gov/rae/#industry0=00&geoId=46111&geoType=county&view=report&reportType=detailed
46113,"Shannon County, South Dakota",https://cbb.census.gov/rae/#industry0=00&geoId=46113&geoType=county&view=report&reportType=detailed
46115,"Spink County, South Dakota",https://cbb.census.gov/rae/#industry0=00&geoId=46115&geoType=county&view=report&reportType=detailed
46117,"Stanley County, South Dakota",https://cbb.census.gov/rae/#industry0=00&geoId=46117&geoType=county&view=report&reportType=detailed
46119,"Sully County, South Dakota",https://cbb.census.gov/rae/#industry0=00&geoId=46119&geoType=county&view=report&reportType=detailed
46121,"Todd County, South Dakota",https://cbb.census.gov/rae/#industry0=00&geoId=46121&geoType=county&view=report&reportType=detailed
46123,"Tripp County, South Dakota",https://cbb.census.gov/rae/#industry0=00&geoId=46123&geoType=county&view=report&reportType=detailed
46125,"Turner County, South Dakota",https://cbb.census.gov/rae/#industry0=00&geoId=46125&geoType=county&view=report&reportType=detailed
46127,"Union County, South Dakota",https://cbb.census.gov/rae/#industry0=00&geoId=46127&geoType=county&view=report&reportType=detailed
46129,"Walworth County, South Dakota",https://cbb.census.gov/rae/#industry0=00&geoId=46129&geoType=county&view=report&reportType=detailed
46135,"Yankton County, South Dakota",https://cbb.census.gov/rae/#industry0=00&geoId=46135&geoType=county&view=report&reportType=detailed
46137,"Ziebach County, South Dakota",https://cbb.census.gov/rae/#industry0=00&geoId=46137&geoType=county&view=report&reportType=detailed
47,Tennessee,https://cbb.census.gov/rae/#industry0=00&geoId=47&geoType=state&view=report&reportType=detailed
47001,"Anderson County, Tennessee",https://cbb.census.gov/rae/#industry0=00&geoId=47001&geoType=county&view=report&reportType=detailed
47003,"Bedford County, Tennessee",https://cbb.census.gov/rae/#industry0=00&geoId=47003&geoType=county&view=report&reportType=detailed
47005,"Benton County, Tennessee",https://cbb.census.gov/rae/#industry0=00&geoId=47005&geoType=county&view=report&reportType=detailed
47007,"Bledsoe County, Tennessee",https://cbb.census.gov/rae/#industry0=00&geoId=47007&geoType=county&view=report&reportType=detailed
47009,"Blount County, Tennessee",https://cbb.census.gov/rae/#industry0=00&geoId=47009&geoType=county&view=report&reportType=detailed
47011,"Bradley County, Tennessee",https://cbb.census.gov/rae/#industry0=00&geoId=47011&geoType=county&view=report&reportType=detailed
47013,"Campbell County, Tennessee",https://cbb.census.gov/rae/#industry0=00&geoId=47013&geoType=county&view=report&reportType=detailed
47015,"Cannon County, Tennessee",https://cbb.census.gov/rae/#industry0=00&geoId=47015&geoType=county&view=report&reportType=detailed
47017,"Carroll County, Tennessee",https://cbb.census.gov/rae/#industry0=00&geoId=47017&geoType=county&view=report&reportType=detailed
47019,"Carter County, Tennessee",https://cbb.census.gov/rae/#industry0=00&geoId=47019&geoType=county&view=report&reportType=detailed
47021,"Cheatham County, Tennessee",https://cbb.census.gov/rae/#industry0=00&geoId=47021&geoType=county&view=report&reportType=detailed
47023,"Chester County, Tennessee",https://cbb.census.gov/rae/#industry0=00&geoId=47023&geoType=county&view=report&reportType=detailed
47025,"Claiborne County, Tennessee",https://cbb.census.gov/rae/#industry0=00&geoId=47025&geoType=county&view=report&reportType=detailed
47027,"Clay County, Tennessee",https://cbb.census.gov/rae/#industry0=00&geoId=47027&geoType=county&view=report&reportType=detailed
47029,"Cocke County, Tennessee",https://cbb.census.gov/rae/#industry0=00&geoId=47029&geoType=county&view=report&reportType=detailed
47031,"Coffee County, Tennessee",https://cbb.census.gov/rae/#industry0=00&geoId=47031&geoType=county&view=report&reportType=detailed
47033,"Crockett County, Tennessee",https://cbb.census.gov/rae/#industry0=00&geoId=47033&geoType=county&view=report&reportType=detailed
47035,"Cumberland County, Tennessee",https://cbb.census.gov/rae/#industry0=00&geoId=47035&geoType=county&view=report&reportType=detailed
47037,"Davidson County, Tennessee",https://cbb.census.gov/rae/#industry0=00&geoId=47037&geoType=county&view=report&reportType=detailed
47039,"Decatur County, Tennessee",https://cbb.census.gov/rae/#industry0=00&geoId=47039&geoType=county&view=report&reportType=detailed
47041,"DeKalb County, Tennessee",https://cbb.census.gov/rae/#industry0=00&geoId=47041&geoType=county&view=report&reportType=detailed
47043,"Dickson County, Tennessee",https://cbb.census.gov/rae/#industry0=00&geoId=47043&geoType=county&view=report&reportType=detailed
47045,"Dyer County, Tennessee",https://cbb.census.gov/rae/#industry0=00&geoId=47045&geoType=county&view=report&reportType=detailed
47047,"Fayette County, Tennessee",https://cbb.census.gov/rae/#industry0=00&geoId=47047&geoType=county&view=report&reportType=detailed
47049,"Fentress County, Tennessee",https://cbb.census.gov/rae/#industry0=00&geoId=47049&geoType=county&view=report&reportType=detailed
47051,"Franklin County, Tennessee",https://cbb.census.gov/rae/#industry0=00&geoId=47051&geoType=county&view=report&reportType=detailed
47053,"Gibson County, Tennessee",https://cbb.census.gov/rae/#industry0=00&geoId=47053&geoType=county&view=report&reportType=detailed
47055,"Giles County, Tennessee",https://cbb.census.gov/rae/#industry0=00&geoId=47055&geoType=county&view=report&reportType=detailed
47057,"Grainger County, Tennessee",https://cbb.census.gov/rae/#industry0=00&geoId=47057&geoType=county&view=report&reportType=detailed
47059,"Greene County, Tennessee",https://cbb.census.gov/rae/#industry0=00&geoId=47059&geoType=county&view=report&reportType=detailed
47061,"Grundy County, Tennessee",https://cbb.census.gov/rae/#industry0=00&geoId=47061&geoType=county&view=report&reportType=detailed
47063,"Hamblen County, Tennessee",https://cbb.census.gov/rae/#industry0=00&geoId=47063&geoType=county&view=report&reportType=detailed
47065,"Hamilton County, Tennessee",https://cbb.census.gov/rae/#industry0=00&geoId=47065&geoType=county&view=report&reportType=detailed
47067,"Hancock County, Tennessee",https://cbb.census.gov/rae/#industry0=00&geoId=47067&geoType=county&view=report&reportType=detailed
47069,"Hardeman County, Tennessee",https://cbb.census.gov/rae/#industry0=00&geoId=47069&geoType=county&view=report&reportType=detailed
47071,"Hardin County, Tennessee",https://cbb.census.gov/rae/#industry0=00&geoId=47071&geoType=county&view=report&reportType=detailed
47073,"Hawkins County, Tennessee",https://cbb.census.gov/rae/#industry0=00&geoId=47073&geoType=county&view=report&reportType=detailed
47075,"Haywood County, Tennessee",https://cbb.census.gov/rae/#industry0=00&geoId=47075&geoType=county&view=report&reportType=detailed
47077,"Henderson County, Tennessee",https://cbb.census.gov/rae/#industry0=00&geoId=47077&geoType=county&view=report&reportType=detailed
47079,"Henry County, Tennessee",https://cbb.census.gov/rae/#industry0=00&geoId=47079&geoType=county&view=report&reportType=detailed
47081,"Hickman County, Tennessee",https://cbb.census.gov/rae/#industry0=00&geoId=47081&geoType=county&view=report&reportType=detailed
47083,"Houston County, Tennessee",https://cbb.census.gov/rae/#industry0=00&geoId=47083&geoType=county&view=report&reportType=detailed
47085,"Humphreys County, Tennessee",https://cbb.census.gov/rae/#industry0=00&geoId=47085&geoType=county&view=report&reportType=detailed
47087,"Jackson County, Tennessee",https://cbb.census.gov/rae/#industry0=00&geoId=47087&geoType=county&view=report&reportType=detailed
47089,"Jefferson County, Tennessee",https://cbb.census.gov/rae/#industry0=00&geoId=47089&geoType=county&view=report&reportType=detailed
47091,"Johnson County, Tennessee",https://cbb.census.gov/rae/#industry0=00&geoId=47091&geoType=county&view=report&reportType=detailed
47093,"Knox County, Tennessee",https://cbb.census.gov/rae/#industry0=00&geoId=47093&geoType=county&view=report&reportType=detailed
47095,"Lake County, Tennessee",https://cbb.census.gov/rae/#industry0=00&geoId=47095&geoType=county&view=report&reportType=detailed
47097,"Lauderdale County, Tennessee",https://cbb.census.gov/rae/#industry0=00&geoId=47097&geoType=county&view=report&reportType=detailed
47099,"Lawrence County, Tennessee",https://cbb.census.gov/rae/#industry0=00&geoId=47099&geoType=county&view=report&reportType=detailed
47101,"Lewis County, Tennessee",https://cbb.census.gov/rae/#industry0=00&geoId=47101&geoType=county&view=report&reportType=detailed
47103,"Lincoln County, Tennessee",https://cbb.census.gov/rae/#industry0=00&geoId=47103&geoType=county&view=report&reportType=detailed
47105,"Loudon County, Tennessee",https://cbb.census.gov/rae/#industry0=00&geoId=47105&geoType=county&view=report&reportType=detailed
47107,"McMinn County, Tennessee",https://cbb.census.gov/rae/#industry0=00&geoId=47107&geoType=county&view=report&reportType=detailed
47109,"McNairy County, Tennessee",https://cbb.census.gov/rae/#industry0=00&geoId=47109&geoType=county&view=report&reportType=detailed
47111,"Macon County, Tennessee",https://cbb.census.gov/rae/#industry0=00&geoId=47111&geoType=county&view=report&reportType=detailed
47113,"Madison County, Tennessee",https://cbb.census.gov/rae/#industry0=00&geoId=47113&geoType=county&view=report&reportType=detailed
47115,"Marion County, Tennessee",https://cbb.census.gov/rae/#industry0=00&geoId=47115&geoType=county&view=report&reportType=detailed
47117,"Marshall County, Tennessee",https://cbb.census.gov/rae/#industry0=00&geoId=47117&geoType=county&view=report&reportType=detailed
47119,"Maury County, Tennessee",https://cbb.census.gov/rae/#industry0=00&geoId=47119&geoType=county&view=report&reportType=detailed
47121,"Meigs County, Tennessee",https://cbb.census.gov/rae/#industry0=00&geoId=47121&geoType=county&view=report&reportType=detailed
47123,"Monroe County, Tennessee",https://cbb.census.gov/rae/#industry0=00&geoId=47123&geoType=county&view=report&reportType=detailed
47125,"Montgomery County, Tennessee",https://cbb.census.gov/rae/#industry0=00&geoId=47125&geoType=county&view=report&reportType=detailed
47127,"Moore County, Tennessee",https://cbb.census.gov/rae/#industry0=00&geoId=47127&geoType=county&view=report&reportType=detailed
47129,"Morgan County, Tennessee",https://cbb.census.gov/rae/#industry0=00&geoId=47129&geoType=county&view=report&reportType=detailed
47131,"Obion County, Tennessee",https://cbb.census.gov/rae/#industry0=00&geoId=47131&geoType=county&view=report&reportType=detailed
47133,"Overton County, Tennessee",https://cbb.census.gov/rae/#industry0=00&geoId=47133&geoType=county&view=report&reportType=detailed
47135,"Perry County, Tennessee",https://cbb.census.gov/rae/#industry0=00&geoId=47135&geoType=county&view=report&reportType=detailed
47137,"Pickett County, Tennessee",https://cbb.census.gov/rae/#industry0=00&geoId=47137&geoType=county&view=report&reportType=detailed
47139,"Polk County, Tennessee",https://cbb.census.gov/rae/#industry0=00&geoId=47139&geoType=county&view=report&reportType=detailed
47141,"Putnam County, Tennessee",https://cbb.census.gov/rae/#industry0=00&geoId=47141&geoType=county&view=report&reportType=detailed
47143,"Rhea County, Tennessee",https://cbb.census.gov/rae/#industry0=00&geoId=47143&geoType=county&view=report&reportType=detailed
47145,"Roane County, Tennessee",https://cbb.census.gov/rae/#industry0=00&geoId=47145&geoType=county&view=report&reportType=detailed
47147,"Robertson County, Tennessee",https://cbb.census.gov/rae/#industry0=00&geoId=47147&geoType=county&view=report&reportType=detailed
47149,"Rutherford County, Tennessee",https://cbb.census.gov/rae/#industry0=00&geoId=47149&geoType=county&view=report&reportType=detailed
47151,"Scott County, Tennessee",https://cbb.census.gov/rae/#industry0=00&geoId=47151&geoType=county&view=report&reportType=detailed
47153,"Sequatchie County, Tennessee",https://cbb.census.gov/rae/#industry0=00&geoId=47153&geoType=county&view=report&reportType=detailed
47155,"Sevier County, Tennessee",https://cbb.census.gov/rae/#industry0=00&geoId=47155&geoType=county&view=report&reportType=detailed
47157,"Shelby County, Tennessee",https://cbb.census.gov/rae/#industry0=00&geoId=47157&geoType=county&view=report&reportType=detailed
47159,"Smith County, Tennessee",https://cbb.census.gov/rae/#industry0=00&geoId=47159&geoType=county&view=report&reportType=detailed
47161,"Stewart County, Tennessee",https://cbb.census.gov/rae/#industry0=00&geoId=47161&geoType=county&view=report&reportType=detailed
47163,"Sullivan County, Tennessee",https://cbb.census.gov/rae/#industry0=00&geoId=47163&geoType=county&view=report&reportType=detailed
47165,"Sumner County, Tennessee",https://cbb.census.gov/rae/#industry0=00&geoId=47165&geoType=county&view=report&reportType=detailed
47167,"Tipton County, Tennessee",https://cbb.census.gov/rae/#industry0=00&geoId=47167&geoType=county&view=report&reportType=detailed
47169,"Trousdale County, Tennessee",https://cbb.census.gov/rae/#industry0=00&geoId=47169&geoType=county&view=report&reportType=detailed
47171,"Unicoi County, Tennessee",https://cbb.census.gov/rae/#industry0=00&geoId=47171&geoType=county&view=report&reportType=detailed
47173,"Union County, Tennessee",https://cbb.census.gov/rae/#industry0=00&geoId=47173&geoType=county&view=report&reportType=detailed
47175,"Van Buren County, Tennessee",https://cbb.census.gov/rae/#industry0=00&geoId=47175&geoType=county&view=report&reportType=detailed
47177,"Warren County, Tennessee",https://cbb.census.gov/rae/#industry0=00&geoId=47177&geoType=county&view=report&reportType=detailed
47179,"Washington County, Tennessee",https://cbb.census.gov/rae/#industry0=00&geoId=47179&geoType=county&view=report&reportType=detailed
47181,"Wayne County, Tennessee",https://cbb.census.gov/rae/#industry0=00&geoId=47181&geoType=county&view=report&reportType=detailed
47183,"Weakley County, Tennessee",https://cbb.census.gov/rae/#industry0=00&geoId=47183&geoType=county&view=report&reportType=detailed
47185,"White County, Tennessee",https://cbb.census.gov/rae/#industry0=00&geoId=47185&geoType=county&view=report&reportType=detailed
47187,"Williamson County, Tennessee",https://cbb.census.gov/rae/#industry0=00&geoId=47187&geoType=county&view=report&reportType=detailed
47189,"Wilson County, Tennessee",https://cbb.census.gov/rae/#industry0=00&geoId=47189&geoType=county&view=report&reportType=detailed
48,Texas,https://cbb.census.gov/rae/#industry0=00&geoId=48&geoType=state&view=report&reportType=detailed
48001,"Anderson County, Texas",https://cbb.census.gov/rae/#industry0=00&geoId=48001&geoType=county&view=report&reportType=detailed
48003,"Andrews County, Texas",https://cbb.census.gov/rae/#industry0=00&geoId=48003&geoType=county&view=report&reportType=detailed
48005,"Angelina County, Texas",https://cbb.census.gov/rae/#industry0=00&geoId=48005&geoType=county&view=report&reportType=detailed
48007,"Aransas County, Texas",https://cbb.census.gov/rae/#industry0=00&geoId=48007&geoType=county&view=report&reportType=detailed
48009,"Archer County, Texas",https://cbb.census.gov/rae/#industry0=00&geoId=48009&geoType=county&view=report&reportType=detailed
48011,"Armstrong County, Texas",https://cbb.census.gov/rae/#industry0=00&geoId=48011&geoType=county&view=report&reportType=detailed
48013,"Atascosa County, Texas",https://cbb.census.gov/rae/#industry0=00&geoId=48013&geoType=county&view=report&reportType=detailed
48015,"Austin County, Texas",https://cbb.census.gov/rae/#industry0=00&geoId=48015&geoType=county&view=report&reportType=detailed
48017,"Bailey County, Texas",https://cbb.census.gov/rae/#industry0=00&geoId=48017&geoType=county&view=report&reportType=detailed
48019,"Bandera County, Texas",https://cbb.census.gov/rae/#industry0=00&geoId=48019&geoType=county&view=report&reportType=detailed
48021,"Bastrop County, Texas",https://cbb.census.gov/rae/#industry0=00&geoId=48021&geoType=county&view=report&reportType=detailed
48023,"Baylor County, Texas",https://cbb.census.gov/rae/#industry0=00&geoId=48023&geoType=county&view=report&reportType=detailed
48025,"Bee County, Texas",https://cbb.census.gov/rae/#industry0=00&geoId=48025&geoType=county&view=report&reportType=detailed
48027,"Bell County, Texas",https://cbb.census.gov/rae/#industry0=00&geoId=48027&geoType=county&view=report&reportType=detailed
48029,"Bexar County, Texas",https://cbb.census.gov/rae/#industry0=00&geoId=48029&geoType=county&view=report&reportType=detailed
48031,"Blanco County, Texas",https://cbb.census.gov/rae/#industry0=00&geoId=48031&geoType=county&view=report&reportType=detailed
48033,"Borden County, Texas",https://cbb.census.gov/rae/#industry0=00&geoId=48033&geoType=county&view=report&reportType=detailed
48035,"Bosque County, Texas",https://cbb.census.gov/rae/#industry0=00&geoId=48035&geoType=county&view=report&reportType=detailed
48037,"Bowie County, Texas",https://cbb.census.gov/rae/#industry0=00&geoId=48037&geoType=county&view=report&reportType=detailed
48039,"Brazoria County, Texas",https://cbb.census.gov/rae/#industry0=00&geoId=48039&geoType=county&view=report&reportType=detailed
48041,"Brazos County, Texas",https://cbb.census.gov/rae/#industry0=00&geoId=48041&geoType=county&view=report&reportType=detailed
48043,"Brewster County, Texas",https://cbb.census.gov/rae/#industry0=00&geoId=48043&geoType=county&view=report&reportType=detailed
48045,"Briscoe County, Texas",https://cbb.census.gov/rae/#industry0=00&geoId=48045&geoType=county&view=report&reportType=detailed
48047,"Brooks County, Texas",https://cbb.census.gov/rae/#industry0=00&geoId=48047&geoType=county&view=report&reportType=detailed
48049,"Brown County, Texas",https://cbb.census.gov/rae/#industry0=00&geoId=48049&geoType=county&view=report&reportType=detailed
48051,"Burleson County, Texas",https://cbb.census.gov/rae/#industry0=00&geoId=48051&geoType=county&view=report&reportType=detailed
48053,"Burnet County, Texas",https://cbb.census.gov/rae/#industry0=00&geoId=48053&geoType=county&view=report&reportType=detailed
48055,"Caldwell County, Texas",https://cbb.census.gov/rae/#industry0=00&geoId=48055&geoType=county&view=report&reportType=detailed
48057,"Calhoun County, Texas",https://cbb.census.gov/rae/#industry0=00&geoId=48057&geoType=county&view=report&reportType=detailed
48059,"Callahan County, Texas",https://cbb.census.gov/rae/#industry0=00&geoId=48059&geoType=county&view=report&reportType=detailed
48061,"Cameron County, Texas",https://cbb.census.gov/rae/#industry0=00&geoId=48061&geoType=county&view=report&reportType=detailed
48063,"Camp County, Texas",https://cbb.census.gov/rae/#industry0=00&geoId=48063&geoType=county&view=report&reportType=detailed
48065,"Carson County, Texas",https://cbb.census.gov/rae/#industry0=00&geoId=48065&geoType=county&view=report&reportType=detailed
48067,"Cass County, Texas",https://cbb.census.gov/rae/#industry0=00&geoId=48067&geoType=county&view=report&reportType=detailed
48069,"Castro County, Texas",https://cbb.census.gov/rae/#industry0=00&geoId=48069&geoType=county&view=report&reportType=detailed
48071,"Chambers County, Texas",https://cbb.census.gov/rae/#industry0=00&geoId=48071&geoType=county&view=report&reportType=detailed
48073,"Cherokee County, Texas",https://cbb.census.gov/rae/#industry0=00&geoId=48073&geoType=county&view=report&reportType=detailed
48075,"Childress County, Texas",https://cbb.census.gov/rae/#industry0=00&geoId=48075&geoType=county&view=report&reportType=detailed
48077,"Clay County, Texas",https://cbb.census.gov/rae/#industry0=00&geoId=48077&geoType=county&view=report&reportType=detailed
48079,"Cochran County, Texas",https://cbb.census.gov/rae/#industry0=00&geoId=48079&geoType=county&view=report&reportType=detailed
48081,"Coke County, Texas",https://cbb.census.gov/rae/#industry0=00&geoId=48081&geoType=county&view=report&reportType=detailed
48083,"Coleman County, Texas",https://cbb.census.gov/rae/#industry0=00&geoId=48083&geoType=county&view=report&reportType=detailed
48085,"Collin County, Texas",https://cbb.census.gov/rae/#industry0=00&geoId=48085&geoType=county&view=report&reportType=detailed
48087,"Collingsworth County, Texas",https://cbb.census.gov/rae/#industry0=00&geoId=48087&geoType=county&view=report&reportType=detailed
48089,"Colorado County, Texas",https://cbb.census.gov/rae/#industry0=00&geoId=48089&geoType=county&view=report&reportType=detailed
48091,"Comal County, Texas",https://cbb.census.gov/rae/#industry0=00&geoId=48091&geoType=county&view=report&reportType=detailed
48093,"Comanche County, Texas",https://cbb.census.gov/rae/#industry0=00&geoId=48093&geoType=county&view=report&reportType=detailed
48095,"Concho County, Texas",https://cbb.census.gov/rae/#industry0=00&geoId=48095&geoType=county&view=report&reportType=detailed
48097,"Cooke County, Texas",https://cbb.census.gov/rae/#industry0=00&geoId=48097&geoType=county&view=report&reportType=detailed
48099,"Coryell County, Texas",https://cbb.census.gov/rae/#industry0=00&geoId=48099&geoType=county&view=report&reportType=detailed
48101,"Cottle County, Texas",https://cbb.census.gov/rae/#industry0=00&geoId=48101&geoType=county&view=report&reportType=detailed
48103,"Crane County, Texas",https://cbb.census.gov/rae/#industry0=00&geoId=48103&geoType=county&view=report&reportType=detailed
48105,"Crockett County, Texas",https://cbb.census.gov/rae/#industry0=00&geoId=48105&geoType=county&view=report&reportType=detailed
48107,"Crosby County, Texas",https://cbb.census.gov/rae/#industry0=00&geoId=48107&geoType=county&view=report&reportType=detailed
48109,"Culberson County, Texas",https://cbb.census.gov/rae/#industry0=00&geoId=48109&geoType=county&view=report&reportType=detailed
48111,"Dallam County, Texas",https://cbb.census.gov/rae/#industry0=00&geoId=48111&geoType=county&view=report&reportType=detailed
48113,"Dallas County, Texas",https://cbb.census.gov/rae/#industry0=00&geoId=48113&geoType=county&view=report&reportType=detailed
48115,"Dawson County, Texas",https://cbb.census.gov/rae/#industry0=00&geoId=48115&geoType=county&view=report&reportType=detailed
48117,"Deaf Smith County, Texas",https://cbb.census.gov/rae/#industry0=00&geoId=48117&geoType=county&view=report&reportType=detailed
48119,"Delta County, Texas",https://cbb.census.gov/rae/#industry0=00&geoId=48119&geoType=county&view=report&reportType=detailed
48121,"Denton County, Texas",https://cbb.census.gov/rae/#industry0=00&geoId=48121&geoType=county&view=report&reportType=detailed
48123,"DeWitt County, Texas",https://cbb.census.gov/rae/#industry0=00&geoId=48123&geoType=county&view=report&reportType=detailed
48125,"Dickens County, Texas",https://cbb.census.gov/rae/#industry0=00&geoId=48125&geoType=county&view=report&reportType=detailed
48127,"Dimmit County, Texas",https://cbb.census.gov/rae/#industry0=00&geoId=48127&geoType=county&view=report&reportType=detailed
48129,"Donley County, Texas",https://cbb.census.gov/rae/#industry0=00&geoId=48129&geoType=county&view=report&reportType=detailed
48131,"Duval County, Texas",https://cbb.census.gov/rae/#industry0=00&geoId=48131&geoType=county&view=report&reportType=detailed
48133,"Eastland County, Texas",https://cbb.census.gov/rae/#industry0=00&geoId=48133&geoType=county&view=report&reportType=detailed
48135,"Ector County, Texas",https://cbb.census.gov/rae/#industry0=00&geoId=48135&geoType=county&view=report&reportType=detailed
48137,"Edwards County, Texas",https://cbb.census.gov/rae/#industry0=00&geoId=48137&geoType=county&view=report&reportType=detailed
48139,"Ellis County, Texas",https://cbb.census.gov/rae/#industry0=00&geoId=48139&geoType=county&view=report&reportType=detailed
48141,"El Paso County, Texas",https://cbb.census.gov/rae/#industry0=00&geoId=48141&geoType=county&view=report&reportType=detailed
48143,"Erath County, Texas",https://cbb.census.gov/rae/#industry0=00&geoId=48143&geoType=county&view=report&reportType=detailed
48145,"Falls County, Texas",https://cbb.census.gov/rae/#industry0=00&geoId=48145&geoType=county&view=report&reportType=detailed
48147,"Fannin County, Texas",https://cbb.census.gov/rae/#industry0=00&geoId=48147&geoType=county&view=report&reportType=detailed
48149,"Fayette County, Texas",https://cbb.census.gov/rae/#industry0=00&geoId=48149&geoType=county&view=report&reportType=detailed
48151,"Fisher County, Texas",https://cbb.census.gov/rae/#industry0=00&geoId=48151&geoType=county&view=report&reportType=detailed
48153,"Floyd County, Texas",https://cbb.census.gov/rae/#industry0=00&geoId=48153&geoType=county&view=report&reportType=detailed
48155,"Foard County, Texas",https://cbb.census.gov/rae/#industry0=00&geoId=48155&geoType=county&view=report&reportType=detailed
48157,"Fort Bend County, Texas",https://cbb.census.gov/rae/#industry0=00&geoId=48157&geoType=county&view=report&reportType=detailed
48159,"Franklin County, Texas",https://cbb.census.gov/rae/#industry0=00&geoId=48159&geoType=county&view=report&reportType=detailed
48161,"Freestone County, Texas",https://cbb.census.gov/rae/#industry0=00&geoId=48161&geoType=county&view=report&reportType=detailed
48163,"Frio County, Texas",https://cbb.census.gov/rae/#industry0=00&geoId=48163&geoType=county&view=report&reportType=detailed
48165,"Gaines County, Texas",https://cbb.census.gov/rae/#industry0=00&geoId=48165&geoType=county&view=report&reportType=detailed
48167,"Galveston County, Texas",https://cbb.census.gov/rae/#industry0=00&geoId=48167&geoType=county&view=report&reportType=detailed
48169,"Garza County, Texas",https://cbb.census.gov/rae/#industry0=00&geoId=48169&geoType=county&view=report&reportType=detailed
48171,"Gillespie County, Texas",https://cbb.census.gov/rae/#industry0=00&geoId=48171&geoType=county&view=report&reportType=detailed
48173,"Glasscock County, Texas",https://cbb.census.gov/rae/#industry0=00&geoId=48173&geoType=county&view=report&reportType=detailed
48175,"Goliad County, Texas",https://cbb.census.gov/rae/#industry0=00&geoId=48175&geoType=county&view=report&reportType=detailed
48177,"Gonzales County, Texas",https://cbb.census.gov/rae/#industry0=00&geoId=48177&geoType=county&view=report&reportType=detailed
48179,"Gray County, Texas",https://cbb.census.gov/rae/#industry0=00&geoId=48179&geoType=county&view=report&reportType=detailed
48181,"Grayson County, Texas",https://cbb.census.gov/rae/#industry0=00&geoId=48181&geoType=county&view=report&reportType=detailed
48183,"Gregg County, Texas",https://cbb.census.gov/rae/#industry0=00&geoId=48183&geoType=county&view=report&reportType=detailed
48185,"Grimes County, Texas",https://cbb.census.gov/rae/#industry0=00&geoId=48185&geoType=county&view=report&reportType=detailed
48187,"Guadalupe County, Texas",https://cbb.census.gov/rae/#industry0=00&geoId=48187&geoType=county&view=report&reportType=detailed
48189,"Hale County, Texas",https://cbb.census.gov/rae/#industry0=00&geoId=48189&geoType=county&view=report&reportType=detailed
48191,"Hall County, Texas",https://cbb.census.gov/rae/#industry0=00&geoId=48191&geoType=county&view=report&reportType=detailed
48193,"Hamilton County, Texas",https://cbb.census.gov/rae/#industry0=00&geoId=48193&geoType=county&view=report&reportType=detailed
48195,"Hansford County, Texas",https://cbb.census.gov/rae/#industry0=00&geoId=48195&geoType=county&view=report&reportType=detailed
48197,"Hardeman County, Texas",https://cbb.census.gov/rae/#industry0=00&geoId=48197&geoType=county&view=report&reportType=detailed
48199,"Hardin County, Texas",https://cbb.census.gov/rae/#industry0=00&geoId=48199&geoType=county&view=report&reportType=detailed
48201,"Harris County, Texas",https://cbb.census.gov/rae/#industry0=00&geoId=48201&geoType=county&view=report&reportType=detailed
48203,"Harrison County, Texas",https://cbb.census.gov/rae/#industry0=00&geoId=48203&geoType=county&view=report&reportType=detailed
48205,"Hartley County, Texas",https://cbb.census.gov/rae/#industry0=00&geoId=48205&geoType=county&view=report&reportType=detailed
48207,"Haskell County, Texas",https://cbb.census.gov/rae/#industry0=00&geoId=48207&geoType=county&view=report&reportType=detailed
48209,"Hays County, Texas",https://cbb.census.gov/rae/#industry0=00&geoId=48209&geoType=county&view=report&reportType=detailed
48211,"Hemphill County, Texas",https://cbb.census.gov/rae/#industry0=00&geoId=48211&geoType=county&view=report&reportType=detailed
48213,"Henderson County, Texas",https://cbb.census.gov/rae/#industry0=00&geoId=48213&geoType=county&view=report&reportType=detailed
48215,"Hidalgo County, Texas",https://cbb.census.gov/rae/#industry0=00&geoId=48215&geoType=county&view=report&reportType=detailed
48217,"Hill County, Texas",https://cbb.census.gov/rae/#industry0=00&geoId=48217&geoType=county&view=report&reportType=detailed
48219,"Hockley County, Texas",https://cbb.census.gov/rae/#industry0=00&geoId=48219&geoType=county&view=report&reportType=detailed
48221,"Hood County, Texas",https://cbb.census.gov/rae/#industry0=00&geoId=48221&geoType=county&view=report&reportType=detailed
48223,"Hopkins County, Texas",https://cbb.census.gov/rae/#industry0=00&geoId=48223&geoType=county&view=report&reportType=detailed
48225,"Houston County, Texas",https://cbb.census.gov/rae/#industry0=00&geoId=48225&geoType=county&view=report&reportType=detailed
48227,"Howard County, Texas",https://cbb.census.gov/rae/#industry0=00&geoId=48227&geoType=county&view=report&reportType=detailed
48229,"Hudspeth County, Texas",https://cbb.census.gov/rae/#industry0=00&geoId=48229&geoType=county&view=report&reportType=detailed
48231,"Hunt County, Texas",https://cbb.census.gov/rae/#industry0=00&geoId=48231&geoType=county&view=report&reportType=detailed
48233,"Hutchinson County, Texas",https://cbb.census.gov/rae/#industry0=00&geoId=48233&geoType=county&view=report&reportType=detailed
48235,"Irion County, Texas",https://cbb.census.gov/rae/#industry0=00&geoId=48235&geoType=county&view=report&reportType=detailed
48237,"Jack County, Texas",https://cbb.census.gov/rae/#industry0=00&geoId=48237&geoType=county&view=report&reportType=detailed
48239,"Jackson County, Texas",https://cbb.census.gov/rae/#industry0=00&geoId=48239&geoType=county&view=report&reportType=detailed
48241,"Jasper County, Texas",https://cbb.census.gov/rae/#industry0=00&geoId=48241&geoType=county&view=report&reportType=detailed
48243,"Jeff Davis County, Texas",https://cbb.census.gov/rae/#industry0=00&geoId=48243&geoType=county&view=report&reportType=detailed
48245,"Jefferson County, Texas",https://cbb.census.gov/rae/#industry0=00&geoId=48245&geoType=county&view=report&reportType=detailed
48247,"Jim Hogg County, Texas",https://cbb.census.gov/rae/#industry0=00&geoId=48247&geoType=county&view=report&reportType=detailed
48249,"Jim Wells County, Texas",https://cbb.census.gov/rae/#industry0=00&geoId=48249&geoType=county&view=report&reportType=detailed
48251,"Johnson County, Texas",https://cbb.census.gov/rae/#industry0=00&geoId=48251&geoType=county&view=report&reportType=detailed
48253,"Jones County, Texas",https://cbb.census.gov/rae/#industry0=00&geoId=48253&geoType=county&view=report&reportType=detailed
48255,"Karnes County, Texas",https://cbb.census.gov/rae/#industry0=00&geoId=48255&geoType=county&view=report&reportType=detailed
48257,"Kaufman County, Texas",https://cbb.census.gov/rae/#industry0=00&geoId=48257&geoType=county&view=report&reportType=detailed
48259,"Kendall County, Texas",https://cbb.census.gov/rae/#industry0=00&geoId=48259&geoType=county&view=report&reportType=detailed
48261,"Kenedy County, Texas",https://cbb.census.gov/rae/#industry0=00&geoId=48261&geoType=county&view=report&reportType=detailed
48263,"Kent County, Texas",https://cbb.census.gov/rae/#industry0=00&geoId=48263&geoType=county&view=report&reportType=detailed
48265,"Kerr County, Texas",https://cbb.census.gov/rae/#industry0=00&geoId=48265&geoType=county&view=report&reportType=detailed
48267,"Kimble County, Texas",https://cbb.census.gov/rae/#industry0=00&geoId=48267&geoType=county&view=report&reportType=detailed
48269,"King County, Texas",https://cbb.census.gov/rae/#industry0=00&geoId=48269&geoType=county&view=report&reportType=detailed
48271,"Kinney County, Texas",https://cbb.census.gov/rae/#industry0=00&geoId=48271&geoType=county&view=report&reportType=detailed
48273,"Kleberg County, Texas",https://cbb.census.gov/rae/#industry0=00&geoId=48273&geoType=county&view=report&reportType=detailed
48275,"Knox County, Texas",https://cbb.census.gov/rae/#industry0=00&geoId=48275&geoType=county&view=report&reportType=detailed
48277,"Lamar County, Texas",https://cbb.census.gov/rae/#industry0=00&geoId=48277&geoType=county&view=report&reportType=detailed
48279,"Lamb County, Texas",https://cbb.census.gov/rae/#industry0=00&geoId=48279&geoType=county&view=report&reportType=detailed
48281,"Lampasas County, Texas",https://cbb.census.gov/rae/#industry0=00&geoId=48281&geoType=county&view=report&reportType=detailed
48283,"La Salle County, Texas",https://cbb.census.gov/rae/#industry0=00&geoId=48283&geoType=county&view=report&reportType=detailed
48285,"Lavaca County, Texas",https://cbb.census.gov/rae/#industry0=00&geoId=48285&geoType=county&view=report&reportType=detailed
48287,"Lee County, Texas",https://cbb.census.gov/rae/#industry0=00&geoId=48287&geoType=county&view=report&reportType=detailed
48289,"Leon County, Texas",https://cbb.census.gov/rae/#industry0=00&geoId=48289&geoType=county&view=report&reportType=detailed
48291,"Liberty County, Texas",https://cbb.census.gov/rae/#industry0=00&geoId=48291&geoType=county&view=report&reportType=detailed
48293,"Limestone County, Texas",https://cbb.census.gov/rae/#industry0=00&geoId=48293&geoType=county&view=report&reportType=detailed
48295,"Lipscomb County, Texas",https://cbb.census.gov/rae/#industry0=00&geoId=48295&geoType=county&view=report&reportType=detailed
48297,"Live Oak County, Texas",https://cbb.census.gov/rae/#industry0=00&geoId=48297&geoType=county&view=report&reportType=detailed
48299,"Llano County, Texas",https://cbb.census.gov/rae/#industry0=00&geoId=48299&geoType=county&view=report&reportType=detailed
48301,"Loving County, Texas",https://cbb.census.gov/rae/#industry0=00&geoId=48301&geoType=county&view=report&reportType=detailed
48303,"Lubbock County, Texas",https://cbb.census.gov/rae/#industry0=00&geoId=48303&geoType=county&view=report&reportType=detailed
48305,"Lynn County, Texas",https://cbb.census.gov/rae/#industry0=00&geoId=48305&geoType=county&view=report&reportType=detailed
48307,"McCulloch County, Texas",https://cbb.census.gov/rae/#industry0=00&geoId=48307&geoType=county&view=report&reportType=detailed
48309,"McLennan County, Texas",https://cbb.census.gov/rae/#industry0=00&geoId=48309&geoType=county&view=report&reportType=detailed
48311,"McMullen County, Texas",https://cbb.census.gov/rae/#industry0=00&geoId=48311&geoType=county&view=report&reportType=detailed
48313,"Madison County, Texas",https://cbb.census.gov/rae/#industry0=00&geoId=48313&geoType=county&view=report&reportType=detailed
48315,"Marion County, Texas",https://cbb.census.gov/rae/#industry0=00&geoId=48315&geoType=county&view=report&reportType=detailed
48317,"Martin County, Texas",https://cbb.census.gov/rae/#industry0=00&geoId=48317&geoType=county&view=report&reportType=detailed
48319,"Mason County, Texas",https://cbb.census.gov/rae/#industry0=00&geoId=48319&geoType=county&view=report&reportType=detailed
48321,"Matagorda County, Texas",https://cbb.census.gov/rae/#industry0=00&geoId=48321&geoType=county&view=report&reportType=detailed
48323,"Maverick County, Texas",https://cbb.census.gov/rae/#industry0=00&geoId=48323&geoType=county&view=report&reportType=detailed
48325,"Medina County, Texas",https://cbb.census.gov/rae/#industry0=00&geoId=48325&geoType=county&view=report&reportType=detailed
48327,"Menard County, Texas",https://cbb.census.gov/rae/#industry0=00&geoId=48327&geoType=county&view=report&reportType=detailed
48329,"Midland County, Texas",https://cbb.census.gov/rae/#industry0=00&geoId=48329&geoType=county&view=report&reportType=detailed
48331,"Milam County, Texas",https://cbb.census.gov/rae/#industry0=00&geoId=48331&geoType=county&view=report&reportType=detailed
48333,"Mills County, Texas",https://cbb.census.gov/rae/#industry0=00&geoId=48333&geoType=county&view=report&reportType=detailed
48335,"Mitchell County, Texas",https://cbb.census.gov/rae/#industry0=00&geoId=48335&geoType=county&view=report&reportType=detailed
48337,"Montague County, Texas",https://cbb.census.gov/rae/#industry0=00&geoId=48337&geoType=county&view=report&reportType=detailed
48339,"Montgomery County, Texas",https://cbb.census.gov/rae/#industry0=00&geoId=48339&geoType=county&view=report&reportType=detailed
48341,"Moore County, Texas",https://cbb.census.gov/rae/#industry0=00&geoId=48341&geoType=county&view=report&reportType=detailed
48343,"Morris County, Texas",https://cbb.census.gov/rae/#industry0=00&geoId=48343&geoType=county&view=report&reportType=detailed
48345,"Motley County, Texas",https://cbb.census.gov/rae/#industry0=00&geoId=48345&geoType=county&view=report&reportType=detailed
48347,"Nacogdoches County, Texas",https://cbb.census.gov/rae/#industry0=00&geoId=48347&geoType=county&view=report&reportType=detailed
48349,"Navarro County, Texas",https://cbb.census.gov/rae/#industry0=00&geoId=48349&geoType=county&view=report&reportType=detailed
48351,"Newton County, Texas",https://cbb.census.gov/rae/#industry0=00&geoId=48351&geoType=county&view=report&reportType=detailed
48353,"Nolan County, Texas",https://cbb.census.gov/rae/#industry0=00&geoId=48353&geoType=county&view=report&reportType=detailed
48355,"Nueces County, Texas",https://cbb.census.gov/rae/#industry0=00&geoId=48355&geoType=county&view=report&reportType=detailed
48357,"Ochiltree County, Texas",https://cbb.census.gov/rae/#industry0=00&geoId=48357&geoType=county&view=report&reportType=detailed
48359,"Oldham County, Texas",https://cbb.census.gov/rae/#industry0=00&geoId=48359&geoType=county&view=report&reportType=detailed
48361,"Orange County, Texas",https://cbb.census.gov/rae/#industry0=00&geoId=48361&geoType=county&view=report&reportType=detailed
48363,"Palo Pinto County, Texas",https://cbb.census.gov/rae/#industry0=00&geoId=48363&geoType=county&view=report&reportType=detailed
48365,"Panola County, Texas",https://cbb.census.gov/rae/#industry0=00&geoId=48365&geoType=county&view=report&reportType=detailed
48367,"Parker County, Texas",https://cbb.census.gov/rae/#industry0=00&geoId=48367&geoType=county&view=report&reportType=detailed
48369,"Parmer County, Texas",https://cbb.census.gov/rae/#industry0=00&geoId=48369&geoType=county&view=report&reportType=detailed
48371,"Pecos County, Texas",https://cbb.census.gov/rae/#industry0=00&geoId=48371&geoType=county&view=report&reportType=detailed
48373,"Polk County, Texas",https://cbb.census.gov/rae/#industry0=00&geoId=48373&geoType=county&view=report&reportType=detailed
48375,"Potter County, Texas",https://cbb.census.gov/rae/#industry0=00&geoId=48375&geoType=county&view=report&reportType=detailed
48377,"Presidio County, Texas",https://cbb.census.gov/rae/#industry0=00&geoId=48377&geoType=county&view=report&reportType=detailed
48379,"Rains County, Texas",https://cbb.census.gov/rae/#industry0=00&geoId=48379&geoType=county&view=report&reportType=detailed
48381,"Randall County, Texas",https://cbb.census.gov/rae/#industry0=00&geoId=48381&geoType=county&view=report&reportType=detailed
48383,"Reagan County, Texas",https://cbb.census.gov/rae/#industry0=00&geoId=48383&geoType=county&view=report&reportType=detailed
48385,"Real County, Texas",https://cbb.census.gov/rae/#industry0=00&geoId=48385&geoType=county&view=report&reportType=detailed
48387,"Red River County, Texas",https://cbb.census.gov/rae/#industry0=00&geoId=48387&geoType=county&view=report&reportType=detailed
48389,"Reeves County, Texas",https://cbb.census.gov/rae/#industry0=00&geoId=48389&geoType=county&view=report&reportType=detailed
48391,"Refugio County, Texas",https://cbb.census.gov/rae/#industry0=00&geoId=48391&geoType=county&view=report&reportType=detailed
48393,"Roberts County, Texas",https://cbb.census.gov/rae/#industry0=00&geoId=48393&geoType=county&view=report&reportType=detailed
48395,"Robertson County, Texas",https://cbb.census.gov/rae/#industry0=00&geoId=48395&geoType=county&view=report&reportType=detailed
48397,"Rockwall County, Texas",https://cbb.census.gov/rae/#industry0=00&geoId=48397&geoType=county&view=report&reportType=detailed
48399,"Runnels County, Texas",https://cbb.census.gov/rae/#industry0=00&geoId=48399&geoType=county&view=report&reportType=detailed
48401,"Rusk County, Texas",https://cbb.census.gov/rae/#industry0=00&geoId=48401&geoType=county&view=report&reportType=detailed
48403,"Sabine County, Texas",https://cbb.census.gov/rae/#industry0=00&geoId=48403&geoType=county&view=report&reportType=detailed
48405,"San Augustine County, Texas",https://cbb.census.gov/rae/#industry0=00&geoId=48405&geoType=county&view=report&reportType=detailed
48407,"San Jacinto County, Texas",https://cbb.census.gov/rae/#industry0=00&geoId=48407&geoType=county&view=report&reportType=detailed
48409,"San Patricio County, Texas",https://cbb.census.gov/rae/#industry0=00&geoId=48409&geoType=county&view=report&reportType=detailed
48411,"San Saba County, Texas",https://cbb.census.gov/rae/#industry0=00&geoId=48411&geoType=county&view=report&reportType=detailed
48413,"Schleicher County, Texas",https://cbb.census.gov/rae/#industry0=00&geoId=48413&geoType=county&view=report&reportType=detailed
48415,"Scurry County, Texas",https://cbb.census.gov/rae/#industry0=00&geoId=48415&geoType=county&view=report&reportType=detailed
48417,"Shackelford County, Texas",https://cbb.census.gov/rae/#industry0=00&geoId=48417&geoType=county&view=report&reportType=detailed
48419,"Shelby County, Texas",https://cbb.census.gov/rae/#industry0=00&geoId=48419&geoType=county&view=report&reportType=detailed
48421,"Sherman County, Texas",https://cbb.census.gov/rae/#industry0=00&geoId=48421&geoType=county&view=report&reportType=detailed
48423,"Smith County, Texas",https://cbb.census.gov/rae/#industry0=00&geoId=48423&geoType=county&view=report&reportType=detailed
48425,"Somervell County, Texas",https://cbb.census.gov/rae/#industry0=00&geoId=48425&geoType=county&view=report&reportType=detailed
48427,"Starr County, Texas",https://cbb.census.gov/rae/#industry0=00&geoId=48427&geoType=county&view=report&reportType=detailed
48429,"Stephens County, Texas",https://cbb.census.gov/rae/#industry0=00&geoId=48429&geoType=county&view=report&reportType=detailed
48431,"Sterling County, Texas",https://cbb.census.gov/rae/#industry0=00&geoId=48431&geoType=county&view=report&reportType=detailed
48433,"Stonewall County, Texas",https://cbb.census.gov/rae/#industry0=00&geoId=48433&geoType=county&view=report&reportType=detailed
48435,"Sutton County, Texas",https://cbb.census.gov/rae/#industry0=00&geoId=48435&geoType=county&view=report&reportType=detailed
48437,"Swisher County, Texas",https://cbb.census.gov/rae/#industry0=00&geoId=48437&geoType=county&view=report&reportType=detailed
48439,"Tarrant County, Texas",https://cbb.census.gov/rae/#industry0=00&geoId=48439&geoType=county&view=report&reportType=detailed
48441,"Taylor County, Texas",https://cbb.census.gov/rae/#industry0=00&geoId=48441&geoType=county&view=report&reportType=detailed
48443,"Terrell County, Texas",https://cbb.census.gov/rae/#industry0=00&geoId=48443&geoType=county&view=report&reportType=detailed
48445,"Terry County, Texas",https://cbb.census.gov/rae/#industry0=00&geoId=48445&geoType=county&view=report&reportType=detailed
48447,"Throckmorton County, Texas",https://cbb.census.gov/rae/#industry0=00&geoId=48447&geoType=county&view=report&reportType=detailed
48449,"Titus County, Texas",https://cbb.census.gov/rae/#industry0=00&geoId=48449&geoType=county&view=report&reportType=detailed
48451,"Tom Green County, Texas",https://cbb.census.gov/rae/#industry0=00&geoId=48451&geoType=county&view=report&reportType=detailed
48453,"Travis County, Texas",https://cbb.census.gov/rae/#industry0=00&geoId=48453&geoType=county&view=report&reportType=detailed
48455,"Trinity County, Texas",https://cbb.census.gov/rae/#industry0=00&geoId=48455&geoType=county&view=report&reportType=detailed
48457,"Tyler County, Texas",https://cbb.census.gov/rae/#industry0=00&geoId=48457&geoType=county&view=report&reportType=detailed
48459,"Upshur County, Texas",https://cbb.census.gov/rae/#industry0=00&geoId=48459&geoType=county&view=report&reportType=detailed
48461,"Upton County, Texas",https://cbb.census.gov/rae/#industry0=00&geoId=48461&geoType=county&view=report&reportType=detailed
48463,"Uvalde County, Texas",https://cbb.census.gov/rae/#industry0=00&geoId=48463&geoType=county&view=report&reportType=detailed
48465,"Val Verde County, Texas",https://cbb.census.gov/rae/#industry0=00&geoId=48465&geoType=county&view=report&reportType=detailed
48467,"Van Zandt County, Texas",https://cbb.census.gov/rae/#industry0=00&geoId=48467&geoType=county&view=report&reportType=detailed
48469,"Victoria County, Texas",https://cbb.census.gov/rae/#industry0=00&geoId=48469&geoType=county&view=report&reportType=detailed
48471,"Walker County, Texas",https://cbb.census.gov/rae/#industry0=00&geoId=48471&geoType=county&view=report&reportType=detailed
48473,"Waller County, Texas",https://cbb.census.gov/rae/#industry0=00&geoId=48473&geoType=county&view=report&reportType=detailed
48475,"Ward County, Texas",https://cbb.census.gov/rae/#industry0=00&geoId=48475&geoType=county&view=report&reportType=detailed
48477,"Washington County, Texas",https://cbb.census.gov/rae/#industry0=00&geoId=48477&geoType=county&view=report&reportType=detailed
48479,"Webb County, Texas",https://cbb.census.gov/rae/#industry0=00&geoId=48479&geoType=county&view=report&reportType=detailed
48481,"Wharton County, Texas",https://cbb.census.gov/rae/#industry0=00&geoId=48481&geoType=county&view=report&reportType=detailed
48483,"Wheeler County, Texas",https://cbb.census.gov/rae/#industry0=00&geoId=48483&geoType=county&view=report&reportType=detailed
48485,"Wichita County, Texas",https://cbb.census.gov/rae/#industry0=00&geoId=48485&geoType=county&view=report&reportType=detailed
48487,"Wilbarger County, Texas",https://cbb.census.gov/rae/#industry0=00&geoId=48487&geoType=county&view=report&reportType=detailed
48489,"Willacy County, Texas",https://cbb.census.gov/rae/#industry0=00&geoId=48489&geoType=county&view=report&reportType=detailed
48491,"Williamson County, Texas",https://cbb.census.gov/rae/#industry0=00&geoId=48491&geoType=county&view=report&reportType=detailed
48493,"Wilson County, Texas",https://cbb.census.gov/rae/#industry0=00&geoId=48493&geoType=county&view=report&reportType=detailed
48495,"Winkler County, Texas",https://cbb.census.gov/rae/#industry0=00&geoId=48495&geoType=county&view=report&reportType=detailed
48497,"Wise County, Texas",https://cbb.census.gov/rae/#industry0=00&geoId=48497&geoType=county&view=report&reportType=detailed
48499,"Wood County, Texas",https://cbb.census.gov/rae/#industry0=00&geoId=48499&geoType=county&view=report&reportType=detailed
48501,"Yoakum County, Texas",https://cbb.census.gov/rae/#industry0=00&geoId=48501&geoType=county&view=report&reportType=detailed
48503,"Young County, Texas",https://cbb.census.gov/rae/#industry0=00&geoId=48503&geoType=county&view=report&reportType=detailed
48505,"Zapata County, Texas",https://cbb.census.gov/rae/#industry0=00&geoId=48505&geoType=county&view=report&reportType=detailed
48507,"Zavala County, Texas",https://cbb.census.gov/rae/#industry0=00&geoId=48507&geoType=county&view=report&reportType=detailed
49,Utah,https://cbb.census.gov/rae/#industry0=00&geoId=49&geoType=state&view=report&reportType=detailed
49001,"Beaver County, Utah",https://cbb.census.gov/rae/#industry0=00&geoId=49001&geoType=county&view=report&reportType=detailed
49003,"Box Elder County, Utah",https://cbb.census.gov/rae/#industry0=00&geoId=49003&geoType=county&view=report&reportType=detailed
49005,"Cache County, Utah",https://cbb.census.gov/rae/#industry0=00&geoId=49005&geoType=county&view=report&reportType=detailed
49007,"Carbon County, Utah",https://cbb.census.gov/rae/#industry0=00&geoId=49007&geoType=county&view=report&reportType=detailed
49009,"Daggett County, Utah",https://cbb.census.gov/rae/#industry0=00&geoId=49009&geoType=county&view=report&reportType=detailed
49011,"Davis County, Utah",https://cbb.census.gov/rae/#industry0=00&geoId=49011&geoType=county&view=report&reportType=detailed
49013,"Duchesne County, Utah",https://cbb.census.gov/rae/#industry0=00&geoId=49013&geoType=county&view=report&reportType=detailed
49015,"Emery County, Utah",https://cbb.census.gov/rae/#industry0=00&geoId=49015&geoType=county&view=report&reportType=detailed
49017,"Garfield County, Utah",https://cbb.census.gov/rae/#industry0=00&geoId=49017&geoType=county&view=report&reportType=detailed
49019,"Grand County, Utah",https://cbb.census.gov/rae/#industry0=00&geoId=49019&geoType=county&view=report&reportType=detailed
49021,"Iron County, Utah",https://cbb.census.gov/rae/#industry0=00&geoId=49021&geoType=county&view=report&reportType=detailed
49023,"Juab County, Utah",https://cbb.census.gov/rae/#industry0=00&geoId=49023&geoType=county&view=report&reportType=detailed
49025,"Kane County, Utah",https://cbb.census.gov/rae/#industry0=00&geoId=49025&geoType=county&view=report&reportType=detailed
49027,"Millard County, Utah",https://cbb.census.gov/rae/#industry0=00&geoId=49027&geoType=county&view=report&reportType=detailed
49029,"Morgan County, Utah",https://cbb.census.gov/rae/#industry0=00&geoId=49029&geoType=county&view=report&reportType=detailed
49031,"Piute County, Utah",https://cbb.census.gov/rae/#industry0=00&geoId=49031&geoType=county&view=report&reportType=detailed
49033,"Rich County, Utah",https://cbb.census.gov/rae/#industry0=00&geoId=49033&geoType=county&view=report&reportType=detailed
49035,"Salt Lake County, Utah",https://cbb.census.gov/rae/#industry0=00&geoId=49035&geoType=county&view=report&reportType=detailed
49037,"San Juan County, Utah",https://cbb.census.gov/rae/#industry0=00&geoId=49037&geoType=county&view=report&reportType=detailed
49039,"Sanpete County, Utah",https://cbb.census.gov/rae/#industry0=00&geoId=49039&geoType=county&view=report&reportType=detailed
49041,"Sevier County, Utah",https://cbb.census.gov/rae/#industry0=00&geoId=49041&geoType=county&view=report&reportType=detailed
49043,"Summit County, Utah",https://cbb.census.gov/rae/#industry0=00&geoId=49043&geoType=county&view=report&reportType=detailed
49045,"Tooele County, Utah",https://cbb.census.gov/rae/#industry0=00&geoId=49045&geoType=county&view=report&reportType=detailed
49047,"Uintah County, Utah",https://cbb.census.gov/rae/#industry0=00&geoId=49047&geoType=county&view=report&reportType=detailed
49049,"Utah County, Utah",https://cbb.census.gov/rae/#industry0=00&geoId=49049&geoType=county&view=report&reportType=detailed
49051,"Wasatch County, Utah",https://cbb.census.gov/rae/#industry0=00&geoId=49051&geoType=county&view=report&reportType=detailed
49053,"Washington County, Utah",https://cbb.census.gov/rae/#industry0=00&geoId=49053&geoType=county&view=report&reportType=detailed
49055,"Wayne County, Utah",https://cbb.census.gov/rae/#industry0=00&geoId=49055&geoType=county&view=report&reportType=detailed
49057,"Weber County, Utah",https://cbb.census.gov/rae/#industry0=00&geoId=49057&geoType=county&view=report&reportType=detailed
50,Vermont,https://cbb.census.gov/rae/#industry0=00&geoId=50&geoType=state&view=report&reportType=detailed
50001,"Addison County, Vermont",https://cbb.census.gov/rae/#industry0=00&geoId=50001&geoType=county&view=report&reportType=detailed
50003,"Bennington County, Vermont",https://cbb.census.gov/rae/#industry0=00&geoId=50003&geoType=county&view=report&reportType=detailed
50005,"Caledonia County, Vermont",https://cbb.census.gov/rae/#industry0=00&geoId=50005&geoType=county&view=report&reportType=detailed
50007,"Chittenden County, Vermont",https://cbb.census.gov/rae/#industry0=00&geoId=50007&geoType=county&view=report&reportType=detailed
50009,"Essex County, Vermont",https://cbb.census.gov/rae/#industry0=00&geoId=50009&geoType=county&view=report&reportType=detailed
50011,"Franklin County, Vermont",https://cbb.census.gov/rae/#industry0=00&geoId=50011&geoType=county&view=report&reportType=detailed
50013,"Grand Isle County, Vermont",https://cbb.census.gov/rae/#industry0=00&geoId=50013&geoType=county&view=report&reportType=detailed
50015,"Lamoille County, Vermont",https://cbb.census.gov/rae/#industry0=00&geoId=50015&geoType=county&view=report&reportType=detailed
50017,"Orange County, Vermont",https://cbb.census.gov/rae/#industry0=00&geoId=50017&geoType=county&view=report&reportType=detailed
50019,"Orleans County, Vermont",https://cbb.census.gov/rae/#industry0=00&geoId=50019&geoType=county&view=report&reportType=detailed
50021,"Rutland County, Vermont",https://cbb.census.gov/rae/#industry0=00&geoId=50021&geoType=county&view=report&reportType=detailed
50023,"Washington County, Vermont",https://cbb.census.gov/rae/#industry0=00&geoId=50023&geoType=county&view=report&reportType=detailed
50025,"Windham County, Vermont",https://cbb.census.gov/rae/#industry0=00&geoId=50025&geoType=county&view=report&reportType=detailed
50027,"Windsor County, Vermont",https://cbb.census.gov/rae/#industry0=00&geoId=50027&geoType=county&view=report&reportType=detailed
51,Virginia,https://cbb.census.gov/rae/#industry0=00&geoId=51&geoType=state&view=report&reportType=detailed
51001,"Accomack County, Virginia",https://cbb.census.gov/rae/#industry0=00&geoId=51001&geoType=county&view=report&reportType=detailed
51003,"Albemarle County, Virginia",https://cbb.census.gov/rae/#industry0=00&geoId=51003&geoType=county&view=report&reportType=detailed
51005,"Alleghany County, Virginia",https://cbb.census.gov/rae/#industry0=00&geoId=51005&geoType=county&view=report&reportType=detailed
51007,"Amelia County, Virginia",https://cbb.census.gov/rae/#industry0=00&geoId=51007&geoType=county&view=report&reportType=detailed
51009,"Amherst County, Virginia",https://cbb.census.gov/rae/#industry0=00&geoId=51009&geoType=county&view=report&reportType=detailed
51011,"Appomattox County, Virginia",https://cbb.census.gov/rae/#industry0=00&geoId=51011&geoType=county&view=report&reportType=detailed
51013,"Arlington County, Virginia",https://cbb.census.gov/rae/#industry0=00&geoId=51013&geoType=county&view=report&reportType=detailed
51015,"Augusta County, Virginia",https://cbb.census.gov/rae/#industry0=00&geoId=51015&geoType=county&view=report&reportType=detailed
51017,"Bath County, Virginia",https://cbb.census.gov/rae/#industry0=00&geoId=51017&geoType=county&view=report&reportType=detailed
51019,"Bedford County, Virginia",https://cbb.census.gov/rae/#industry0=00&geoId=51019&geoType=county&view=report&reportType=detailed
51021,"Bland County, Virginia",https://cbb.census.gov/rae/#industry0=00&geoId=51021&geoType=county&view=report&reportType=detailed
51023,"Botetourt County, Virginia",https://cbb.census.gov/rae/#industry0=00&geoId=51023&geoType=county&view=report&reportType=detailed
51025,"Brunswick County, Virginia",https://cbb.census.gov/rae/#industry0=00&geoId=51025&geoType=county&view=report&reportType=detailed
51027,"Buchanan County, Virginia",https://cbb.census.gov/rae/#industry0=00&geoId=51027&geoType=county&view=report&reportType=detailed
51029,"Buckingham County, Virginia",https://cbb.census.gov/rae/#industry0=00&geoId=51029&geoType=county&view=report&reportType=detailed
51031,"Campbell County, Virginia",https://cbb.census.gov/rae/#industry0=00&geoId=51031&geoType=county&view=report&reportType=detailed
51033,"Caroline County, Virginia",https://cbb.census.gov/rae/#industry0=00&geoId=51033&geoType=county&view=report&reportType=detailed
51035,"Carroll County, Virginia",https://cbb.census.gov/rae/#industry0=00&geoId=51035&geoType=county&view=report&reportType=detailed
51036,"Charles City County, Virginia",https://cbb.census.gov/rae/#industry0=00&geoId=51036&geoType=county&view=report&reportType=detailed
51037,"Charlotte County, Virginia",https://cbb.census.gov/rae/#industry0=00&geoId=51037&geoType=county&view=report&reportType=detailed
51041,"Chesterfield County, Virginia",https://cbb.census.gov/rae/#industry0=00&geoId=51041&geoType=county&view=report&reportType=detailed
51043,"Clarke County, Virginia",https://cbb.census.gov/rae/#industry0=00&geoId=51043&geoType=county&view=report&reportType=detailed
51045,"Craig County, Virginia",https://cbb.census.gov/rae/#industry0=00&geoId=51045&geoType=county&view=report&reportType=detailed
51047,"Culpeper County, Virginia",https://cbb.census.gov/rae/#industry0=00&geoId=51047&geoType=county&view=report&reportType=detailed
51049,"Cumberland County, Virginia",https://cbb.census.gov/rae/#industry0=00&geoId=51049&geoType=county&view=report&reportType=detailed
51051,"Dickenson County, Virginia",https://cbb.census.gov/rae/#industry0=00&geoId=51051&geoType=county&view=report&reportType=detailed
51053,"Dinwiddie County, Virginia",https://cbb.census.gov/rae/#industry0=00&geoId=51053&geoType=county&view=report&reportType=detailed
51057,"Essex County, Virginia",https://cbb.census.gov/rae/#industry0=00&geoId=51057&geoType=county&view=report&reportType=detailed
51059,"Fairfax County, Virginia",https://cbb.census.gov/rae/#industry0=00&geoId=51059&geoType=county&view=report&reportType=detailed
51061,"Fauquier County, Virginia",https://cbb.census.gov/rae/#industry0=00&geoId=51061&geoType=county&view=report&reportType=detailed
51063,"Floyd County, Virginia",https://cbb.census.gov/rae/#industry0=00&geoId=51063&geoType=county&view=report&reportType=detailed
51065,"Fluvanna County, Virginia",https://cbb.census.gov/rae/#industry0=00&geoId=51065&geoType=county&view=report&reportType=detailed
51067,"Franklin County, Virginia",https://cbb.census.gov/rae/#industry0=00&geoId=51067&geoType=county&view=report&reportType=detailed
51069,"Frederick County, Virginia",https://cbb.census.gov/rae/#industry0=00&geoId=51069&geoType=county&view=report&reportType=detailed
51071,"Giles County, Virginia",https://cbb.census.gov/rae/#industry0=00&geoId=51071&geoType=county&view=report&reportType=detailed
51073,"Gloucester County, Virginia",https://cbb.census.gov/rae/#industry0=00&geoId=51073&geoType=county&view=report&reportType=detailed
51075,"Goochland County, Virginia",https://cbb.census.gov/rae/#industry0=00&geoId=51075&geoType=county&view=report&reportType=detailed
51077,"Grayson County, Virginia",https://cbb.census.gov/rae/#industry0=00&geoId=51077&geoType=county&view=report&reportType=detailed
51079,"Greene County, Virginia",https://cbb.census.gov/rae/#industry0=00&geoId=51079&geoType=county&view=report&reportType=detailed
51081,"Greensville County, Virginia",https://cbb.census.gov/rae/#industry0=00&geoId=51081&geoType=county&view=report&reportType=detailed
51083,"Halifax County, Virginia",https://cbb.census.gov/rae/#industry0=00&geoId=51083&geoType=county&view=report&reportType=detailed
51085,"Hanover County, Virginia",https://cbb.census.gov/rae/#industry0=00&geoId=51085&geoType=county&view=report&reportType=detailed
51087,"Henrico County, Virginia",https://cbb.census.gov/rae/#industry0=00&geoId=51087&geoType=county&view=report&reportType=detailed
51089,"Henry County, Virginia",https://cbb.census.gov/rae/#industry0=00&geoId=51089&geoType=county&view=report&reportType=detailed
51091,"Highland County, Virginia",https://cbb.census.gov/rae/#industry0=00&geoId=51091&geoType=county&view=report&reportType=detailed
51093,"Isle of Wight County, Virginia",https://cbb.census.gov/rae/#industry0=00&geoId=51093&geoType=county&view=report&reportType=detailed
51095,"James City County, Virginia",https://cbb.census.gov/rae/#industry0=00&geoId=51095&geoType=county&view=report&reportType=detailed
51097,"King and Queen County, Virginia",https://cbb.census.gov/rae/#industry0=00&geoId=51097&geoType=county&view=report&reportType=detailed
51099,"King George County, Virginia",https://cbb.census.gov/rae/#industry0=00&geoId=51099&geoType=county&view=report&reportType=detailed
51101,"King William County, Virginia",https://cbb.census.gov/rae/#industry0=00&geoId=51101&geoType=county&view=report&reportType=detailed
51103,"Lancaster County, Virginia",https://cbb.census.gov/rae/#industry0=00&geoId=51103&geoType=county&view=report&reportType=detailed
51105,"Lee County, Virginia",https://cbb.census.gov/rae/#industry0=00&geoId=51105&geoType=county&view=report&reportType=detailed
51107,"Loudoun County, Virginia",https://cbb.census.gov/rae/#industry0=00&geoId=51107&geoType=county&view=report&reportType=detailed
51109,"Louisa County, Virginia",https://cbb.census.gov/rae/#industry0=00&geoId=51109&geoType=county&view=report&reportType=detailed
51111,"Lunenburg County, Virginia",https://cbb.census.gov/rae/#industry0=00&geoId=51111&geoType=county&view=report&reportType=detailed
51113,"Madison County, Virginia",https://cbb.census.gov/rae/#industry0=00&geoId=51113&geoType=county&view=report&reportType=detailed
51115,"Mathews County, Virginia",https://cbb.census.gov/rae/#industry0=00&geoId=51115&geoType=county&view=report&reportType=detailed
51117,"Mecklenburg County, Virginia",https://cbb.census.gov/rae/#industry0=00&geoId=51117&geoType=county&view=report&reportType=detailed
51119,"Middlesex County, Virginia",https://cbb.census.gov/rae/#industry0=00&geoId=51119&geoType=county&view=report&reportType=detailed
51121,"Montgomery County, Virginia",https://cbb.census.gov/rae/#industry0=00&geoId=51121&geoType=county&view=report&reportType=detailed
51125,"Nelson County, Virginia",https://cbb.census.gov/rae/#industry0=00&geoId=51125&geoType=county&view=report&reportType=detailed
51127,"New Kent County, Virginia",https://cbb.census.gov/rae/#industry0=00&geoId=51127&geoType=county&view=report&reportType=detailed
51131,"Northampton County, Virginia",https://cbb.census.gov/rae/#industry0=00&geoId=51131&geoType=county&view=report&reportType=detailed
51133,"Northumberland County, Virginia",https://cbb.census.gov/rae/#industry0=00&geoId=51133&geoType=county&view=report&reportType=detailed
51135,"Nottoway County, Virginia",https://cbb.census.gov/rae/#industry0=00&geoId=51135&geoType=county&view=report&reportType=detailed
51137,"Orange County, Virginia",https://cbb.census.gov/rae/#industry0=00&geoId=51137&geoType=county&view=report&reportType=detailed
51139,"Page County, Virginia",https://cbb.census.gov/rae/#industry0=00&geoId=51139&geoType=county&view=report&reportType=detailed
51141,"Patrick County, Virginia",https://cbb.census.gov/rae/#industry0=00&geoId=51141&geoType=county&view=report&reportType=detailed
51143,"Pittsylvania County, Virginia",https://cbb.census.gov/rae/#industry0=00&geoId=51143&geoType=county&view=report&reportType=detailed
51145,"Powhatan County, Virginia",https://cbb.census.gov/rae/#industry0=00&geoId=51145&geoType=county&view=report&reportType=detailed
51147,"Prince Edward County, Virginia",https://cbb.census.gov/rae/#industry0=00&geoId=51147&geoType=county&view=report&reportType=detailed
51149,"Prince George County, Virginia",https://cbb.census.gov/rae/#industry0=00&geoId=51149&geoType=county&view=report&reportType=detailed
51153,"Prince William County, Virginia",https://cbb.census.gov/rae/#industry0=00&geoId=51153&geoType=county&view=report&reportType=detailed
51155,"Pulaski County, Virginia",https://cbb.census.gov/rae/#industry0=00&geoId=51155&geoType=county&view=report&reportType=detailed
51157,"Rappahannock County, Virginia",https://cbb.census.gov/rae/#industry0=00&geoId=51157&geoType=county&view=report&reportType=detailed
51159,"Richmond County, Virginia",https://cbb.census.gov/rae/#industry0=00&geoId=51159&geoType=county&view=report&reportType=detailed
51161,"Roanoke County, Virginia",https://cbb.census.gov/rae/#industry0=00&geoId=51161&geoType=county&view=report&reportType=detailed
51163,"Rockbridge County, Virginia",https://cbb.census.gov/rae/#industry0=00&geoId=51163&geoType=county&view=report&reportType=detailed
51165,"Rockingham County, Virginia",https://cbb.census.gov/rae/#industry0=00&geoId=51165&geoType=county&view=report&reportType=detailed
51167,"Russell County, Virginia",https://cbb.census.gov/rae/#industry0=00&geoId=51167&geoType=county&view=report&reportType=detailed
51169,"Scott County, Virginia",https://cbb.census.gov/rae/#industry0=00&geoId=51169&geoType=county&view=report&reportType=detailed
51171,"Shenandoah County, Virginia",https://cbb.census.gov/rae/#industry0=00&geoId=51171&geoType=county&view=report&reportType=detailed
51173,"Smyth County, Virginia",https://cbb.census.gov/rae/#industry0=00&geoId=51173&geoType=county&view=report&reportType=detailed
51175,"Southampton County, Virginia",https://cbb.census.gov/rae/#industry0=00&geoId=51175&geoType=county&view=report&reportType=detailed
51177,"Spotsylvania County, Virginia",https://cbb.census.gov/rae/#industry0=00&geoId=51177&geoType=county&view=report&reportType=detailed
51179,"Stafford County, Virginia",https://cbb.census.gov/rae/#industry0=00&geoId=51179&geoType=county&view=report&reportType=detailed
51181,"Surry County, Virginia",https://cbb.census.gov/rae/#industry0=00&geoId=51181&geoType=county&view=report&reportType=detailed
51183,"Sussex County, Virginia",https://cbb.census.gov/rae/#industry0=00&geoId=51183&geoType=county&view=report&reportType=detailed
51185,"Tazewell County, Virginia",https://cbb.census.gov/rae/#industry0=00&geoId=51185&geoType=county&view=report&reportType=detailed
51187,"Warren County, Virginia",https://cbb.census.gov/rae/#industry0=00&geoId=51187&geoType=county&view=report&reportType=detailed
51191,"Washington County, Virginia",https://cbb.census.gov/rae/#industry0=00&geoId=51191&geoType=county&view=report&reportType=detailed
51193,"Westmoreland County, Virginia",https://cbb.census.gov/rae/#industry0=00&geoId=51193&geoType=county&view=report&reportType=detailed
51195,"Wise County, Virginia",https://cbb.census.gov/rae/#industry0=00&geoId=51195&geoType=county&view=report&reportType=detailed
51197,"Wythe County, Virginia",https://cbb.census.gov/rae/#industry0=00&geoId=51197&geoType=county&view=report&reportType=detailed
51199,"York County, Virginia",https://cbb.census.gov/rae/#industry0=00&geoId=51199&geoType=county&view=report&reportType=detailed
51510,"Alexandria city, Virginia",https://cbb.census.gov/rae/#industry0=00&geoId=51510&geoType=county&view=report&reportType=detailed
51515,"Bedford city, Virginia",https://cbb.census.gov/rae/#industry0=00&geoId=51515&geoType=county&view=report&reportType=detailed
51520,"Bristol city, Virginia",https://cbb.census.gov/rae/#industry0=00&geoId=51520&geoType=county&view=report&reportType=detailed
51530,"Buena Vista city, Virginia",https://cbb.census.gov/rae/#industry0=00&geoId=51530&geoType=county&view=report&reportType=detailed
51540,"Charlottesville city, Virginia",https://cbb.census.gov/rae/#industry0=00&geoId=51540&geoType=county&view=report&reportType=detailed
51550,"Chesapeake city, Virginia",https://cbb.census.gov/rae/#industry0=00&geoId=51550&geoType=county&view=report&reportType=detailed
51570,"Colonial Heights city, Virginia",https://cbb.census.gov/rae/#industry0=00&geoId=51570&geoType=county&view=report&reportType=detailed
51580,"Covington city, Virginia",https://cbb.census.gov/rae/#industry0=00&geoId=51580&geoType=county&view=report&reportType=detailed
51590,"Danville city, Virginia",https://cbb.census.gov/rae/#industry0=00&geoId=51590&geoType=county&view=report&reportType=detailed
51595,"Emporia city, Virginia",https://cbb.census.gov/rae/#industry0=00&geoId=51595&geoType=county&view=report&reportType=detailed
51600,"Fairfax city, Virginia",https://cbb.census.gov/rae/#industry0=00&geoId=51600&geoType=county&view=report&reportType=detailed
51610,"Falls Church city, Virginia",https://cbb.census.gov/rae/#industry0=00&geoId=51610&geoType=county&view=report&reportType=detailed
51620,"Franklin city, Virginia",https://cbb.census.gov/rae/#industry0=00&geoId=51620&geoType=county&view=report&reportType=detailed
51630,"Fredericksburg city, Virginia",https://cbb.census.gov/rae/#industry0=00&geoId=51630&geoType=county&view=report&reportType=detailed
51640,"Galax city, Virginia",https://cbb.census.gov/rae/#industry0=00&geoId=51640&geoType=county&view=report&reportType=detailed
51650,"Hampton city, Virginia",https://cbb.census.gov/rae/#industry0=00&geoId=51650&geoType=county&view=report&reportType=detailed
51660,"Harrisonburg city, Virginia",https://cbb.census.gov/rae/#industry0=00&geoId=51660&geoType=county&view=report&reportType=detailed
51670,"Hopewell city, Virginia",https://cbb.census.gov/rae/#industry0=00&geoId=51670&geoType=county&view=report&reportType=detailed
51678,"Lexington city, Virginia",https://cbb.census.gov/rae/#industry0=00&geoId=51678&geoType=county&view=report&reportType=detailed
51680,"Lynchburg city, Virginia",https://cbb.census.gov/rae/#industry0=00&geoId=51680&geoType=county&view=report&reportType=detailed
51683,"Manassas city, Virginia",https://cbb.census.gov/rae/#industry0=00&geoId=51683&geoType=county&view=report&reportType=detailed
51685,"Manassas Park city, Virginia",https://cbb.census.gov/rae/#industry0=00&geoId=51685&geoType=county&view=report&reportType=detailed
51690,"Martinsville city, Virginia",https://cbb.census.gov/rae/#industry0=00&geoId=51690&geoType=county&view=report&reportType=detailed
51700,"Newport News city, Virginia",https://cbb.census.gov/rae/#industry0=00&geoId=51700&geoType=county&view=report&reportType=detailed
51710,"Norfolk city, Virginia",https://cbb.census.gov/rae/#industry0=00&geoId=51710&geoType=county&view=report&reportType=detailed
51720,"Norton city, Virginia",https://cbb.census.gov/rae/#industry0=00&geoId=51720&geoType=county&view=report&reportType=detailed
51730,"Petersburg city, Virginia",https://cbb.census.gov/rae/#industry0=00&geoId=51730&geoType=county&view=report&reportType=detailed
51735,"Poquoson city, Virginia",https://cbb.census.gov/rae/#industry0=00&geoId=51735&geoType=county&view=report&reportType=detailed
51740,"Portsmouth city, Virginia",https://cbb.census.gov/rae/#industry0=00&geoId=51740&geoType=county&view=report&reportType=detailed
51750,"Radford city, Virginia",https://cbb.census.gov/rae/#industry0=00&geoId=51750&geoType=county&view=report&reportType=detailed
51760,"Richmond city, Virginia",https://cbb.census.gov/rae/#industry0=00&geoId=51760&geoType=county&view=report&reportType=detailed
51770,"Roanoke city, Virginia",https://cbb.census.gov/rae/#industry0=00&geoId=51770&geoType=county&view=report&reportType=detailed
51775,"Salem city, Virginia",https://cbb.census.gov/rae/#industry0=00&geoId=51775&geoType=county&view=report&reportType=detailed
51790,"Staunton city, Virginia",https://cbb.census.gov/rae/#industry0=00&geoId=51790&geoType=county&view=report&reportType=detailed
51800,"Suffolk city, Virginia",https://cbb.census.gov/rae/#industry0=00&geoId=51800&geoType=county&view=report&reportType=detailed
51810,"Virginia Beach city, Virginia",https://cbb.census.gov/rae/#industry0=00&geoId=51810&geoType=county&view=report&reportType=detailed
51820,"Waynesboro city, Virginia",https://cbb.census.gov/rae/#industry0=00&geoId=51820&geoType=county&view=report&reportType=detailed
51830,"Williamsburg city, Virginia",https://cbb.census.gov/rae/#industry0=00&geoId=51830&geoType=county&view=report&reportType=detailed
51840,"Winchester city, Virginia",https://cbb.census.gov/rae/#industry0=00&geoId=51840&geoType=county&view=report&reportType=detailed
53,Washington,https://cbb.census.gov/rae/#industry0=00&geoId=53&geoType=state&view=report&reportType=detailed
53001,"Adams County, Washington",https://cbb.census.gov/rae/#industry0=00&geoId=53001&geoType=county&view=report&reportType=detailed
53003,"Asotin County, Washington",https://cbb.census.gov/rae/#industry0=00&geoId=53003&geoType=county&view=report&reportType=detailed
53005,"Benton County, Washington",https://cbb.census.gov/rae/#industry0=00&geoId=53005&geoType=county&view=report&reportType=detailed
53007,"Chelan County, Washington",https://cbb.census.gov/rae/#industry0=00&geoId=53007&geoType=county&view=report&reportType=detailed
53009,"Clallam County, Washington",https://cbb.census.gov/rae/#industry0=00&geoId=53009&geoType=county&view=report&reportType=detailed
53011,"Clark County, Washington",https://cbb.census.gov/rae/#industry0=00&geoId=53011&geoType=county&view=report&reportType=detailed
53013,"Columbia County, Washington",https://cbb.census.gov/rae/#industry0=00&geoId=53013&geoType=county&view=report&reportType=detailed
53015,"Cowlitz County, Washington",https://cbb.census.gov/rae/#industry0=00&geoId=53015&geoType=county&view=report&reportType=detailed
53017,"Douglas County, Washington",https://cbb.census.gov/rae/#industry0=00&geoId=53017&geoType=county&view=report&reportType=detailed
53019,"Ferry County, Washington",https://cbb.census.gov/rae/#industry0=00&geoId=53019&geoType=county&view=report&reportType=detailed
53021,"Franklin County, Washington",https://cbb.census.gov/rae/#industry0=00&geoId=53021&geoType=county&view=report&reportType=detailed
53023,"Garfield County, Washington",https://cbb.census.gov/rae/#industry0=00&geoId=53023&geoType=county&view=report&reportType=detailed
53025,"Grant County, Washington",https://cbb.census.gov/rae/#industry0=00&geoId=53025&geoType=county&view=report&reportType=detailed
53027,"Grays Harbor County, Washington",https://cbb.census.gov/rae/#industry0=00&geoId=53027&geoType=county&view=report&reportType=detailed
53029,"Island County, Washington",https://cbb.census.gov/rae/#industry0=00&geoId=53029&geoType=county&view=report&reportType=detailed
53031,"Jefferson County, Washington",https://cbb.census.gov/rae/#industry0=00&geoId=53031&geoType=county&view=report&reportType=detailed
53033,"King County, Washington",https://cbb.census.gov/rae/#industry0=00&geoId=53033&geoType=county&view=report&reportType=detailed
53035,"Kitsap County, Washington",https://cbb.census.gov/rae/#industry0=00&geoId=53035&geoType=county&view=report&reportType=detailed
53037,"Kittitas County, Washington",https://cbb.census.gov/rae/#industry0=00&geoId=53037&geoType=county&view=report&reportType=detailed
53039,"Klickitat County, Washington",https://cbb.census.gov/rae/#industry0=00&geoId=53039&geoType=county&view=report&reportType=detailed
53041,"Lewis County, Washington",https://cbb.census.gov/rae/#industry0=00&geoId=53041&geoType=county&view=report&reportType=detailed
53043,"Lincoln County, Washington",https://cbb.census.gov/rae/#industry0=00&geoId=53043&geoType=county&view=report&reportType=detailed
53045,"Mason County, Washington",https://cbb.census.gov/rae/#industry0=00&geoId=53045&geoType=county&view=report&reportType=detailed
53047,"Okanogan County, Washington",https://cbb.census.gov/rae/#industry0=00&geoId=53047&geoType=county&view=report&reportType=detailed
53049,"Pacific County, Washington",https://cbb.census.gov/rae/#industry0=00&geoId=53049&geoType=county&view=report&reportType=detailed
53051,"Pend Oreille County, Washington",https://cbb.census.gov/rae/#industry0=00&geoId=53051&geoType=county&view=report&reportType=detailed
53053,"Pierce County, Washington",https://cbb.census.gov/rae/#industry0=00&geoId=53053&geoType=county&view=report&reportType=detailed
53055,"San Juan County, Washington",https://cbb.census.gov/rae/#industry0=00&geoId=53055&geoType=county&view=report&reportType=detailed
53057,"Skagit County, Washington",https://cbb.census.gov/rae/#industry0=00&geoId=53057&geoType=county&view=report&reportType=detailed
53059,"Skamania County, Washington",https://cbb.census.gov/rae/#industry0=00&geoId=53059&geoType=county&view=report&reportType=detailed
53061,"Snohomish County, Washington",https://cbb.census.gov/rae/#industry0=00&geoId=53061&geoType=county&view=report&reportType=detailed
53063,"Spokane County, Washington",https://cbb.census.gov/rae/#industry0=00&geoId=53063&geoType=county&view=report&reportType=detailed
53065,"Stevens County, Washington",https://cbb.census.gov/rae/#industry0=00&geoId=53065&geoType=county&view=report&reportType=detailed
53067,"Thurston County, Washington",https://cbb.census.gov/rae/#industry0=00&geoId=53067&geoType=county&view=report&reportType=detailed
53069,"Wahkiakum County, Washington",https://cbb.census.gov/rae/#industry0=00&geoId=53069&geoType=county&view=report&reportType=detailed
53071,"Walla Walla County, Washington",https://cbb.census.gov/rae/#industry0=00&geoId=53071&geoType=county&view=report&reportType=detailed
53073,"Whatcom County, Washington",https://cbb.census.gov/rae/#industry0=00&geoId=53073&geoType=county&view=report&reportType=detailed
53075,"Whitman County, Washington",https://cbb.census.gov/rae/#industry0=00&geoId=53075&geoType=county&view=report&reportType=detailed
53077,"Yakima County, Washington",https://cbb.census.gov/rae/#industry0=00&geoId=53077&geoType=county&view=report&reportType=detailed
54,West Virginia,https://cbb.census.gov/rae/#industry0=00&geoId=54&geoType=state&view=report&reportType=detailed
54001,"Barbour County, West Virginia",https://cbb.census.gov/rae/#industry0=00&geoId=54001&geoType=county&view=report&reportType=detailed
54003,"Berkeley County, West Virginia",https://cbb.census.gov/rae/#industry0=00&geoId=54003&geoType=county&view=report&reportType=detailed
54005,"Boone County, West Virginia",https://cbb.census.gov/rae/#industry0=00&geoId=54005&geoType=county&view=report&reportType=detailed
54007,"Braxton County, West Virginia",https://cbb.census.gov/rae/#industry0=00&geoId=54007&geoType=county&view=report&reportType=detailed
54009,"Brooke County, West Virginia",https://cbb.census.gov/rae/#industry0=00&geoId=54009&geoType=county&view=report&reportType=detailed
54011,"Cabell County, West Virginia",https://cbb.census.gov/rae/#industry0=00&geoId=54011&geoType=county&view=report&reportType=detailed
54013,"Calhoun County, West Virginia",https://cbb.census.gov/rae/#industry0=00&geoId=54013&geoType=county&view=report&reportType=detailed
54015,"Clay County, West Virginia",https://cbb.census.gov/rae/#industry0=00&geoId=54015&geoType=county&view=report&reportType=detailed
54017,"Doddridge County, West Virginia",https://cbb.census.gov/rae/#industry0=00&geoId=54017&geoType=county&view=report&reportType=detailed
54019,"Fayette County, West Virginia",https://cbb.census.gov/rae/#industry0=00&geoId=54019&geoType=county&view=report&reportType=detailed
54021,"Gilmer County, West Virginia",https://cbb.census.gov/rae/#industry0=00&geoId=54021&geoType=county&view=report&reportType=detailed
54023,"Grant County, West Virginia",https://cbb.census.gov/rae/#industry0=00&geoId=54023&geoType=county&view=report&reportType=detailed
54025,"Greenbrier County, West Virginia",https://cbb.census.gov/rae/#industry0=00&geoId=54025&geoType=county&view=report&reportType=detailed
54027,"Hampshire County, West Virginia",https://cbb.census.gov/rae/#industry0=00&geoId=54027&geoType=county&view=report&reportType=detailed
54029,"Hancock County, West Virginia",https://cbb.census.gov/rae/#industry0=00&geoId=54029&geoType=county&view=report&reportType=detailed
54031,"Hardy County, West Virginia",https://cbb.census.gov/rae/#industry0=00&geoId=54031&geoType=county&view=report&reportType=detailed
54033,"Harrison County, West Virginia",https://cbb.census.gov/rae/#industry0=00&geoId=54033&geoType=county&view=report&reportType=detailed
54035,"Jackson County, West Virginia",https://cbb.census.gov/rae/#industry0=00&geoId=54035&geoType=county&view=report&reportType=detailed
54037,"Jefferson County, West Virginia",https://cbb.census.gov/rae/#industry0=00&geoId=54037&geoType=county&view=report&reportType=detailed
54039,"Kanawha County, West Virginia",https://cbb.census.gov/rae/#industry0=00&geoId=54039&geoType=county&view=report&reportType=detailed
54041,"Lewis County, West Virginia",https://cbb.census.gov/rae/#industry0=00&geoId=54041&geoType=county&view=report&reportType=detailed
54043,"Lincoln County, West Virginia",https://cbb.census.gov/rae/#industry0=00&geoId=54043&geoType=county&view=report&reportType=detailed
54045,"Logan County, West Virginia",https://cbb.census.gov/rae/#industry0=00&geoId=54045&geoType=county&view=report&reportType=detailed
54047,"McDowell County, West Virginia",https://cbb.census.gov/rae/#industry0=00&geoId=54047&geoType=county&view=report&reportType=detailed
54049,"Marion County, West Virginia",https://cbb.census.gov/rae/#industry0=00&geoId=54049&geoType=county&view=report&reportType=detailed
54051,"Marshall County, West Virginia",https://cbb.census.gov/rae/#industry0=00&geoId=54051&geoType=county&view=report&reportType=detailed
54053,"Mason County, West Virginia",https://cbb.census.gov/rae/#industry0=00&geoId=54053&geoType=county&view=report&reportType=detailed
54055,"Mercer County, West Virginia",https://cbb.census.gov/rae/#industry0=00&geoId=54055&geoType=county&view=report&reportType=detailed
54057,"Mineral County, West Virginia",https://cbb.census.gov/rae/#industry0=00&geoId=54057&geoType=county&view=report&reportType=detailed
54059,"Mingo County, West Virginia",https://cbb.census.gov/rae/#industry0=00&geoId=54059&geoType=county&view=report&reportType=detailed
54061,"Monongalia County, West Virginia",https://cbb.census.gov/rae/#industry0=00&geoId=54061&geoType=county&view=report&reportType=detailed
54063,"Monroe County, West Virginia",https://cbb.census.gov/rae/#industry0=00&geoId=54063&geoType=county&view=report&reportType=detailed
54065,"Morgan County, West Virginia",https://cbb.census.gov/rae/#industry0=00&geoId=54065&geoType=county&view=report&reportType=detailed
54067,"Nicholas County, West Virginia",https://cbb.census.gov/rae/#industry0=00&geoId=54067&geoType=county&view=report&reportType=detailed
54069,"Ohio County, West Virginia",https://cbb.census.gov/rae/#industry0=00&geoId=54069&geoType=county&view=report&reportType=detailed
54071,"Pendleton County, West Virginia",https://cbb.census.gov/rae/#industry0=00&geoId=54071&geoType=county&view=report&reportType=detailed
54073,"Pleasants County, West Virginia",https://cbb.census.gov/rae/#industry0=00&geoId=54073&geoType=county&view=report&reportType=detailed
54075,"Pocahontas County, West Virginia",https://cbb.census.gov/rae/#industry0=00&geoId=54075&geoType=county&view=report&reportType=detailed
54077,"Preston County, West Virginia",https://cbb.census.gov/rae/#industry0=00&geoId=54077&geoType=county&view=report&reportType=detailed
54079,"Putnam County, West Virginia",https://cbb.census.gov/rae/#industry0=00&geoId=54079&geoType=county&view=report&reportType=detailed
54081,"Raleigh County, West Virginia",https://cbb.census.gov/rae/#industry0=00&geoId=54081&geoType=county&view=report&reportType=detailed
54083,"Randolph County, West Virginia",https://cbb.census.gov/rae/#industry0=00&geoId=54083&geoType=county&view=report&reportType=detailed
54085,"Ritchie County, West Virginia",https://cbb.census.gov/rae/#industry0=00&geoId=54085&geoType=county&view=report&reportType=detailed
54087,"Roane County, West Virginia",https://cbb.census.gov/rae/#industry0=00&geoId=54087&geoType=county&view=report&reportType=detailed
54089,"Summers County, West Virginia",https://cbb.census.gov/rae/#industry0=00&geoId=54089&geoType=county&view=report&reportType=detailed
54091,"Taylor County, West Virginia",https://cbb.census.gov/rae/#industry0=00&geoId=54091&geoType=county&view=report&reportType=detailed
54093,"Tucker County, West Virginia",https://cbb.census.gov/rae/#industry0=00&geoId=54093&geoType=county&view=report&reportType=detailed
54095,"Tyler County, West Virginia",https://cbb.census.gov/rae/#industry0=00&geoId=54095&geoType=county&view=report&reportType=detailed
54097,"Upshur County, West Virginia",https://cbb.census.gov/rae/#industry0=00&geoId=54097&geoType=county&view=report&reportType=detailed
54099,"Wayne County, West Virginia",https://cbb.census.gov/rae/#industry0=00&geoId=54099&geoType=county&view=report&reportType=detailed
54101,"Webster County, West Virginia",https://cbb.census.gov/rae/#industry0=00&geoId=54101&geoType=county&view=report&reportType=detailed
54103,"Wetzel County, West Virginia",https://cbb.census.gov/rae/#industry0=00&geoId=54103&geoType=county&view=report&reportType=detailed
54105,"Wirt County, West Virginia",https://cbb.census.gov/rae/#industry0=00&geoId=54105&geoType=county&view=report&reportType=detailed
54107,"Wood County, West Virginia",https://cbb.census.gov/rae/#industry0=00&geoId=54107&geoType=county&view=report&reportType=detailed
54109,"Wyoming County, West Virginia",https://cbb.census.gov/rae/#industry0=00&geoId=54109&geoType=county&view=report&reportType=detailed
55,Wisconsin,https://cbb.census.gov/rae/#industry0=00&geoId=55&geoType=state&view=report&reportType=detailed
55001,"Adams County, Wisconsin",https://cbb.census.gov/rae/#industry0=00&geoId=55001&geoType=county&view=report&reportType=detailed
55003,"Ashland County, Wisconsin",https://cbb.census.gov/rae/#industry0=00&geoId=55003&geoType=county&view=report&reportType=detailed
55005,"Barron County, Wisconsin",https://cbb.census.gov/rae/#industry0=00&geoId=55005&geoType=county&view=report&reportType=detailed
55007,"Bayfield County, Wisconsin",https://cbb.census.gov/rae/#industry0=00&geoId=55007&geoType=county&view=report&reportType=detailed
55009,"Brown County, Wisconsin",https://cbb.census.gov/rae/#industry0=00&geoId=55009&geoType=county&view=report&reportType=detailed
55011,"Buffalo County, Wisconsin",https://cbb.census.gov/rae/#industry0=00&geoId=55011&geoType=county&view=report&reportType=detailed
55013,"Burnett County, Wisconsin",https://cbb.census.gov/rae/#industry0=00&geoId=55013&geoType=county&view=report&reportType=detailed
55015,"Calumet County, Wisconsin",https://cbb.census.gov/rae/#industry0=00&geoId=55015&geoType=county&view=report&reportType=detailed
55017,"Chippewa County, Wisconsin",https://cbb.census.gov/rae/#industry0=00&geoId=55017&geoType=county&view=report&reportType=detailed
55019,"Clark County, Wisconsin",https://cbb.census.gov/rae/#industry0=00&geoId=55019&geoType=county&view=report&reportType=detailed
55021,"Columbia County, Wisconsin",https://cbb.census.gov/rae/#industry0=00&geoId=55021&geoType=county&view=report&reportType=detailed
55023,"Crawford County, Wisconsin",https://cbb.census.gov/rae/#industry0=00&geoId=55023&geoType=county&view=report&reportType=detailed
55025,"Dane County, Wisconsin",https://cbb.census.gov/rae/#industry0=00&geoId=55025&geoType=county&view=report&reportType=detailed
55027,"Dodge County, Wisconsin",https://cbb.census.gov/rae/#industry0=00&geoId=55027&geoType=county&view=report&reportType=detailed
55029,"Door County, Wisconsin",https://cbb.census.gov/rae/#industry0=00&geoId=55029&geoType=county&view=report&reportType=detailed
55031,"Douglas County, Wisconsin",https://cbb.census.gov/rae/#industry0=00&geoId=55031&geoType=county&view=report&reportType=detailed
55033,"Dunn County, Wisconsin",https://cbb.census.gov/rae/#industry0=00&geoId=55033&geoType=county&view=report&reportType=detailed
55035,"Eau Claire County, Wisconsin",https://cbb.census.gov/rae/#industry0=00&geoId=55035&geoType=county&view=report&reportType=detailed
55037,"Florence County, Wisconsin",https://cbb.census.gov/rae/#industry0=00&geoId=55037&geoType=county&view=report&reportType=detailed
55039,"Fond du Lac County, Wisconsin",https://cbb.census.gov/rae/#industry0=00&geoId=55039&geoType=county&view=report&reportType=detailed
55041,"Forest County, Wisconsin",https://cbb.census.gov/rae/#industry0=00&geoId=55041&geoType=county&view=report&reportType=detailed
55043,"Grant County, Wisconsin",https://cbb.census.gov/rae/#industry0=00&geoId=55043&geoType=county&view=report&reportType=detailed
55045,"Green County, Wisconsin",https://cbb.census.gov/rae/#industry0=00&geoId=55045&geoType=county&view=report&reportType=detailed
55047,"Green Lake County, Wisconsin",https://cbb.census.gov/rae/#industry0=00&geoId=55047&geoType=county&view=report&reportType=detailed
55049,"Iowa County, Wisconsin",https://cbb.census.gov/rae/#industry0=00&geoId=55049&geoType=county&view=report&reportType=detailed
55051,"Iron County, Wisconsin",https://cbb.census.gov/rae/#industry0=00&geoId=55051&geoType=county&view=report&reportType=detailed
55053,"Jackson County, Wisconsin",https://cbb.census.gov/rae/#industry0=00&geoId=55053&geoType=county&view=report&reportType=detailed
55055,"Jefferson County, Wisconsin",https://cbb.census.gov/rae/#industry0=00&geoId=55055&geoType=county&view=report&reportType=detailed
55057,"Juneau County, Wisconsin",https://cbb.census.gov/rae/#industry0=00&geoId=55057&geoType=county&view=report&reportType=detailed
55059,"Kenosha County, Wisconsin",https://cbb.census.gov/rae/#industry0=00&geoId=55059&geoType=county&view=report&reportType=detailed
55061,"Kewaunee County, Wisconsin",https://cbb.census.gov/rae/#industry0=00&geoId=55061&geoType=county&view=report&reportType=detailed
55063,"La Crosse County, Wisconsin",https://cbb.census.gov/rae/#industry0=00&geoId=55063&geoType=county&view=report&reportType=detailed
55065,"Lafayette County, Wisconsin",https://cbb.census.gov/rae/#industry0=00&geoId=55065&geoType=county&view=report&reportType=detailed
55067,"Langlade County, Wisconsin",https://cbb.census.gov/rae/#industry0=00&geoId=55067&geoType=county&view=report&reportType=detailed
55069,"Lincoln County, Wisconsin",https://cbb.census.gov/rae/#industry0=00&geoId=55069&geoType=county&view=report&reportType=detailed
55071,"Manitowoc County, Wisconsin",https://cbb.census.gov/rae/#industry0=00&geoId=55071&geoType=county&view=report&reportType=detailed
55073,"Marathon County, Wisconsin",https://cbb.census.gov/rae/#industry0=00&geoId=55073&geoType=county&view=report&reportType=detailed
55075,"Marinette County, Wisconsin",https://cbb.census.gov/rae/#industry0=00&geoId=55075&geoType=county&view=report&reportType=detailed
55077,"Marquette County, Wisconsin",https://cbb.census.gov/rae/#industry0=00&geoId=55077&geoType=county&view=report&reportType=detailed
55078,"Menominee County, Wisconsin",https://cbb.census.gov/rae/#industry0=00&geoId=55078&geoType=county&view=report&reportType=detailed
55079,"Milwaukee County, Wisconsin",https://cbb.census.gov/rae/#industry0=00&geoId=55079&geoType=county&view=report&reportType=detailed
55081,"Monroe County, Wisconsin",https://cbb.census.gov/rae/#industry0=00&geoId=55081&geoType=county&view=report&reportType=detailed
55083,"Oconto County, Wisconsin",https://cbb.census.gov/rae/#industry0=00&geoId=55083&geoType=county&view=report&reportType=detailed
55085,"Oneida County, Wisconsin",https://cbb.census.gov/rae/#industry0=00&geoId=55085&geoType=county&view=report&reportType=detailed
55087,"Outagamie County, Wisconsin",https://cbb.census.gov/rae/#industry0=00&geoId=55087&geoType=county&view=report&reportType=detailed
55089,"Ozaukee County, Wisconsin",https://cbb.census.gov/rae/#industry0=00&geoId=55089&geoType=county&view=report&reportType=detailed
55091,"Pepin County, Wisconsin",https://cbb.census.gov/rae/#industry0=00&geoId=55091&geoType=county&view=report&reportType=detailed
55093,"Pierce County, Wisconsin",https://cbb.census.gov/rae/#industry0=00&geoId=55093&geoType=county&view=report&reportType=detailed
55095,"Polk County, Wisconsin",https://cbb.census.gov/rae/#industry0=00&geoId=55095&geoType=county&view=report&reportType=detailed
55097,"Portage County, Wisconsin",https://cbb.census.gov/rae/#industry0=00&geoId=55097&geoType=county&view=report&reportType=detailed
55099,"Price County, Wisconsin",https://cbb.census.gov/rae/#industry0=00&geoId=55099&geoType=county&view=report&reportType=detailed
55101,"Racine County, Wisconsin",https://cbb.census.gov/rae/#industry0=00&geoId=55101&geoType=county&view=report&reportType=detailed
55103,"Richland County, Wisconsin",https://cbb.census.gov/rae/#industry0=00&geoId=55103&geoType=county&view=report&reportType=detailed
55105,"Rock County, Wisconsin",https://cbb.census.gov/rae/#industry0=00&geoId=55105&geoType=county&view=report&reportType=detailed
55107,"Rusk County, Wisconsin",https://cbb.census.gov/rae/#industry0=00&geoId=55107&geoType=county&view=report&reportType=detailed
55109,"St. Croix County, Wisconsin",https://cbb.census.gov/rae/#industry0=00&geoId=55109&geoType=county&view=report&reportType=detailed
55111,"Sauk County, Wisconsin",https://cbb.census.gov/rae/#industry0=00&geoId=55111&geoType=county&view=report&reportType=detailed
55113,"Sawyer County, Wisconsin",https://cbb.census.gov/rae/#industry0=00&geoId=55113&geoType=county&view=report&reportType=detailed
55115,"Shawano County, Wisconsin",https://cbb.census.gov/rae/#industry0=00&geoId=55115&geoType=county&view=report&reportType=detailed
55117,"Sheboygan County, Wisconsin",https://cbb.census.gov/rae/#industry0=00&geoId=55117&geoType=county&view=report&reportType=detailed
55119,"Taylor County, Wisconsin",https://cbb.census.gov/rae/#industry0=00&geoId=55119&geoType=county&view=report&reportType=detailed
55121,"Trempealeau County, Wisconsin",https://cbb.census.gov/rae/#industry0=00&geoId=55121&geoType=county&view=report&reportType=detailed
55123,"Vernon County, Wisconsin",https://cbb.census.gov/rae/#industry0=00&geoId=55123&geoType=county&view=report&reportType=detailed
55125,"Vilas County, Wisconsin",https://cbb.census.gov/rae/#industry0=00&geoId=55125&geoType=county&view=report&reportType=detailed
55127,"Walworth County, Wisconsin",https://cbb.census.gov/rae/#industry0=00&geoId=55127&geoType=county&view=report&reportType=detailed
55129,"Washburn County, Wisconsin",https://cbb.census.gov/rae/#industry0=00&geoId=55129&geoType=county&view=report&reportType=detailed
55131,"Washington County, Wisconsin",https://cbb.census.gov/rae/#industry0=00&geoId=55131&geoType=county&view=report&reportType=detailed
55133,"Waukesha County, Wisconsin",https://cbb.census.gov/rae/#industry0=00&geoId=55133&geoType=county&view=report&reportType=detailed
55135,"Waupaca County, Wisconsin",https://cbb.census.gov/rae/#industry0=00&geoId=55135&geoType=county&view=report&reportType=detailed
55137,"Waushara County, Wisconsin",https://cbb.census.gov/rae/#industry0=00&geoId=55137&geoType=county&view=report&reportType=detailed
55139,"Winnebago County, Wisconsin",https://cbb.census.gov/rae/#industry0=00&geoId=55139&geoType=county&view=report&reportType=detailed
55141,"Wood County, Wisconsin",https://cbb.census.gov/rae/#industry0=00&geoId=55141&geoType=county&view=report&reportType=detailed
56,Wyoming,https://cbb.census.gov/rae/#industry0=00&geoId=56&geoType=state&view=report&reportType=detailed
56001,"Albany County, Wyoming",https://cbb.census.gov/rae/#industry0=00&geoId=56001&geoType=county&view=report&reportType=detailed
56003,"Big Horn County, Wyoming",https://cbb.census.gov/rae/#industry0=00&geoId=56003&geoType=county&view=report&reportType=detailed
56005,"Campbell County, Wyoming",https://cbb.census.gov/rae/#industry0=00&geoId=56005&geoType=county&view=report&reportType=detailed
56007,"Carbon County, Wyoming",https://cbb.census.gov/rae/#industry0=00&geoId=56007&geoType=county&view=report&reportType=detailed
56009,"Converse County, Wyoming",https://cbb.census.gov/rae/#industry0=00&geoId=56009&geoType=county&view=report&reportType=detailed
56011,"Crook County, Wyoming",https://cbb.census.gov/rae/#industry0=00&geoId=56011&geoType=county&view=report&reportType=detailed
56013,"Fremont County, Wyoming",https://cbb.census.gov/rae/#industry0=00&geoId=56013&geoType=county&view=report&reportType=detailed
56015,"Goshen County, Wyoming",https://cbb.census.gov/rae/#industry0=00&geoId=56015&geoType=county&view=report&reportType=detailed
56017,"Hot Springs County, Wyoming",https://cbb.census.gov/rae/#industry0=00&geoId=56017&geoType=county&view=report&reportType=detailed
56019,"Johnson County, Wyoming",https://cbb.census.gov/rae/#industry0=00&geoId=56019&geoType=county&view=report&reportType=detailed
56021,"Laramie County, Wyoming",https://cbb.census.gov/rae/#industry0=00&geoId=56021&geoType=county&view=report&reportType=detailed
56023,"Lincoln County, Wyoming",https://cbb.census.gov/rae/#industry0=00&geoId=56023&geoType=county&view=report&reportType=detailed
56025,"Natrona County, Wyoming",https://cbb.census.gov/rae/#industry0=00&geoId=56025&geoType=county&view=report&reportType=detailed
56027,"Niobrara County, Wyoming",https://cbb.census.gov/rae/#industry0=00&geoId=56027&geoType=county&view=report&reportType=detailed
56029,"Park County, Wyoming",https://cbb.census.gov/rae/#industry0=00&geoId=56029&geoType=county&view=report&reportType=detailed
56031,"Platte County, Wyoming",https://cbb.census.gov/rae/#industry0=00&geoId=56031&geoType=county&view=report&reportType=detailed
56033,"Sheridan County, Wyoming",https://cbb.census.gov/rae/#industry0=00&geoId=56033&geoType=county&view=report&reportType=detailed
56035,"Sublette County, Wyoming",https://cbb.census.gov/rae/#industry0=00&geoId=56035&geoType=county&view=report&reportType=detailed
56037,"Sweetwater County, Wyoming",https://cbb.census.gov/rae/#industry0=00&geoId=56037&geoType=county&view=report&reportType=detailed
56039,"Teton County, Wyoming",https://cbb.census.gov/rae/#industry0=00&geoId=56039&geoType=county&view=report&reportType=detailed
56041,"Uinta County, Wyoming",https://cbb.census.gov/rae/#industry0=00&geoId=56041&geoType=county&view=report&reportType=detailed
56043,"Washakie County, Wyoming",https://cbb.census.gov/rae/#industry0=00&geoId=56043&geoType=county&view=report&reportType=detailed
56045,"Weston County, Wyoming",https://cbb.census.gov/rae/#industry0=00&geoId=56045&geoType=county&view=report&reportType=detailed
