,State,Court,Number of Judgeships,Number of Districts/Circuits,Geographic Basis for Selection,Method of Selection (full term),Length of Term,Method of Retention,Length of Subsequent Terms,Method of Filling Interim Vacancies,When Interim Judges Stand for Election/Appointment,Selection of Chief Judge/Justice,Term of Office for Chief Judge/Justice,Qualifications,Source
0,Alabama,Supreme Court:,9,--,statewide,partisan election,6 yrs,reelection,6 yrs,gubernatorial appointment,next general election after 1 yr in office,popular election,6 yrs,licensed to practice law 10 yrs; 1 yr resident; maximum age of 70,"['Selection and retention methods and term lengths are prescribed byAmendment 328 of the Alabama Constitution. ', '*In Baldwin, Jefferson, Lauderdale, Madison, Mobile, Shelby, Talladega, and Tuscaloosa Counties, gubernatorial appointments are made from lists of candidates submitted by judicial nominating commissions. ']"
1,Alabama,Court of Criminal Appeals:,5,--,statewide,partisan election,6 yrs,reelection,6 yrs,gubernatorial appointment,next general election after 1 yr in office,peer vote,indefinite,licensed to practice law 10 yrs; 1 yr resident; maximum age of 70,"['Selection and retention methods and term lengths are prescribed byAmendment 328 of the Alabama Constitution. ', '*In Baldwin, Jefferson, Lauderdale, Madison, Mobile, Shelby, Talladega, and Tuscaloosa Counties, gubernatorial appointments are made from lists of candidates submitted by judicial nominating commissions. ']"
2,Alabama,Court of Civil Appeals:,5,--,statewide,partisan election,6 yrs,reelection,6 yrs,gubernatorial appointment,next general election after 1 yr in office,seniority,indefinite,licensed to practice law 10 yrs; 1 yr resident; maximum age of 70,"['Selection and retention methods and term lengths are prescribed byAmendment 328 of the Alabama Constitution. ', '*In Baldwin, Jefferson, Lauderdale, Madison, Mobile, Shelby, Talladega, and Tuscaloosa Counties, gubernatorial appointments are made from lists of candidates submitted by judicial nominating commissions. ']"
3,Alabama,Circuit Court:,144,41,circuit,partisan election,6 yrs,reelection,6 yrs,gubernatorial appointment*,next general election after 1 yr in office,peer vote,3 yrs,licensed to practice law 5 yrs; 1 yr resident of circuit; maximum age of 70,"['Selection and retention methods and term lengths are prescribed byAmendment 328 of the Alabama Constitution. ', '*In Baldwin, Jefferson, Lauderdale, Madison, Mobile, Shelby, Talladega, and Tuscaloosa Counties, gubernatorial appointments are made from lists of candidates submitted by judicial nominating commissions. ']"
4,Alaska,Supreme Court:,5,--,statewide,gubernatorial appointment from nominating commission,at least 3 yrs,retention election,10 yrs,gubernatorial appointment from nominating commission,first general election more than 3 yrs after appointment,peer vote,3 yrs,U.S. citizen; state resident 5 yrs; licensed to practice in state; 8 yrs active legal practice; mandatory retirement at 70,"['Selection and retention methods and term lengths are prescribed by Article 4 of the Alaska Constitution. ', 'Note: The court of appeals hears only criminal appeals. ']"
5,Alaska,Court of Appeals:,3,--,statewide,gubernatorial appointment from nominating commission,at least 3 yrs,retention election,8 yrs,gubernatorial appointment from nominating commission,first general election more than 3 yrs after appointment,chief justice appoints,2 yrs,U.S. citizen; state resident 5 yrs; licensed to practice in state; 8 yrs active legal practice; mandatory retirement at 70,"['Selection and retention methods and term lengths are prescribed by Article 4 of the Alaska Constitution. ', 'Note: The court of appeals hears only criminal appeals. ']"
6,Alaska,Superior Court:,40,4,district,gubernatorial appointment from nominating commission,at least 3 yrs,retention election,6 yrs,gubernatorial appointment from nominating commission,first general election more than 3 yrs after appointment,chief justice appoints,1 yr,U.S. citizen; state resident 5 yrs; licensed to practice in state; 5 yrs active legal practice; mandatory retirement at 70,"['Selection and retention methods and term lengths are prescribed by Article 4 of the Alaska Constitution. ', 'Note: The court of appeals hears only criminal appeals. ']"
7,Arizona,Supreme Court:,7,--,statewide,gubernatorial appointment from nominating commission,at least 2 yrs,retention election,6 yrs,gubernatorial appointment from nominating commission,next general election after 2 yrs in office,peer vote,5 yrs,state resident and licensed in state 10 yrs; mandatory retirement at 70,"['Selection and retention methods and term lengths are prescribed by Article 6 of the Arizona Constitution.', '*Court of appeals judges who reside in Maricopa and Pima Counties stand for retention in those counties. Court of appeals judges who reside in counties other than Maricopa and Pima stand for retention in all of the other counties within their division.', '**The Arizona Constitution provides for merit selection and retention of judges in counties with populations of 250,000 or greater. Currently, this includes Maricopa, Pima and Pinal Counties. Counties whose populations are less than 250,000 may adopt merit selection through ballot initiative. Coconino County opted into merit selection via this method in 2018.']"
8,Arizona,Court of Appeals:,22,2 divisions,division*,gubernatorial appointment from nominating commission,at least 2 yrs,retention election,6 yrs,gubernatorial appointment from nominating commission,next general election after 2 yrs in office,peer vote,1 yr,30 yrs of age; state resident and licensed in state 5 yrs; local resident 1 yr; mandatory retirement at 70,"['Selection and retention methods and term lengths are prescribed by Article 6 of the Arizona Constitution.', '*Court of appeals judges who reside in Maricopa and Pima Counties stand for retention in those counties. Court of appeals judges who reside in counties other than Maricopa and Pima stand for retention in all of the other counties within their division.', '**The Arizona Constitution provides for merit selection and retention of judges in counties with populations of 250,000 or greater. Currently, this includes Maricopa, Pima and Pinal Counties. Counties whose populations are less than 250,000 may adopt merit selection through ballot initiative. Coconino County opted into merit selection via this method in 2018.']"
9,Arizona,Superior Court:,174,15 counties,county,partisan primary; nonpartisan general election/gubernatorial appointment from nominating commission**,4 yrs/at least 2 yrs**,reelection/retention election**,4 yrs,gubernatorial appointment/gubernatorial appointment from nominating commission**,next general election/next general election after 2 yrs in office**,supreme court appoints,remainder of 4 yr term,30 yrs of age; state resident and licensed in state 5 yrs; local resident 1 yr; mandatory retirement at 70,"['Selection and retention methods and term lengths are prescribed by Article 6 of the Arizona Constitution.', '*Court of appeals judges who reside in Maricopa and Pima Counties stand for retention in those counties. Court of appeals judges who reside in counties other than Maricopa and Pima stand for retention in all of the other counties within their division.', '**The Arizona Constitution provides for merit selection and retention of judges in counties with populations of 250,000 or greater. Currently, this includes Maricopa, Pima and Pinal Counties. Counties whose populations are less than 250,000 may adopt merit selection through ballot initiative. Coconino County opted into merit selection via this method in 2018.']"
10,Arkansas,Supreme Court:,7,1,statewide,nonpartisan election*+,8 yrs,reelection,8 yrs,gubernatorial appointment,next general election at least 4 mos after vacancy occurred,popular election,8 yrs,30 yrs of age; of good moral character; learned in the law; U.S. citizen; state resident > 2 yrs; 8 yrs practice of law,"['Selection and retention methods and term lengths are prescribed by Amendment 80 of the Arkansas Constitution. ', '*Judicial candidates run in a nonpartisan primary election. If no candidate receives a majority of the vote, there is a runoff in the general election. ', '+Incumbency is designated on the ballot by including the current title of a judge. ']"
11,Arkansas,Court of Appeals:,12,7,district,nonpartisan election*+,6 yrs,reelection,6 yrs,gubernatorial appointment,next general election at least 4 mos after vacancy occurred,chief justice appoints,4 yrs,30 yrs of age; of good moral charater; learned in the law; U.S. citizen; state resident > 2 yrs ; 8 yrs practice of law,"['Selection and retention methods and term lengths are prescribed by Amendment 80 of the Arkansas Constitution. ', '*Judicial candidates run in a nonpartisan primary election. If no candidate receives a majority of the vote, there is a runoff in the general election. ', '+Incumbency is designated on the ballot by including the current title of a judge. ']"
12,Arkansas,Circuit Court:,122,23,circuit,nonpartisan election*+,6 yrs,reelection,6 yrs,gubernatorial appointment,next general election at least 4 mos after vacancy occurred,supreme court appoints,no set term,28 yrs of age; of good moral character; learned in the law; U.S. citizen; state resident > 2 yrs; 6 yrs practice of law,"['Selection and retention methods and term lengths are prescribed by Amendment 80 of the Arkansas Constitution. ', '*Judicial candidates run in a nonpartisan primary election. If no candidate receives a majority of the vote, there is a runoff in the general election. ', '+Incumbency is designated on the ballot by including the current title of a judge. ']"
13,California,Supreme Court:,7,--,statewide,gubernatorial appointment;**confirmation by commission on judicial appointments***,12 yrs,retention election,12 yrs,gubernatorial appointment;**confirmation by commission on judicial appointments***,next gubernatorial election,gubernatorial appointment;**confirmation by commission on judicial appointments***,12 yrs,10 yrs practice of law in state or service as judge of court of record,"['Selection and retention methods and term lengths are prescribed by ArticleVI of the California Constitution. ', ""*In 1998, voters approved Proposition 220, a constitutional amendment that allowed the judges in each county to merge their superior and municipal courts into a single superior court. By early 2001, all of the state's 58 counties had voted to unify their courts. "", ""**Since 1979, the legislature has required that the State Bar of California's commission on judicial nominees evaluation (informally known as the Jenny Commission) review the qualifications and fitness of prospective judicial appointees through an extensive investigation. The commission, which consists of both public members and attorneys, rates candidates as exceptionally well qualified, well qualified, qualified, or not qualified. The governor is not bound by the commission's recommendations. "", ""***The commission on judicial appointments consists of three members: the chief justice, the attorney general, and the senior presiding justice of the court of appeal of the affected appellate district. When a supreme court appointee is being considered, the third member of the commission is the senior presiding justice of the state's courts of appeal. The commission holds one or more public hearings to review the appointee's qualifications and may confirm or veto the appointment by majority vote. "", ""****If no candidate receives a majority of the vote in the primary election, there is a general-election runoff between the top two candidates. If an incumbent judge is unopposed, s/he is automatically reelected; the judge's name does not appear on the ballot. The constitutionprovides that electors in each county may, by majority vote, opt for the selection of superior court judges by the method used for appellate court judges. To date, no counties have adopted an appointive process. "", '+Incumbency designations on the ballot are determined by each county. ']"
14,California,Court of Appeals:,102,6,district,gubernatorial appointment;**confirmation by commission on judicial appointments***,12 yrs,retention election,12yrs,gubernatorial appointment;**confirmation by commission on judicial appointments***,next gubernatorial election,gubernatorial appointment;**confirmation by commission on judicial appointments***,12 yrs,10 yrs practice of law in state or service as judge of court of record,"['Selection and retention methods and term lengths are prescribed by ArticleVI of the California Constitution. ', ""*In 1998, voters approved Proposition 220, a constitutional amendment that allowed the judges in each county to merge their superior and municipal courts into a single superior court. By early 2001, all of the state's 58 counties had voted to unify their courts. "", ""**Since 1979, the legislature has required that the State Bar of California's commission on judicial nominees evaluation (informally known as the Jenny Commission) review the qualifications and fitness of prospective judicial appointees through an extensive investigation. The commission, which consists of both public members and attorneys, rates candidates as exceptionally well qualified, well qualified, qualified, or not qualified. The governor is not bound by the commission's recommendations. "", ""***The commission on judicial appointments consists of three members: the chief justice, the attorney general, and the senior presiding justice of the court of appeal of the affected appellate district. When a supreme court appointee is being considered, the third member of the commission is the senior presiding justice of the state's courts of appeal. The commission holds one or more public hearings to review the appointee's qualifications and may confirm or veto the appointment by majority vote. "", ""****If no candidate receives a majority of the vote in the primary election, there is a general-election runoff between the top two candidates. If an incumbent judge is unopposed, s/he is automatically reelected; the judge's name does not appear on the ballot. The constitutionprovides that electors in each county may, by majority vote, opt for the selection of superior court judges by the method used for appellate court judges. To date, no counties have adopted an appointive process. "", '+Incumbency designations on the ballot are determined by each county. ']"
15,California,Superior Court:,1535,58*,county,nonpartisan election****+,6 yrs,reelection,6 yrs,gubernatorial appointment**,next general election,peer vote,"1 or 2 yrs, depending on county",10 yrs practice of law in state or service as judge of court of record,"['Selection and retention methods and term lengths are prescribed by ArticleVI of the California Constitution. ', ""*In 1998, voters approved Proposition 220, a constitutional amendment that allowed the judges in each county to merge their superior and municipal courts into a single superior court. By early 2001, all of the state's 58 counties had voted to unify their courts. "", ""**Since 1979, the legislature has required that the State Bar of California's commission on judicial nominees evaluation (informally known as the Jenny Commission) review the qualifications and fitness of prospective judicial appointees through an extensive investigation. The commission, which consists of both public members and attorneys, rates candidates as exceptionally well qualified, well qualified, qualified, or not qualified. The governor is not bound by the commission's recommendations. "", ""***The commission on judicial appointments consists of three members: the chief justice, the attorney general, and the senior presiding justice of the court of appeal of the affected appellate district. When a supreme court appointee is being considered, the third member of the commission is the senior presiding justice of the state's courts of appeal. The commission holds one or more public hearings to review the appointee's qualifications and may confirm or veto the appointment by majority vote. "", ""****If no candidate receives a majority of the vote in the primary election, there is a general-election runoff between the top two candidates. If an incumbent judge is unopposed, s/he is automatically reelected; the judge's name does not appear on the ballot. The constitutionprovides that electors in each county may, by majority vote, opt for the selection of superior court judges by the method used for appellate court judges. To date, no counties have adopted an appointive process. "", '+Incumbency designations on the ballot are determined by each county. ']"
16,Colorado,Supreme Court:,7,1,statewide,gubernatorial appointment from nominating commission,at least 2 yrs,retention election,10 yrs,gubernatorial appointment from nominating commission,next general election after 2 yrs in office,peer vote,indefinite,qualified elector in state; licensed to practice law in state 5 yrs; mandatory retirement age of 72,[]
17,Colorado,Court of Appeals:,22,1,statewide,gubernatorial appointment from nominating commission,at least 2 yrs,retention election,8 yrs,gubernatorial appointment form nominating commission,next general election after 2 yrs in office,chief justice appoints,indefinite,qualified elector in state; licensed to practice law in state 5 yrs. mandatory retirement age of 72,[]
18,Colorado,District Court:,164,22,county,gubernatorial appointment from nominating commission,at least 2 yrs,retention election,6 yrs,gubernatorial appointment from nominating commission,next general election after 2 yrs in office,chief justice appoints,indefinite,qualified elector in district; licensed to practice law in state 5 yrs; mandatory retirment age of 72,[]
19,Connecticut,Supreme Court:,7,--,statewide,gubernatorial nomination from judicial selection commission; legislative appointment,8 yrs,governor renominates; legislature reappoints,8 yrs,gubernatorial nomination from judicial selection commission; legislative appointment*,8 yrs,gubernatorial nomination from judicial selection commission; legislative appointment*,8 yrs*,state resident; licensed to practice in state; mandatory retirement at 70,"['Selection and retention methods and term lengths are prescribed by Article 5and Amendment ArticleXXof the Connecticut Constitution. ', '*The governor may nominate an associate justice of the supreme court to be chief justice without the involvement of the judicial selection commission.Chief justices appointed in this way serve an initial term equal to the remainder of their term as associate justice. ']"
20,Connecticut,Appellate Court:,9,--,statewide,gubernatorial nomination from judicial selection commission; legislative appointment,8 yrs,governor renominates; legislature reappoints,8 yrs,gubernatorial nomination from judicial selection commission; legislative appointment,8 yrs,chief justice,N/A,state resident; licensed to practice in state; mandatory retirement at 70,"['Selection and retention methods and term lengths are prescribed by Article 5and Amendment ArticleXXof the Connecticut Constitution. ', '*The governor may nominate an associate justice of the supreme court to be chief justice without the involvement of the judicial selection commission.Chief justices appointed in this way serve an initial term equal to the remainder of their term as associate justice. ']"
21,Connecticut,Superior Court:,170,--,statewide,gubernatorial nomination from judicial selection commission; legislative appointment,8 yrs,governor renominates; legislature reappoints,8 yrs,gubernatorial nomination from judicial selection commission; legislative appointment,8 yrs,chief court administrator,at pleasure of chief court administrator,state resident; licensed to practice in state; mandatory retirement at 70,"['Selection and retention methods and term lengths are prescribed by Article 5and Amendment ArticleXXof the Connecticut Constitution. ', '*The governor may nominate an associate justice of the supreme court to be chief justice without the involvement of the judicial selection commission.Chief justices appointed in this way serve an initial term equal to the remainder of their term as associate justice. ']"
22,Delaware,Supreme Court:,5,--,statewide,gubernatorial appointment from judicial nominating commission with senate consent*,12 yrs,gubernatorial reappointment from judicial nominating commission with senate consent*,12 yrs,gubernatorial appointment from judicial nominating commission with senate consent*,12 yrs,gubernatorial appointment from judicial nominating commission with senate consent*,12 yrs,"state resident; ""learned in the law""; state bar member","['Selection and retention methods and term lengths are prescribed by Article IV of the Delaware Constitution and Executive Order No. 4. ', '*The Delaware Constitution stipulates that no more than a bare majority of judges of each court may be members of the same political party. ']"
23,Delaware,Superior Court:,20,--,statewide,gubernatorial appointment from judicial nominating commission with senate consent*,12 yrs,gubernatorial reappointment form judicial nominating commission with senate consent*,12 yrs,gubernatorial appointment from judicial nominating commission with senate consent*,12 yrs,gubernatorial appointment from judicial nominating commission with senate consent*,12 yrs,"state resident; law degree; ""learned in the law""; state bar member","['Selection and retention methods and term lengths are prescribed by Article IV of the Delaware Constitution and Executive Order No. 4. ', '*The Delaware Constitution stipulates that no more than a bare majority of judges of each court may be members of the same political party. ']"
24,Delaware,Court of Chancery:,1 Chancellor; 4 vice-chancellors,--,statewide,gubernatorial appointment from judicial nominating commission with senate consent*,12 yrs,gubernatorial reappointment from judicial nominating commission with senate consent*,12 yrs,gubernatorial appointment from judicial nominating commission with senate consent*,12 yrs,gubernatorial appointment from judicial nominating commission with senate consent*,12 yrs,"state resident; law degree; ""learned in the law""; state bar member","['Selection and retention methods and term lengths are prescribed by Article IV of the Delaware Constitution and Executive Order No. 4. ', '*The Delaware Constitution stipulates that no more than a bare majority of judges of each court may be members of the same political party. ']"
25,District of Columbia,Court of Appeals:,9,--,--,"presidential appointment from judicial nomination commission, with senate confirmation",15 yrs,reappointment,15 yrs,presidential appointment from judicial nomination commission,--,designated by the judicial nomination commission,4 yrs,"U.S. citizen; D.C. resident > 90 days prior to appointment; 5 yrs as active member of D.C. bar, professor at D.C. law school, or attorney employed by U.S. or D.C. government; mandatory retirement at 74","['Selection and retention methods and term lengths are prescribed byD.C. Code 1-204.31 and 1-204.33.', 'Note: The superior court consists of a family court and civil, criminal, probate, and tax divisions.']"
26,District of Columbia,Superior Court:,63,--,--,"presidential appointment from judicial nomination commission, with senate confirmation",15 yrs,reappointment,15 yrs,"presidential appointment from judicial nomination commission, with senate confirmation",--,designated by the judicial nomination commission,4 yrs,"U.S. citizen; D.C. resident > 90 days prior to appointment; 5 yrs as active member of D.C. bar, professor at D.C. law school, or attorney employed by U.S. or D.C. government; mandatory retirement at 74","['Selection and retention methods and term lengths are prescribed byD.C. Code 1-204.31 and 1-204.33.', 'Note: The superior court consists of a family court and civil, criminal, probate, and tax divisions.']"
27,Florida,Supreme Court:,7,--,statewide,gubernatorial appointment from nominating commission,at least 1 yr,retention election,6 yrs,gubernatorial appointment from nominating commission,next general election more than 1 yr after appointment,peer vote,2 yrs,qualified elector; state resident; admitted to practice law in state 10 yrs; mandatory retirement age of 70,"['Selection and retention methods and term lengths are prescribed by Article V of the Florida Constitution and Title V, Section 43.291. ', '*If two or more candidates qualify for the ballot, they compete in the first primary election. If no candidate receives a majority of the vote, the top two candidates run in the general election. The voters in each circuit may exercise a local option for merit selection and retention of circuit court judges. A circuit may initiate the local option by filing with the secretary of state a petition signed by a number of voters equal to at least10% of the votes cast in the circuit in the most recent presidential election. The measure must then be approved by a majority of circuit voters. ']"
28,Florida,District Courts of Appeal:,60,5,district,gubernatorial appointment from nominating commission,at least 1 yr,retention election,6 yrs,gubernatorial appointment from nominating commission,next general election more than 1 yr after appointment,peer vote,2 yrs,qualified elector; state resident; admitted to practice law in state 10 yrs; mandatory retirement age of 70,"['Selection and retention methods and term lengths are prescribed by Article V of the Florida Constitution and Title V, Section 43.291. ', '*If two or more candidates qualify for the ballot, they compete in the first primary election. If no candidate receives a majority of the vote, the top two candidates run in the general election. The voters in each circuit may exercise a local option for merit selection and retention of circuit court judges. A circuit may initiate the local option by filing with the secretary of state a petition signed by a number of voters equal to at least10% of the votes cast in the circuit in the most recent presidential election. The measure must then be approved by a majority of circuit voters. ']"
29,Florida,Circuit Court:,597,20,circuit,nonpartisan election*,6 yrs,reelection,6 yrs,gubernatorial appointment from nominating commission,next general election more than 1 yr after appointment,peer vote,2 yrs,qualified elector; circuit resident; admitted to practice law in state 5 yrs; mandatory retirement age of 70,"['Selection and retention methods and term lengths are prescribed by Article V of the Florida Constitution and Title V, Section 43.291. ', '*If two or more candidates qualify for the ballot, they compete in the first primary election. If no candidate receives a majority of the vote, the top two candidates run in the general election. The voters in each circuit may exercise a local option for merit selection and retention of circuit court judges. A circuit may initiate the local option by filing with the secretary of state a petition signed by a number of voters equal to at least10% of the votes cast in the circuit in the most recent presidential election. The measure must then be approved by a majority of circuit voters. ']"
30,Georgia,Supreme Court:,9,--,statewide,nonpartisan election*+,6 yrs,reelection,6 yrs,gubernatorial appointment from nominating commission,next general election held more than 6 months after appointment; serve remainder of unexpired term,peer vote,4 yrs,state resident; admitted to practice law 7 yrs,"['Selection and retention methods and term lengths are prescribed by Article VI of the Georgia Constitution. ', '*If no candidate wins a plurality of the vote in the primary election, there is a runoff in the general election. ', '**The chief judge is usually the most senior judge who has not yet held the position. ', '+Incumbency is designated on the ballot by the name of the previous occupant of the position, assuming that judge runs for reelection. ']"
31,Georgia,Court of Appeals:,12,--,statewide,nonpartisan election*+,6 yrs,reelection,6 yrs,gubernatorial appointment from nominating commission,next general election held more than 6 months after appointment; serve remainder,peer vote**,2 yrs,state resident; admitted to practice law 7 yrs,"['Selection and retention methods and term lengths are prescribed by Article VI of the Georgia Constitution. ', '*If no candidate wins a plurality of the vote in the primary election, there is a runoff in the general election. ', '**The chief judge is usually the most senior judge who has not yet held the position. ', '+Incumbency is designated on the ballot by the name of the previous occupant of the position, assuming that judge runs for reelection. ']"
32,Georgia,Superior Court:,202,49,county,nonpartisan election*+,4 yrs,reelection,4 yrs,gubernatorial appointment from nominating commission,next general election held more than 6 months after appointment; serve remainder of unexpired term,varies by circuit,varies by circuit,state resident 3 yrs; circuit resident; admitted to practice law 7 yrs; minimum age of 30,"['Selection and retention methods and term lengths are prescribed by Article VI of the Georgia Constitution. ', '*If no candidate wins a plurality of the vote in the primary election, there is a runoff in the general election. ', '**The chief judge is usually the most senior judge who has not yet held the position. ', '+Incumbency is designated on the ballot by the name of the previous occupant of the position, assuming that judge runs for reelection. ']"
33,Hawaii,Supreme Court:,5,--,statewide,gubernatorial appointment from nominating commission with senate confirmation,10 yrs,nominating commission retains,10 yrs,gubernatorial appointment from nominating commission with senate confirmation,10 yrs,gubernatorial appointment from nominating commission with senate confirmation,10 yrs,state and U.S. resident and citizen; 10 yrs state practice; mandatory retirement at 70,[]
34,Hawaii,Intermediate Court of Appeals:,6,--,statewide,gubernatorial appointment from nominating commission with senate confirmation,10 yrs,nominating commission retains,10 yrs,gubernatorial appointment from nominating commission with senate confirmation,10 yrs,gubernatorial appointment from nominating commission with senate confirmation,10 yrs,state and U.S. resident and citizen; 10 yrs state practice; mandatory retirement at 70,[]
35,Hawaii,Circuit Court:,33,4,island,gubernatorial appointment from nominating commission with senate confirmation,10 yrs,nominating commission retains,10 yrs,gubernatorial appointment from nominating commission with senate confirmation,10 yrs,chief justice appoints administrative judge in each circuit,chief justice determines,state and U.S. resident and citizen; 10 yrs state practice; mandatory retirement at 70,[]
36,Idaho,Supreme Court:,5,0,statewide,nonpartisan election*+,6 yrs,reelection,6 yrs,gubernatorial appointment from nominating commission,hold office for remainder of unexpired term,peer vote,4 yrs,30 yrs of age; U.S. citizen; state resident 2 yrs; 10 yrs practice of law in ID,"['Selection and retention methods and term lengths are prescribed by Article V of the Idaho Constitution and Sec. 1-2404 of the Idaho Code. ', '*If no candidate in the primary election wins a majority of the vote, the top two vote getters compete in a runoff election in the general election. ', '+Incumbency is designated on the ballot by the name of the previous occupant of the position, assuming that judge runs for reelection. ']"
37,Idaho,Court of Appeals:,3,0,statewide,nonpartisan election*+,6 yrs,reelection,6 yrs,gubernatorial appointment from nominating commission,hold office for remainder of unexpired term,chief justice,2 yrs,30 yrs of age; U.S. citizen; state resident 2 yrs; 10 yrs practice of law in ID,"['Selection and retention methods and term lengths are prescribed by Article V of the Idaho Constitution and Sec. 1-2404 of the Idaho Code. ', '*If no candidate in the primary election wins a majority of the vote, the top two vote getters compete in a runoff election in the general election. ', '+Incumbency is designated on the ballot by the name of the previous occupant of the position, assuming that judge runs for reelection. ']"
38,Idaho,District Court:,40,7,district,nonpartisan election*+,4 yrs,reelection,4 yrs,gubernatorial appointment from nominating commission,hold office for remainder of unexpired term,peer vote,3 yrs,30 yrs of age; U.S. citizen; state resident 2 yrs; resident of judicial district 1 yr; 10 yrs practice of law,"['Selection and retention methods and term lengths are prescribed by Article V of the Idaho Constitution and Sec. 1-2404 of the Idaho Code. ', '*If no candidate in the primary election wins a majority of the vote, the top two vote getters compete in a runoff election in the general election. ', '+Incumbency is designated on the ballot by the name of the previous occupant of the position, assuming that judge runs for reelection. ']"
39,Illinois,Supreme Court:,7,5,district**,partisan election,10 yrs,retention election*****,10 yrs,supreme court appointment,next general election more than 60 days after appointment,peer vote,3 yrs,U.S. citizen; district resident; licensed to practice law in state,"['Selection and retention methods and term lengths are prescribed by Article VI of the Illinois Constitution. ', '*Circuit courts are also served by 391 associate judges who are appointed by circuit judges for four-year terms. ', '**Three justices are elected at large from the first district (Cook County) and one from each of the other four districts. ', '***Eighteen judges are elected from the first district (Cook County) and six from each of the other four districts. Additional judges may be assigned on a temporary basis by the supreme court. ', '****Circuit judges are elected on a circuit-wide basis or from the county where they reside. In Cook County, circuit judges are elected from the entire county or as resident judges from one of the fifteen subcircuits within the county. ', '*****Judges must receive at least 60% affirmative votes to be retained. ']"
40,Illinois,Appellate Court:,42,5,district***,partisan election,10 yrs,retention election*****,10 yrs,supreme court appointment,next general election more than 60 days after appointment,peer vote,1 yr,U.S. citizen; district resident; licensed to practice law in state,"['Selection and retention methods and term lengths are prescribed by Article VI of the Illinois Constitution. ', '*Circuit courts are also served by 391 associate judges who are appointed by circuit judges for four-year terms. ', '**Three justices are elected at large from the first district (Cook County) and one from each of the other four districts. ', '***Eighteen judges are elected from the first district (Cook County) and six from each of the other four districts. Additional judges may be assigned on a temporary basis by the supreme court. ', '****Circuit judges are elected on a circuit-wide basis or from the county where they reside. In Cook County, circuit judges are elected from the entire county or as resident judges from one of the fifteen subcircuits within the county. ', '*****Judges must receive at least 60% affirmative votes to be retained. ']"
41,Illinois,Circuit Court:,513*,22,circuit/county****,partisan election,6 yrs,retention election*****,6 yrs,supreme court appointment,next general election more than 60 days after appointment,peer vote,indefinite,U.S. citizen; circuit/county resident; licensed to practice law in state,"['Selection and retention methods and term lengths are prescribed by Article VI of the Illinois Constitution. ', '*Circuit courts are also served by 391 associate judges who are appointed by circuit judges for four-year terms. ', '**Three justices are elected at large from the first district (Cook County) and one from each of the other four districts. ', '***Eighteen judges are elected from the first district (Cook County) and six from each of the other four districts. Additional judges may be assigned on a temporary basis by the supreme court. ', '****Circuit judges are elected on a circuit-wide basis or from the county where they reside. In Cook County, circuit judges are elected from the entire county or as resident judges from one of the fifteen subcircuits within the county. ', '*****Judges must receive at least 60% affirmative votes to be retained. ']"
42,Indiana,Supreme Court:,5,--,statewide,gubernatorial appointment from nominating commission,at least 2 yrs,retention election,10 yrs,gubernatorial appointment from judicial nominating commission,next general election after 2 yrs in office,judicial nominating commission selects,5 yrs,U.S. citizen; state resident; admitted to state practice 10 yrs or served as judge of trial court 5 yrs; mandatory retirement age of 75,"['Selection andretention methods and term lengths for appellate judges and circuit court judges are prescribed by Article 7 of the Indiana Constitution. For superior court judges, see Title 33 of the Indiana Code. ', '*There are three geographic districts and two statewide at-large districts. ', '**Elections for circuit court judges in Vanderburgh County are nonpartisan. ', '***In Lake and St. Joseph Counties, superior court judges are appointed by the governor from lists of names submitted by local nominating commissions (except judges of the county division of the Lake County superior court, who are elected).Judges stand for retention in the first general election held more than two years after their appointment. Superior court judges in Allen County run without party designation in the general election, and vacancies are filled by the governor from a list of names submitted by the Allen County judicial nominating commission. ', '****Some counties impose additional qualifications. ']"
43,Indiana,Court of Appeals:,15,5*,district,gubernatorial appointment from nominating commission,at least 2 yrs,retention election,10 yrs,gubernatorial appointment from judicial nominating commission,next general election after 2 yrs in office,peer vote,3 yrs,U.S. citizen; state resident; admitted to state practice 10 yrs or served as judge of trial court 5 yrs; mandatory retirement age of 75,"['Selection andretention methods and term lengths for appellate judges and circuit court judges are prescribed by Article 7 of the Indiana Constitution. For superior court judges, see Title 33 of the Indiana Code. ', '*There are three geographic districts and two statewide at-large districts. ', '**Elections for circuit court judges in Vanderburgh County are nonpartisan. ', '***In Lake and St. Joseph Counties, superior court judges are appointed by the governor from lists of names submitted by local nominating commissions (except judges of the county division of the Lake County superior court, who are elected).Judges stand for retention in the first general election held more than two years after their appointment. Superior court judges in Allen County run without party designation in the general election, and vacancies are filled by the governor from a list of names submitted by the Allen County judicial nominating commission. ', '****Some counties impose additional qualifications. ']"
44,Indiana,Circuit Court:,102,90,county,partisan election**,6 yrs,reelection,6 yrs,gubernatorial appointment,next general election,varies by circuit,varies by circuit,circuit resident; admitted to practice law in state****,"['Selection andretention methods and term lengths for appellate judges and circuit court judges are prescribed by Article 7 of the Indiana Constitution. For superior court judges, see Title 33 of the Indiana Code. ', '*There are three geographic districts and two statewide at-large districts. ', '**Elections for circuit court judges in Vanderburgh County are nonpartisan. ', '***In Lake and St. Joseph Counties, superior court judges are appointed by the governor from lists of names submitted by local nominating commissions (except judges of the county division of the Lake County superior court, who are elected).Judges stand for retention in the first general election held more than two years after their appointment. Superior court judges in Allen County run without party designation in the general election, and vacancies are filled by the governor from a list of names submitted by the Allen County judicial nominating commission. ', '****Some counties impose additional qualifications. ']"
45,Indiana,Superior Court:,196,71,county,partisan election***,6 yrs,reelection***,6 yrs,gubernatorial appointment***,next general election,varies by county,varies by county,circuit resident; admitted to practice law in state****,"['Selection andretention methods and term lengths for appellate judges and circuit court judges are prescribed by Article 7 of the Indiana Constitution. For superior court judges, see Title 33 of the Indiana Code. ', '*There are three geographic districts and two statewide at-large districts. ', '**Elections for circuit court judges in Vanderburgh County are nonpartisan. ', '***In Lake and St. Joseph Counties, superior court judges are appointed by the governor from lists of names submitted by local nominating commissions (except judges of the county division of the Lake County superior court, who are elected).Judges stand for retention in the first general election held more than two years after their appointment. Superior court judges in Allen County run without party designation in the general election, and vacancies are filled by the governor from a list of names submitted by the Allen County judicial nominating commission. ', '****Some counties impose additional qualifications. ']"
46,Iowa,Supreme Court:,7,-,statewide,gubernatorial appointment through nominating commission,at least 1 yr,retention election,8 yrs,gubernatorial appointment through nominating commission,next general election after 1 yr in office,peer vote,8 yrs,licensed in state and member of Iowa bar; resident of state; maximum age of 72,"['Selection and retention methods and term lengths are prescribed by Article V of the Iowa Constitution and Chapter 46 of the Iowa Code. ', 'Note: The Unified Trial Court Act of 1973 established a unified trial court, the district court. The act abolished more than 500 justice of the peace courts, 899 mayor’s courts, 14 municipal courts, and 34 police courts. In addition to district court judges, the unified district court includes district associate judges, associate juvenile judges, associate probate judges, and judicial magistrates who exercise varying degrees of limited jurisdiction. For example, district associate judges hear serious misdemeanor cases of $10,000 or less, associate juvenile judges are limited to juvenile court matters, associate probate judges are limited to probate matters, and judicial magistrates hear simple misdemeanor cases of $4,000 or less within their county of residence. Currently, there are 116 district court judges, 67 district associate judges, and 133 magistrates. ']"
47,Iowa,Court of Appeals:,9,-,statewide,gubernatorial appointment through nominating commission,at least 1 yr,retention election,6 yrs,gubernatorial appointment through nominating commission,next general election after 1 yr in office,peer vote,2 yrs,licensed in state and member of Iowa bar; resident of state; maximum age of 72,"['Selection and retention methods and term lengths are prescribed by Article V of the Iowa Constitution and Chapter 46 of the Iowa Code. ', 'Note: The Unified Trial Court Act of 1973 established a unified trial court, the district court. The act abolished more than 500 justice of the peace courts, 899 mayor’s courts, 14 municipal courts, and 34 police courts. In addition to district court judges, the unified district court includes district associate judges, associate juvenile judges, associate probate judges, and judicial magistrates who exercise varying degrees of limited jurisdiction. For example, district associate judges hear serious misdemeanor cases of $10,000 or less, associate juvenile judges are limited to juvenile court matters, associate probate judges are limited to probate matters, and judicial magistrates hear simple misdemeanor cases of $4,000 or less within their county of residence. Currently, there are 116 district court judges, 67 district associate judges, and 133 magistrates. ']"
48,Iowa,District Court:,116,14 elective / 8 administrative,district,gubernatorial appointment through nominating commission,at least 1 yr,retention election,6 yrs,gubernatorial appointment through nominating commission,next general election after 1 yr in office,supreme court selects,2 yrs,licensed in state and member of Iowa bar; resident of district; maximum age of 72,"['Selection and retention methods and term lengths are prescribed by Article V of the Iowa Constitution and Chapter 46 of the Iowa Code. ', 'Note: The Unified Trial Court Act of 1973 established a unified trial court, the district court. The act abolished more than 500 justice of the peace courts, 899 mayor’s courts, 14 municipal courts, and 34 police courts. In addition to district court judges, the unified district court includes district associate judges, associate juvenile judges, associate probate judges, and judicial magistrates who exercise varying degrees of limited jurisdiction. For example, district associate judges hear serious misdemeanor cases of $10,000 or less, associate juvenile judges are limited to juvenile court matters, associate probate judges are limited to probate matters, and judicial magistrates hear simple misdemeanor cases of $4,000 or less within their county of residence. Currently, there are 116 district court judges, 67 district associate judges, and 133 magistrates. ']"
49,Kansas,Supreme Court:,7,--,statewide,gubernatorial appointment from nominating commission,1 yr,retention election,6 yrs,gubernatorial appointment from nominating commission,next general election after at least 1 yr in office,seniority,indefinite,30-70 yrs old; 10 yrs active and continuous practice of law in state,"['Selection and retention methods and term lengths are prescribed by Article 3 of the Kansas Constitution and Chapter 20 of the Kansas Statutes. ', '*There are also 79 district magistrate judges who presideover the early stages of criminal cases, hear limited civil actions, and handle all juvenile cases. They are not required to be attorneys. ']"
50,Kansas,Court of Appeals:,12,--,statewide,gubernatorial appointment with senate confirmation,1 yr,retention election,4 yrs,gubernatorial appointment with senate confirmation,next general election after at least 1 yr in office,supreme court,indefinite,30-70 yrs old; 10 yrs active and continuous practice of law in state,"['Selection and retention methods and term lengths are prescribed by Article 3 of the Kansas Constitution and Chapter 20 of the Kansas Statutes. ', '*There are also 79 district magistrate judges who presideover the early stages of criminal cases, hear limited civil actions, and handle all juvenile cases. They are not required to be attorneys. ']"
51,Kansas,District Court:,167*,31,district,gubernatorial appointment from nominating commission (17 districts); partisan election (14 districts),1 yr; 4 yrs,retention election; reelection,4 yrs; 4 yrs,gubernatorial appointment from nominating commission; gubernatorial appointment,next general election after at least 1 yr in office; next general election,supreme court,2 yrs,state and district resident; maximum age is 70; member in good standing of state bar > 5 years,"['Selection and retention methods and term lengths are prescribed by Article 3 of the Kansas Constitution and Chapter 20 of the Kansas Statutes. ', '*There are also 79 district magistrate judges who presideover the early stages of criminal cases, hear limited civil actions, and handle all juvenile cases. They are not required to be attorneys. ']"
52,Kentucky,Supreme Court:,7,7,district,nonpartisan election*,8 yrs,reelection,8 yrs,gubernatorial appointment from nominating commission,**,peer vote,4 yrs,U.S. citizen; district resident 2 yrs; licensed to practice law 8 yrs,"['Selection and retention methods and term lengths are prescribed by Sections 117, 118, and 119 of the Kentucky Constitution. ', '*The two candidates receiving the highest number of votes in the primary election compete in the general election. ', '**If the unexpired term ends at the next annual election, the appointment is for the remainder of the unexpired term. If the unexpired term does not end at the next annual election and that election is more than 3 months away, judges are appointed until the next election. If there are less than 3 months until the next annual election, the appointment is until the second succeeding annual election. Elections are for the remainder of the unexpired term. ']"
53,Kentucky,Court of Appeals:,14,7,district,nonpartisan election*,8 yrs,reelection,8 yrs,gubernatorial appointment from nominating commission,**,peer vote,4 yrs,U.S. citizen; district resident 2 yrs; licensed to practice law 8 yrs,"['Selection and retention methods and term lengths are prescribed by Sections 117, 118, and 119 of the Kentucky Constitution. ', '*The two candidates receiving the highest number of votes in the primary election compete in the general election. ', '**If the unexpired term ends at the next annual election, the appointment is for the remainder of the unexpired term. If the unexpired term does not end at the next annual election and that election is more than 3 months away, judges are appointed until the next election. If there are less than 3 months until the next annual election, the appointment is until the second succeeding annual election. Elections are for the remainder of the unexpired term. ']"
54,Kentucky,Circuit Court:,146,57,circuit,nonpartisan election*,8 yrs,reelection,8 yrs,gubernatorial appointment from nominating commission,**,peer vote,2 yrs,U.S. citizen; circuit resident 2 yrs; licensed to practice law 8 yrs,"['Selection and retention methods and term lengths are prescribed by Sections 117, 118, and 119 of the Kentucky Constitution. ', '*The two candidates receiving the highest number of votes in the primary election compete in the general election. ', '**If the unexpired term ends at the next annual election, the appointment is for the remainder of the unexpired term. If the unexpired term does not end at the next annual election and that election is more than 3 months away, judges are appointed until the next election. If there are less than 3 months until the next annual election, the appointment is until the second succeeding annual election. Elections are for the remainder of the unexpired term. ']"
55,Louisiana,Supreme Court:,7,7,district,partisan election**,10 yrs,reelection,10 yrs,special election***,expiration of unexpired term,seniority,duration of service,10 yrs state practice; 1 yr district resident; maximum age of 70,"['Selection and retention methods and term lengths are prescribed by Article V of the Louisiana Constitution. ', '*Louisiana is divided into five circuits, and each circuit is divided into districts. Judges are elected from districts or at large within their circuits. ', '**Louisiana uses a blanket primary, in which all candidates appear with party labels on the primary ballot. The top two vote getters compete in the general election. ', '***Vacancies are filled within one year by special election called by the governor. In the interim, vacancies are filled by supreme court appointment. Appointees may not run in the special election. ']"
56,Louisiana,Court of Appeals:,53,5*,circuit/district*,partisan election**,10 yrs,reelection,10 yrs,special election***,expiration of unexpired term,seniority,duration of service,10 yrs state practice; 1 yr district/circuit resident; maximum age of 70,"['Selection and retention methods and term lengths are prescribed by Article V of the Louisiana Constitution. ', '*Louisiana is divided into five circuits, and each circuit is divided into districts. Judges are elected from districts or at large within their circuits. ', '**Louisiana uses a blanket primary, in which all candidates appear with party labels on the primary ballot. The top two vote getters compete in the general election. ', '***Vacancies are filled within one year by special election called by the governor. In the interim, vacancies are filled by supreme court appointment. Appointees may not run in the special election. ']"
57,Louisiana,District Court:,217,41,district,partisan election**,6 yrs,reelection,6 yrs,special election***,expiration of unexpired term,peer vote,varies by court,8 yrs state practice; 1 yr district resident; maximum age of 70,"['Selection and retention methods and term lengths are prescribed by Article V of the Louisiana Constitution. ', '*Louisiana is divided into five circuits, and each circuit is divided into districts. Judges are elected from districts or at large within their circuits. ', '**Louisiana uses a blanket primary, in which all candidates appear with party labels on the primary ballot. The top two vote getters compete in the general election. ', '***Vacancies are filled within one year by special election called by the governor. In the interim, vacancies are filled by supreme court appointment. Appointees may not run in the special election. ']"
58,Maine,Supreme Judicial Court:,7,--,statewide,gubernatorial appointment with senate confirmation*,7 yrs,gubernatorial reappointment with senate confirmation*,7 yrs,gubernatorial appointment with senate confirmation*,7 yrs,gubernatorial appointment,7 yrs,"""learned in the law""","['Selection and retention methods and term lengths are prescribed by Articles V andVI of the Maine Constitution. ', '*GovernorLePage established by executive order a fourteen-member judicial selection committee to ""advise [him] about matters related to judicial appointments and recommend candidates to fill vacancies."" Members include a representative from the attorney general\'s office and practicing attorneys. When a judicial vacancy occurs, the governor nominates a candidate to fill the vacancy. The legislature\'s joint standing committee on the judiciary recommends by majority vote that the nominee be confirmed or denied. The committee\'s recommendation is reviewed by the senate and becomes final unless two thirds of the senate votes to override the recommendation. ']"
59,Maine,Superior Court:,17,--,statewide,gubernatorial appointment with senate confirmation*,7 yrs,gubernatorial reappointment with senate confirmation*,7 yrs,gubernatorial appointment with senate confirmation*,7 yrs,chief justice,at pleasure of Chief Justice,"""learned in the law""","['Selection and retention methods and term lengths are prescribed by Articles V andVI of the Maine Constitution. ', '*GovernorLePage established by executive order a fourteen-member judicial selection committee to ""advise [him] about matters related to judicial appointments and recommend candidates to fill vacancies."" Members include a representative from the attorney general\'s office and practicing attorneys. When a judicial vacancy occurs, the governor nominates a candidate to fill the vacancy. The legislature\'s joint standing committee on the judiciary recommends by majority vote that the nominee be confirmed or denied. The committee\'s recommendation is reviewed by the senate and becomes final unless two thirds of the senate votes to override the recommendation. ']"
60,Maryland,Court of Appeals:,7,--,circuit,gubernatorial appointment from nominating commission with senate confirmation,at least one year,retention election,10 years,gubernatorial appointment from nominating commission with senate confirmation,first general election at least one year after vacancy,designated by governor,indefinite,U.S. and state citizen; registered to vote in state elections; state resident 5 yrs; circuit resident 6 mos; 30 yrs of age; state bar member; mandatory retirement age of 70,"['Selection and retention methods and term lengths are prescribed by Article IV of the Maryland Constitution and Executive Order 01.01.2007.08. ', '*The names of incumbent judges and challengers appear without party affiliation on both the Republican and Democratic primary ballots. The top votegetters in each primary compete in the general election. Ballots do not denote incumbents. ']"
61,Maryland,Court of Special Appeals:,13,--,circuit,gubernatorial appointment from nominating commission with senate confirmation,at least one year,retention election,10 years,gubernatorial appointment from nominating commission with senate confirmation,first general election at least one year after vacancy,designated by governor,indefinite,U.S. and state citizen; registered to vote in state elections; state resident 5 yrs; circuit resident 6 mos; 30 yrs of age; state bar member; mandatory retirement age of 70,"['Selection and retention methods and term lengths are prescribed by Article IV of the Maryland Constitution and Executive Order 01.01.2007.08. ', '*The names of incumbent judges and challengers appear without party affiliation on both the Republican and Democratic primary ballots. The top votegetters in each primary compete in the general election. Ballots do not denote incumbents. ']"
62,Maryland,Circuit Court:,153,--,county/city,gubernatorial appointment from nominating commission and/or nonpartisan election,at least one year,nonpartisan election*,15 years,gubernatorial appointment from nominating commission,first general election at least one year after vacancy,seniority,N/A,U.S. and state citizen; registered to vote in state elections; state resident 5 yrs; circuit resident 6 mos; 30 yrs of age; state bar member; mandatory retirement age of 70,"['Selection and retention methods and term lengths are prescribed by Article IV of the Maryland Constitution and Executive Order 01.01.2007.08. ', '*The names of incumbent judges and challengers appear without party affiliation on both the Republican and Democratic primary ballots. The top votegetters in each primary compete in the general election. Ballots do not denote incumbents. ']"
63,Massachusetts,Supreme Judicial Court:,7,--,statewide,gubernatorial appointment with approval of governor's council*,to age 70,N/A,N/A,gubernatorial appointment with governor's council approval*,N/A,gubernatorial appointment with governor's council approval*,to age 70,mandatory retirement age of 70,"['Selection and retention methods and term lengths are prescribed byPart II, ChaptersII andIIIof the Massachusetts Constitution and Executive Order 500. ', ""*The nominating commission screens applicants for the supreme judicial court at the governor's discretion. The governor's council, also referred to as the executive council, is a constitutionally authorized body that advises the governor on Massachusetts affairs.The eight-member council is elected annually by the voters of the Commonwealth. "", '**These qualifications are prescribed in Executive Order 500. ']"
64,Massachusetts,Appeals Court:,25,--,statewide,gubernatorial appointment from nominating commission with approval of governor's council*,to age 70,N/A,N/A,gubernatorial appointment from nominating commission with governor's council approval*,N/A,gubernatorial appointment from nominating commission with governor's council approval*,to age 70,U.S. citizen; state resident; state bar member in good standing; 13 yrs legal experience and training**; mandatory retirement age of 70,"['Selection and retention methods and term lengths are prescribed byPart II, ChaptersII andIIIof the Massachusetts Constitution and Executive Order 500. ', ""*The nominating commission screens applicants for the supreme judicial court at the governor's discretion. The governor's council, also referred to as the executive council, is a constitutionally authorized body that advises the governor on Massachusetts affairs.The eight-member council is elected annually by the voters of the Commonwealth. "", '**These qualifications are prescribed in Executive Order 500. ']"
65,Massachusetts,Superior Court:,82,--,statewide,gubernatorial appointment from nominating commission with approval of governor's council*,to age 70,N/A,N/A,gubernatorial appointment from nominating commission with governor's council approval*,N/A,selected by chief justice for administration and management,5 years,U.S. citizen; state resident; state bar member in good standing; 10 yrs legal experience and training**; mandatory retirement age of 70,"['Selection and retention methods and term lengths are prescribed byPart II, ChaptersII andIIIof the Massachusetts Constitution and Executive Order 500. ', ""*The nominating commission screens applicants for the supreme judicial court at the governor's discretion. The governor's council, also referred to as the executive council, is a constitutionally authorized body that advises the governor on Massachusetts affairs.The eight-member council is elected annually by the voters of the Commonwealth. "", '**These qualifications are prescribed in Executive Order 500. ']"
66,Michigan,Supreme Court:,7,--,statewide,partisan nomination; nonpartisan election*+,8 yrs,reelection,8 yrs,gubernatorial appointment**,next general election; serve remainder of unexpired term,peer vote,2 yrs,qualified elector; licensed to practice law in state; 5 yrs practice of law; less than 70 yrs of age,"['Selection and retention methods and term lengths are prescribed by Article VI of the Michigan Constitution. ', '*Candidates for open seats on the supreme court or who want to challenge incumbent justices must be nominated at party conventions or by nominating petition. Incumbent justices may file an affidavit of candidacy, asking to be placed on the ballot. Candidates for other courts are nominated in nonpartisan primary elections or by nominating petition. Incumbent judges may file an affidavit of candidacy. Candidates appear without party affiliation on the general election ballot, with incumbent judges designated as such. ', '**The standing committee on judicial qualifications of the State Bar of Michigan interviews, evaluates, and rates candidates for appointment to judicial vacancies as requested by the governor and submits a confidential report to the governor. ', '+Incumbency is designated on the ballot by including the current title of the judge up for reelection. The elections are also marked as incumbent positions. ']"
67,Michigan,Court of Appeals:,28,4,district,nonpartisan election*+,6 yrs,reelection,6 yrs,gubernatorial appointment**,next general election; serve remainder of unexpired term,supreme court appointment,2 yrs,qualified elector of district; licesed to practice law in state; 5 yrs practice of law; less than 70 yrs of age,"['Selection and retention methods and term lengths are prescribed by Article VI of the Michigan Constitution. ', '*Candidates for open seats on the supreme court or who want to challenge incumbent justices must be nominated at party conventions or by nominating petition. Incumbent justices may file an affidavit of candidacy, asking to be placed on the ballot. Candidates for other courts are nominated in nonpartisan primary elections or by nominating petition. Incumbent judges may file an affidavit of candidacy. Candidates appear without party affiliation on the general election ballot, with incumbent judges designated as such. ', '**The standing committee on judicial qualifications of the State Bar of Michigan interviews, evaluates, and rates candidates for appointment to judicial vacancies as requested by the governor and submits a confidential report to the governor. ', '+Incumbency is designated on the ballot by including the current title of the judge up for reelection. The elections are also marked as incumbent positions. ']"
68,Michigan,Circuit Court:,221,57,circuit,nonpartisan election*+,6 yrs,reelection,6 yrs,gubernatorial appointment**,next general election; serve remainder of unexpired term,supreme court appointment,2 yrs,qualified elector of circuit; licensed to practice law in state; 5 yrs practice of law; less than 70 yrs of age,"['Selection and retention methods and term lengths are prescribed by Article VI of the Michigan Constitution. ', '*Candidates for open seats on the supreme court or who want to challenge incumbent justices must be nominated at party conventions or by nominating petition. Incumbent justices may file an affidavit of candidacy, asking to be placed on the ballot. Candidates for other courts are nominated in nonpartisan primary elections or by nominating petition. Incumbent judges may file an affidavit of candidacy. Candidates appear without party affiliation on the general election ballot, with incumbent judges designated as such. ', '**The standing committee on judicial qualifications of the State Bar of Michigan interviews, evaluates, and rates candidates for appointment to judicial vacancies as requested by the governor and submits a confidential report to the governor. ', '+Incumbency is designated on the ballot by including the current title of the judge up for reelection. The elections are also marked as incumbent positions. ']"
69,Minnesota,Supreme Court:,7,-,statewide,nonpartisan election*+,6 yrs,reelection,6 yrs,gubernatorial appointment,next general election more than 1 yr after appointment,nonpartisan election,6 yrs,"""learned in the law;"" mandatory retirement at 70","['Selection and retention methods and term lengths are prescribed by Article VI of the Minnesota Constitution. ', '*The two candidates receiving the most votes in the primary election are placed on the ballot for the general election. ', ""+Incumbency is designated on the ballot by the word 'Incumbent' underneath the name of the current judge in the position up for reelection. ""]"
70,Minnesota,Court of Appeals:,16,--,statewide,nonpartisan election*+,6 yrs,reelection,6 yrs,gubernatorial appointment,next general election more than 1 yr after appointment,gubernatorial appointment,3 yrs,"""learned in the law;"" mandatory retirement at 70","['Selection and retention methods and term lengths are prescribed by Article VI of the Minnesota Constitution. ', '*The two candidates receiving the most votes in the primary election are placed on the ballot for the general election. ', ""+Incumbency is designated on the ballot by the word 'Incumbent' underneath the name of the current judge in the position up for reelection. ""]"
71,Minnesota,District Court:,289,10,district,nonpartisan election*+,6 yrs,reelection,6 yrs,gubernatorial appointment from nominating commission,next general election more than 1 yr after appointment,peer vote,2 yrs,"""learned in the law;"" mandatory retirement at 70","['Selection and retention methods and term lengths are prescribed by Article VI of the Minnesota Constitution. ', '*The two candidates receiving the most votes in the primary election are placed on the ballot for the general election. ', ""+Incumbency is designated on the ballot by the word 'Incumbent' underneath the name of the current judge in the position up for reelection. ""]"
72,Mississippi,Supreme Court:,9,3,district,nonpartisan election*,8 yrs,reelection,8 yrs,gubernatorial appointment,**,seniority,duration of service,practicing attorney 5 yrs; minimum age of 30; state citizen 5 yrs,"['Selection and retention methods and term lengths are prescribed by Article 6 of the Mississippi Constitutionand Section 9-4-5 of the MIssissippi Code. ', '*Judicial candidates run in the general election. If no candidate receives a majority of the vote, a runoff election between the top two candidates is held. ', '**According to a law passed in 2002, an appointee serves out the remainder of the unexpired term if four years or less remain on the term. If more than four years remain, the appointee runs in the next general election held more than nine months after the vacancy occurs and then serves the remainder of the term. ']"
73,Mississippi,Court of Appeals:,10,5,district,nonpartisan election*,8 yrs,reelection,8 yrs,gubernatorial appointment,**,chief justice appoints,4 yrs,practicing attorney 5 yrs; minimum age of 30; state citizen 5 yrs,"['Selection and retention methods and term lengths are prescribed by Article 6 of the Mississippi Constitutionand Section 9-4-5 of the MIssissippi Code. ', '*Judicial candidates run in the general election. If no candidate receives a majority of the vote, a runoff election between the top two candidates is held. ', '**According to a law passed in 2002, an appointee serves out the remainder of the unexpired term if four years or less remain on the term. If more than four years remain, the appointee runs in the next general election held more than nine months after the vacancy occurs and then serves the remainder of the term. ']"
74,Mississippi,Circuit Court:,51,22,district,nonpartisan election*,4 yrs,reelection,4 yrs,gubernatorial appointment,next general election held more than 9 mos after vacancy occurs,seniority,duration of service,practicing attorney 5 yrs; minimum age of 26; state citizen 5 yrs; district resident,"['Selection and retention methods and term lengths are prescribed by Article 6 of the Mississippi Constitutionand Section 9-4-5 of the MIssissippi Code. ', '*Judicial candidates run in the general election. If no candidate receives a majority of the vote, a runoff election between the top two candidates is held. ', '**According to a law passed in 2002, an appointee serves out the remainder of the unexpired term if four years or less remain on the term. If more than four years remain, the appointee runs in the next general election held more than nine months after the vacancy occurs and then serves the remainder of the term. ']"
75,Missouri,Supreme Court:,7,1,statewide,gubernatorial appointment from nominating commission,1-3 yrs,retention election,12 yrs,gubernatorial appointment from nominating commission,next general election after 1 yr in office,rotation with peer vote***,2 yrs,U.S. citizen 15 yrs; qualified state voter 9 yrs; licensed to practice in state; minimum age of 30; mandatory retirement age of 70,"['Selection andretention methods and term lengths are prescribed by Article V of theMissouri Constitution. ', '*The constitution establishes a merit selection process for circuit and associate circuit judges in the city of St. Louis and in Jackson County (Kansas City). The constitution also provides that, in other circuits, merit selection may be adopted with the approval of a majority of circuit voters. The question is submitted to the voters of a judicial circuit at the next general election upon the filing of a petition signed by 10% of the voters of each county in the circuit who voted in the last gubernatorial election. The question may not be submitted to voters more often than every four years. Merit selection has been adopted in this way in Clay, Platte, St. Louis, and GreeneCounties. In circuits that have already moved to merit selection, it may be discontinued through the same process. ', '**The circuit court consists of six divisions: a circuit division, an associate division, a probate division, a municipal division, a juvenile division, and a family court division. The circuit division exercises jurisdiction over all civil and criminal cases and is served by 135 circuit judges. The remaining divisions are served by circuit judges in conjunction with 175 associate circuit judges, 331 municipal judges, and various commissioners. Associate circuit judges are appointed in the same manner as circuit judges and serve four-year terms. Municipal judges are elected or appointed according to city ordinance or charter and serve terms of at least two years. Commissioners are appointed by circuit judges, usually to four-year terms. ', '***By tradition, the court elects the most senior justice who has not yet held the position. ']"
76,Missouri,Court of Appeals:,32,3,district,gubernatorial appointment from nominating commission,1-3 yrs,retention election,12 yrs,gubernatorial appointment from nominating commission,next general election after 1 yr in office,rotation with peer vote,2 yrs,U.S. citizen 15 yrs; district resident;  qualified state voter 9 yrs; licensed to practice in state; minimum age of 30; mandatory retirement age of 70,"['Selection andretention methods and term lengths are prescribed by Article V of theMissouri Constitution. ', '*The constitution establishes a merit selection process for circuit and associate circuit judges in the city of St. Louis and in Jackson County (Kansas City). The constitution also provides that, in other circuits, merit selection may be adopted with the approval of a majority of circuit voters. The question is submitted to the voters of a judicial circuit at the next general election upon the filing of a petition signed by 10% of the voters of each county in the circuit who voted in the last gubernatorial election. The question may not be submitted to voters more often than every four years. Merit selection has been adopted in this way in Clay, Platte, St. Louis, and GreeneCounties. In circuits that have already moved to merit selection, it may be discontinued through the same process. ', '**The circuit court consists of six divisions: a circuit division, an associate division, a probate division, a municipal division, a juvenile division, and a family court division. The circuit division exercises jurisdiction over all civil and criminal cases and is served by 135 circuit judges. The remaining divisions are served by circuit judges in conjunction with 175 associate circuit judges, 331 municipal judges, and various commissioners. Associate circuit judges are appointed in the same manner as circuit judges and serve four-year terms. Municipal judges are elected or appointed according to city ordinance or charter and serve terms of at least two years. Commissioners are appointed by circuit judges, usually to four-year terms. ', '***By tradition, the court elects the most senior justice who has not yet held the position. ']"
77,Missouri,Circuit Court:,141**,45,circuit,partisan election,6 yrs,reelection,6 yrs,gubernatorial appointment,next general election,elected by circuit and associate judges from among circuit judges,2 yrs,U.S. citizen 10 yrs; qualified state voter 3 yrs; circuit resident 1 yr; licensed to practice in state; minimum age of 30; mandatory retirement age of 70,"['Selection andretention methods and term lengths are prescribed by Article V of theMissouri Constitution. ', '*The constitution establishes a merit selection process for circuit and associate circuit judges in the city of St. Louis and in Jackson County (Kansas City). The constitution also provides that, in other circuits, merit selection may be adopted with the approval of a majority of circuit voters. The question is submitted to the voters of a judicial circuit at the next general election upon the filing of a petition signed by 10% of the voters of each county in the circuit who voted in the last gubernatorial election. The question may not be submitted to voters more often than every four years. Merit selection has been adopted in this way in Clay, Platte, St. Louis, and GreeneCounties. In circuits that have already moved to merit selection, it may be discontinued through the same process. ', '**The circuit court consists of six divisions: a circuit division, an associate division, a probate division, a municipal division, a juvenile division, and a family court division. The circuit division exercises jurisdiction over all civil and criminal cases and is served by 135 circuit judges. The remaining divisions are served by circuit judges in conjunction with 175 associate circuit judges, 331 municipal judges, and various commissioners. Associate circuit judges are appointed in the same manner as circuit judges and serve four-year terms. Municipal judges are elected or appointed according to city ordinance or charter and serve terms of at least two years. Commissioners are appointed by circuit judges, usually to four-year terms. ', '***By tradition, the court elects the most senior justice who has not yet held the position. ']"
78,Missouri,"Circuit Court (Kansas City, Springfield, St. Louis)*:",-,-,"""",gubernatorial appointment from nominating commission,"""",retention election,"""",gubernatorial appointment from nominating commission,next general election after 1 yr in office,"""","""","""","['Selection andretention methods and term lengths are prescribed by Article V of theMissouri Constitution. ', '*The constitution establishes a merit selection process for circuit and associate circuit judges in the city of St. Louis and in Jackson County (Kansas City). The constitution also provides that, in other circuits, merit selection may be adopted with the approval of a majority of circuit voters. The question is submitted to the voters of a judicial circuit at the next general election upon the filing of a petition signed by 10% of the voters of each county in the circuit who voted in the last gubernatorial election. The question may not be submitted to voters more often than every four years. Merit selection has been adopted in this way in Clay, Platte, St. Louis, and GreeneCounties. In circuits that have already moved to merit selection, it may be discontinued through the same process. ', '**The circuit court consists of six divisions: a circuit division, an associate division, a probate division, a municipal division, a juvenile division, and a family court division. The circuit division exercises jurisdiction over all civil and criminal cases and is served by 135 circuit judges. The remaining divisions are served by circuit judges in conjunction with 175 associate circuit judges, 331 municipal judges, and various commissioners. Associate circuit judges are appointed in the same manner as circuit judges and serve four-year terms. Municipal judges are elected or appointed according to city ordinance or charter and serve terms of at least two years. Commissioners are appointed by circuit judges, usually to four-year terms. ', '***By tradition, the court elects the most senior justice who has not yet held the position. ']"
79,Montana,Supreme Court:,7,--,statewide,nonpartisan election*,8 yrs,reelection,8 yrs,gubernatorial appointment from nominating commission with senate confirmation,hold office for remainder of unexpired term,nonpartisan election,8 yrs,U.S. citizen; state resident 2 yrs; admitted to practice law in Montana for at least 5 years prior to date of appointment/election,[]
80,Montana,District Court:,43,22,district,nonpartisan election*,6 yrs,reelection,6 yrs,gubernatorial appointment from nominating commission with senate confirmation,hold office for remainder of unexpired term,seniority/rotation,duration of service/1 yr,U.S. citizen; state resident 2 yrs; district resident; admitted to practice law in Montana for at least 5 yrs prior to date of appointment,[]
81,Nebraska,Supreme Court:,7,6,statewide (chief justice); district (associate justices),gubernatorial appointment from nominating commission,at least 3 yrs,retention election,6 yrs,gubernatorial appointment from nominating commission,next general election after 3 yrs in office,gubernatorial appointment from nominating commission,duration of service,U.S. citizen; > 3 yrs state resident; district resident; minimum age of 30; > 5 yrs state practice; state bar member,[]
82,Nebraska,Court of Appeals:,6,6,district,gubernatorial appointment from nominating commission,at least 3 yrs,retention election,6 yrs,gubernatorial appointment from nominating commission,next general election after 3 yrs in office,peer vote with supreme court approval,2 yrs,U.S. citizen; state resident; minimum age of 30; > 5 yrs state practice; state bar member,[]
83,Nebraska,District Court:,55,12,district,gubernatorial appointment from nominating commission,at least 3 yrs,retention election,6 yrs,gubernatorial appointment from nominating commission,next general election after 3 yrs in office,peer vote,1 yr,U.S. citizen; district resident; minimum age of 30; > 5 yrs state practice; state bar member,[]
84,Nevada,Supreme Court:,7,---,statewide,nonpartisan election,6 yrs,reelection,6 yrs,gubernatorial appointment from nominating commission,next general election; serve for remainder of unexpired term,rotates by seniority,2 yrs,"qualified elector; 2 yrs state resident; minimum age of 25; licensed and admitted to practice law in NV; 15 yrs licensed attorney, at least 2 in NV","['Selection and retention methods and term lengths are prescribed by Article 6 of the Nevada Constitution.', '*A chief judge is required in districts with a population of 100,000 or more, and in such districts, chief judges are chosen by peer vote. In other districts, a chief judge may be selected as needed.']"
85,Nevada,District Court:,72,9,district,nonpartisan election,6 yrs,reelection,6 yrs,gubernatorial appointment from nominating commission,next general election; serve for remainder of unexpired term,peer vote*,2 yrs*,"qualified elector; 2 yrs state resident; district resident; minimum age of 25; licensed and admitted to practice law in NV; 10 yrs licensed attorney, at least 2 in NV","['Selection and retention methods and term lengths are prescribed by Article 6 of the Nevada Constitution.', '*A chief judge is required in districts with a population of 100,000 or more, and in such districts, chief judges are chosen by peer vote. In other districts, a chief judge may be selected as needed.']"
86,New Hampshire,Supreme Court:,5,--,statewide,gubernatorial nomination from selection commission recommendation; appointment by the executive council*,to age 70,N/A,N/A,gubernatorial nomination from selection commission recommendation; appointment by the executive council*,N/A,gubernatorial nomination from selection commission recommendation; appointment by the executive council*,5 yrs or to age 70,mandatory retirement age of 70,"['Selection and retention methods and term lengths are prescribed by Articles 46and 73of the New Hampshire Constitution and Executive Order 2013-6. ', '*The executive council is a constitutionally authorized, five-member body charged with advising the governor. Council members are chosen every two years in partisan elections. ']"
87,New Hampshire,Superior Court:,22,--,statewide,gubernatorial nomination from selection commission recommendation; appointment by the executive council*,to age 70,N/A,N/A,gubernatorial nomination from selection commission recommendation; appointment by the executive council*,N/A,gubernatorial nomination from selection commission recommendation; appointment by the executive council*,to age 70,mandatory retirement age of 70,"['Selection and retention methods and term lengths are prescribed by Articles 46and 73of the New Hampshire Constitution and Executive Order 2013-6. ', '*The executive council is a constitutionally authorized, five-member body charged with advising the governor. Council members are chosen every two years in partisan elections. ']"
88,New Jersey,Supreme Court:,7,--,statewide,gubernatorial appointment with senate confirmation,7 yrs,gubernatorial reappointment with senate confirmation,until age 70,gubernatorial reappointment with senate confirmation,7 yrs,gubernatorial appointment with senate confirmation,duration of service,admitted to state practice for 10 yrs; mandatory retirement age of 70,"['Selection and retention methods and term lengths are prescribed by Article VI, Section VI of the New Jersey Constitution. ', '*Vicinage is from the Latin vicinus and means vicinity or neighborhood.In New Jersey, there are 15 vicinages and 21 counties.A vicinage consists of one county in more populous areas and two or three counties in less populous areas. ', '**The chief justice of the supreme court assigns superior court judges to the appellate division.Such assignments are for fixed terms. ', '***According to Executive Order #36, Governor Christie utilizes a judicial advisory panel in screening potential nominees for superior court judgeships. The judicial advisory panel is composed of up toseven members, at least five of whom must be retired judges and no more than two of whom may be non-lawyers or non-practicing lawyers. Panel members serve five-year terms. ', 'According to a compact with the governor, the judicial and prosecutorial appointments committee of the New Jersey State Bar Association conducts a confidential review of potential candidates for appointment and reappointment to the courts and rates them as “qualified” or “not qualified.” In most counties, senators allow county bar associations to be involved in identifying and screening potential judicial candidates. ']"
89,New Jersey,"Appellate Division, Superior Court:",34,--,**,**,**,**,**,**,**,designated by chief justice,indefinite,**,"['Selection and retention methods and term lengths are prescribed by Article VI, Section VI of the New Jersey Constitution. ', '*Vicinage is from the Latin vicinus and means vicinity or neighborhood.In New Jersey, there are 15 vicinages and 21 counties.A vicinage consists of one county in more populous areas and two or three counties in less populous areas. ', '**The chief justice of the supreme court assigns superior court judges to the appellate division.Such assignments are for fixed terms. ', '***According to Executive Order #36, Governor Christie utilizes a judicial advisory panel in screening potential nominees for superior court judgeships. The judicial advisory panel is composed of up toseven members, at least five of whom must be retired judges and no more than two of whom may be non-lawyers or non-practicing lawyers. Panel members serve five-year terms. ', 'According to a compact with the governor, the judicial and prosecutorial appointments committee of the New Jersey State Bar Association conducts a confidential review of potential candidates for appointment and reappointment to the courts and rates them as “qualified” or “not qualified.” In most counties, senators allow county bar associations to be involved in identifying and screening potential judicial candidates. ']"
90,New Jersey,Superior Court:,371,15 vicinages*,county,gubernatorial appointment with senate confirmation***,7 yrs,gubernatorial reappointment with senate confirmation,until age 70,gubernatorial reappointment with senate confirmation,7 yrs,designated by chief justice,indefinite,admitted to state practice for 10 yrs; mandatory retirement age of 70,"['Selection and retention methods and term lengths are prescribed by Article VI, Section VI of the New Jersey Constitution. ', '*Vicinage is from the Latin vicinus and means vicinity or neighborhood.In New Jersey, there are 15 vicinages and 21 counties.A vicinage consists of one county in more populous areas and two or three counties in less populous areas. ', '**The chief justice of the supreme court assigns superior court judges to the appellate division.Such assignments are for fixed terms. ', '***According to Executive Order #36, Governor Christie utilizes a judicial advisory panel in screening potential nominees for superior court judgeships. The judicial advisory panel is composed of up toseven members, at least five of whom must be retired judges and no more than two of whom may be non-lawyers or non-practicing lawyers. Panel members serve five-year terms. ', 'According to a compact with the governor, the judicial and prosecutorial appointments committee of the New Jersey State Bar Association conducts a confidential review of potential candidates for appointment and reappointment to the courts and rates them as “qualified” or “not qualified.” In most counties, senators allow county bar associations to be involved in identifying and screening potential judicial candidates. ']"
91,New Mexico,Supreme Court:,5,--,statewide,partisan election*,remainder of unexpired term*,retention election**,8 yrs,gubernatorial appointment from nominating commission,next general election*,peer vote***,2 yrs,minimum age of 35; 10 yrs legal practice; state resident 3 yrs,"['Selection and retention methods and term lengths are prescribed by Article VI of the New Mexico Constitution. ', '*All judicial vacancies are filled by the governor from a list of candidates recommended by a judicial nominating commission. The appointee must then compete in a partisan election at the next general election to serve the remainder of the unexpired term. ', '**Judges must receive at least 57% in affirmative votes to be retained. ', '***By tradition, the court elects the most senior justice who has not yet held the position. ']"
92,New Mexico,Court of Appeals:,10,--,statewide,partisan election*,remainder of unexpired term*,retention election**,8 yrs,gubernatorial appointment from nominating commission,next general election*,peer vote,2 yrs,minimum age of 35; 10 yrs legal practice; state resident 3 yrs,"['Selection and retention methods and term lengths are prescribed by Article VI of the New Mexico Constitution. ', '*All judicial vacancies are filled by the governor from a list of candidates recommended by a judicial nominating commission. The appointee must then compete in a partisan election at the next general election to serve the remainder of the unexpired term. ', '**Judges must receive at least 57% in affirmative votes to be retained. ', '***By tradition, the court elects the most senior justice who has not yet held the position. ']"
93,New Mexico,District Court:,84,13,district,partisan election*,remainder of unexpired term*,retention election**,6 yrs,gubernatorial appointment from nominating commission,next general election*,varies by district,varies by district,minimum age of 35; 6 yrs legal practice; state resident 3 yrs; district resident,"['Selection and retention methods and term lengths are prescribed by Article VI of the New Mexico Constitution. ', '*All judicial vacancies are filled by the governor from a list of candidates recommended by a judicial nominating commission. The appointee must then compete in a partisan election at the next general election to serve the remainder of the unexpired term. ', '**Judges must receive at least 57% in affirmative votes to be retained. ', '***By tradition, the court elects the most senior justice who has not yet held the position. ']"
94,New York,Court of Appeals:,7,--,statewide,gubernatorial appointment from nominating commission with senate consent,14 yrs,gubernatorial appointment from nominating commission with senate consent,14 yrs,gubernatorial apppointment from nominating commission with senate consent,14 yrs,gubernatorial appointment from nominating commission with senate consent,14 yrs,state resident; state practice > 10 yrs; mandatory retirement age of 70,"['Selection andretention methods and term lengths are prescribed by Article VI of the New York Constitutionand by Executive Order No. 15. ', '*The presiding justice of each appellate division must be a resident of the department. ', '**Justices of the appellate division are chosen from all justices elected to the supreme court. ', '***Candidates are chosen at partisan nominating conventions. ', '****The chief administrative judge of New York appoints one deputy chief administrative judge to supervise the trial courts of New York City and one to supervise trial courts outside New York City. Administrative judges are also assigned in each judicial district and in each of the major New York City courts. ']"
95,New York,"Appellate Division, Supreme Court:",60,4 departments,statewide*,gubernatorial appointment from nominating commission**,"5 yrs or through end of supreme court term, whichever is shorter",gubernatorial appointment from nominating commission**,5 yrs,gubernatorial appointment from nominating commission**,"serve 5 yrs or through end of supreme court term, whichever is shorter",gubernatorial appointment from nominating commission,serves through end of supreme court term,state resident; state practice > 10 yrs; minimum age of 18; mandatory retirement ae of 70,"['Selection andretention methods and term lengths are prescribed by Article VI of the New York Constitutionand by Executive Order No. 15. ', '*The presiding justice of each appellate division must be a resident of the department. ', '**Justices of the appellate division are chosen from all justices elected to the supreme court. ', '***Candidates are chosen at partisan nominating conventions. ', '****The chief administrative judge of New York appoints one deputy chief administrative judge to supervise the trial courts of New York City and one to supervise trial courts outside New York City. Administrative judges are also assigned in each judicial district and in each of the major New York City courts. ']"
96,New York,Supreme Court:,324,12 districts,district,partisan election***,14 yrs,reelection,14 yrs,gubernatorial appointment from nominatng commission with senate consent,next general election more than 3 months after vacancy,****,****,state resident; state practice > 10 yrs; minimum age of 18; mandatory retirement age of 70,"['Selection andretention methods and term lengths are prescribed by Article VI of the New York Constitutionand by Executive Order No. 15. ', '*The presiding justice of each appellate division must be a resident of the department. ', '**Justices of the appellate division are chosen from all justices elected to the supreme court. ', '***Candidates are chosen at partisan nominating conventions. ', '****The chief administrative judge of New York appoints one deputy chief administrative judge to supervise the trial courts of New York City and one to supervise trial courts outside New York City. Administrative judges are also assigned in each judicial district and in each of the major New York City courts. ']"
97,New York,County Court:,125,57 counties outside NYC,county,partisan election,10 yrs,reelection,10 yrs,gubernatorial appointment from nominating commission with senate consent,next general election more than 3 months after vacancy,****,****,state resident; county resident; state practice > 5 yrs; minimum age of 18; mandatory retirement age of 70,"['Selection andretention methods and term lengths are prescribed by Article VI of the New York Constitutionand by Executive Order No. 15. ', '*The presiding justice of each appellate division must be a resident of the department. ', '**Justices of the appellate division are chosen from all justices elected to the supreme court. ', '***Candidates are chosen at partisan nominating conventions. ', '****The chief administrative judge of New York appoints one deputy chief administrative judge to supervise the trial courts of New York City and one to supervise trial courts outside New York City. Administrative judges are also assigned in each judicial district and in each of the major New York City courts. ']"
98,North Carolina,Supreme Court:,7,--,statewide,partisan election,8 yrs,reelection,8 yrs,gubernatorial appointment,next general election more than 60 days after vacancy occurred,nonpartisan election,8 yrs,licensed to practice law in state; mandatory retirement age of 72,"[' Selection and retention methods and term lengths are prescribed by Article IV of the North Carolina Constitution.  ', ' *The superior court is also divided into eight divisions. Every six months, superior court judges rotate among the districts within their division  ']"
99,North Carolina,Court of Appeals:,15,--,statewide,partisan election,8 yrs,reelection,8 yrs,gubernatorial appointment,next general election more than 60 days after vacancy occurred,chief justice appoints,indefinite,licensed to practice law in state; mandatory retirement age of 72,"[' Selection and retention methods and term lengths are prescribed by Article IV of the North Carolina Constitution.  ', ' *The superior court is also divided into eight divisions. Every six months, superior court judges rotate among the districts within their division  ']"
100,North Carolina,Superior Court:,95,65*,district,nonpartisan election,8 yrs,reelection,8 yrs,merit selection,next general election more than 60 days after vacancy occurred; serve remainder of unexpired term,seniority,indefinite,licensed to practice law in state; mandatory retirement age of 72,"[' Selection and retention methods and term lengths are prescribed by Article IV of the North Carolina Constitution.  ', ' *The superior court is also divided into eight divisions. Every six months, superior court judges rotate among the districts within their division  ']"
101,North Dakota,Supreme Court:,5,---,statewide,nonpartisan election**,10 yrs,reelection,10 yrs,gubernatorial appointment from nominating commission***,next general election after 2 yrs in office; hold office for remainder of unexpired term,selected by judges of supreme court and district courts,5 yrs,U.S. and state citizen; licensed attorney,"['Selection and retention methods and term lengths are prescribed by Article VI of the North Dakota Constitution.', '*Cases assigned to the court of appeals by the supreme court are heard by three-judge panels. ', '**The two candidates receiving the highest number of votes in the primary election run in the general election, provided that each candidate receives at least as many votes as the number of signatures required to be placed on the primary ballot. ', '***In the alternative, the governor may call a special election to fill the vacancy ']"
102,North Dakota,Court of Appeals:,*,---,---,"chosen from among active and retired district judges, retired supreme court justices, and attorneys",up to 1 yr,---,---,---,---,---,---,---,"['Selection and retention methods and term lengths are prescribed by Article VI of the North Dakota Constitution.', '*Cases assigned to the court of appeals by the supreme court are heard by three-judge panels. ', '**The two candidates receiving the highest number of votes in the primary election run in the general election, provided that each candidate receives at least as many votes as the number of signatures required to be placed on the primary ballot. ', '***In the alternative, the governor may call a special election to fill the vacancy ']"
103,North Dakota,District Court:,42,7,district,nonpartisan election**,6 yrs,reelection,6 yrs,gubernatorial appointment from nominating commission***,next general election after 2 yrs in office; hold office for remainder of unexpired term,elected by judges in each district,3 yrs,U.S. and state citizen; licensed attorney,"['Selection and retention methods and term lengths are prescribed by Article VI of the North Dakota Constitution.', '*Cases assigned to the court of appeals by the supreme court are heard by three-judge panels. ', '**The two candidates receiving the highest number of votes in the primary election run in the general election, provided that each candidate receives at least as many votes as the number of signatures required to be placed on the primary ballot. ', '***In the alternative, the governor may call a special election to fill the vacancy ']"
104,Ohio,Supreme Court:,7,--,statewide,partisan primary; nonpartisan general election,6 yrs,reelection,6 yrs,gubernatorial appointment*,at the first general election held more than 40 days after the vacancy occurs; hold office for remainder of unexpired term**,popular election,6 yrs,6 yrs practice of law; maximum age of 70,"['Selection and retention methods and judicial term lengths are prescribed in Article 6 of the Ohio Constitution. ', '*In 2007, Governor Strickland created a judicial appointments recommendation panel toevaluate the qualifications of applicants for judicial vacancies and make non-binding recommendations for appointment. ', '**When the unexpired term ends within one year immediately following the next general election, the appointment is for the unexpired term. ']"
105,Ohio,Court of Appeals:,68,12,appellate district,partisan primary; nonpartisan general election,6 yrs,reelection,6 yrs,gubernatorial appointment*,at the first general election held more than 40 days after the vacancy occurs; hold office for remainder of unexpired term**,peer vote,1 yr,6 yrs practice of law; resident of district; maximum age of 70,"['Selection and retention methods and judicial term lengths are prescribed in Article 6 of the Ohio Constitution. ', '*In 2007, Governor Strickland created a judicial appointments recommendation panel toevaluate the qualifications of applicants for judicial vacancies and make non-binding recommendations for appointment. ', '**When the unexpired term ends within one year immediately following the next general election, the appointment is for the unexpired term. ']"
106,Ohio,Court of Common Pleas:,391,88,county,partisan primary; nonpartisan general election,6 yrs,reelection,6 yrs,gubernatorial appointment*,at the first general election held more than 40 days after the vacancy occurs; hold office for remainder of unexpired term**,peer vote,1 yr,6 yrs practice of law; resident of county; maximum age of 70,"['Selection and retention methods and judicial term lengths are prescribed in Article 6 of the Ohio Constitution. ', '*In 2007, Governor Strickland created a judicial appointments recommendation panel toevaluate the qualifications of applicants for judicial vacancies and make non-binding recommendations for appointment. ', '**When the unexpired term ends within one year immediately following the next general election, the appointment is for the unexpired term. ']"
107,Oklahoma,Supreme Court:,9,9,district,gubernatorial appointment through nominating commission,at least 1 yr,retention election,6 yrs,gubernatorial appointment from nominating commission,next general election; hold office for remainder of unexpired term,peer vote,2 yrs,30 yrs of age; qualified elector in district > 1 yr; licensed to practice or judge of court of record > 5 yrs,"['Selection and retention methods and term lengths are prescribed by Articles 7 and 7B of the Oklahoma Constitutionand Title 20, Section 30-18 of the Oklahoma Statutes. ', '*Number does not include district associate judges and special judges. ', '**A nonpartisan primary is held if more than two candidates file for a district court judgeship. If a candidate wins a majority of votes in the primary, the candidate is elected and does not run in the general election. ']"
108,Oklahoma,Court of Criminal Appeals:,5,5,district,gubernatorial appointment through nominating commission,at least 1 yr,retention election,6 yrs,gubernatorial appointment from nominating commission,next general election; hold office for remainder of unexpired term,peer vote,2 yrs,30 yrs of age; qualified elector in district > 1 yr; licensed to practice or judge of court of record > 5 yrs,"['Selection and retention methods and term lengths are prescribed by Articles 7 and 7B of the Oklahoma Constitutionand Title 20, Section 30-18 of the Oklahoma Statutes. ', '*Number does not include district associate judges and special judges. ', '**A nonpartisan primary is held if more than two candidates file for a district court judgeship. If a candidate wins a majority of votes in the primary, the candidate is elected and does not run in the general election. ']"
109,Oklahoma,Court of Civil Appeals:,12,6,district,gubernatorial appointment through nominating commission,at least 1 yr,retention election,6 yrs,gubernatorial appointment from nominating commission,next general election; hold office for remainder of unexpired term,peer vote,1 yr,qualified elector in district > 1 yr; licensed to practice or  judge of court of record > 4 yrs,"['Selection and retention methods and term lengths are prescribed by Articles 7 and 7B of the Oklahoma Constitutionand Title 20, Section 30-18 of the Oklahoma Statutes. ', '*Number does not include district associate judges and special judges. ', '**A nonpartisan primary is held if more than two candidates file for a district court judgeship. If a candidate wins a majority of votes in the primary, the candidate is elected and does not run in the general election. ']"
110,Oklahoma,District Court:,75*,26,district,nonpartisan election**,4 yrs,reelection,4 yrs,gubernatorial appointment from nominating commission,next general election; hold office for remainder of unexpired term,peer vote,1 yr,qualified elector in district > 1 yr; licensed to practice or  judge of court of record > 4 yrs,"['Selection and retention methods and term lengths are prescribed by Articles 7 and 7B of the Oklahoma Constitutionand Title 20, Section 30-18 of the Oklahoma Statutes. ', '*Number does not include district associate judges and special judges. ', '**A nonpartisan primary is held if more than two candidates file for a district court judgeship. If a candidate wins a majority of votes in the primary, the candidate is elected and does not run in the general election. ']"
111,Oregon,Supreme Court:,7,--,statewide,nonpartisan election*+,6 yrs,reelection,6 yrs,gubernatorial appointment,next general election more than 60 days after appointment,peer vote,6 yrs,U.S. citizen; state resident 3 yrs; state bar member; mandatory retirement age of 75,"['Selection and retention methods and term lengths are prescribed byArticle VII (Amended) of the OregonConstitution. ', '*The two candidates receiving the greatest number of votes in the primary election compete in the general election. ', ""+Incumbency is designated on the ballot by the word 'Incumbent' underneath the name of the current judge in the position up for reelection. ""]"
112,Oregon,Court of Appeals:,10,--,statewide,nonpartisan election*+,6 yrs,reelection,6 yrs,gubernatorial appointment,next general election more than 60 days after appointment,chief justice appoints,2 yrs,elector of county of residence; state bar member; mandatory retirement age of 75,"['Selection and retention methods and term lengths are prescribed byArticle VII (Amended) of the OregonConstitution. ', '*The two candidates receiving the greatest number of votes in the primary election compete in the general election. ', ""+Incumbency is designated on the ballot by the word 'Incumbent' underneath the name of the current judge in the position up for reelection. ""]"
113,Oregon,Circuit Court:,173,27,district,nonpartisan election*+,6 yrs,reelection,6 yrs,gubernatorial appointment,next general election more than 60 days after appointment,chief justice appoints,2 yrs,U.S. citizen; state resident 3 yrs; circuit resident 1 yr; state bar member; mandatory retirement age of 75,"['Selection and retention methods and term lengths are prescribed byArticle VII (Amended) of the OregonConstitution. ', '*The two candidates receiving the greatest number of votes in the primary election compete in the general election. ', ""+Incumbency is designated on the ballot by the word 'Incumbent' underneath the name of the current judge in the position up for reelection. ""]"
114,Pennsylvania,Supreme Court:,7,1,statewide,partisan election*,10 yrs,retention election,10 yrs,gubernatorial appointment with two-thirds senate approval,next municipal election more than 10 mos after vacancy occurs or upon expiration of term**,seniority,duration of term,1 yr state resident; maximum age of 70; state bar member,"['Selection and retention methods and term lengths are prescribed by Article V of the Pennsylvania Constitution. ', '*If more than one open seat is being filled, all of the candidates run at large and the top vote getters fill the open seats. ', '**By tradition, interim appointees to the appellate courts do not stand for election. ']"
115,Pennsylvania,Superior Court:,15,1,statewide,partisan election*,10 yrs,retention election,10 yrs,gubernatorial appointment with two-thirds senate approval,next municipal election more than 10 mos after vacancy occurs or upon expiration of term**,peer vote,5 yrs,1 yr state resident; maximum age of 70; state bar member,"['Selection and retention methods and term lengths are prescribed by Article V of the Pennsylvania Constitution. ', '*If more than one open seat is being filled, all of the candidates run at large and the top vote getters fill the open seats. ', '**By tradition, interim appointees to the appellate courts do not stand for election. ']"
116,Pennsylvania,Commonwealth Court:,9,1,statewide,partisan election*,10 yrs,retention election,10 yrs,gubernatorial appointment with two-thirds senate approval,next municipal election more than 10 mos after vacancy occurs or upon expiration of term**,peer vote,5 yrs,1 yr state resident; maximum age of 70; state bar member,"['Selection and retention methods and term lengths are prescribed by Article V of the Pennsylvania Constitution. ', '*If more than one open seat is being filled, all of the candidates run at large and the top vote getters fill the open seats. ', '**By tradition, interim appointees to the appellate courts do not stand for election. ']"
117,Pennsylvania,Court of Common Pleas:,439,60,district,partisan election*,10 yrs,retention election,10 yrs,gubernatorial appointment with two-thirds senate approval,next municipal election more than 10 mos after vacancy occurs or upon expiration of term,seniority or peer vote,5 yrs,1 yr district resident; maximum age of 70; state bar member,"['Selection and retention methods and term lengths are prescribed by Article V of the Pennsylvania Constitution. ', '*If more than one open seat is being filled, all of the candidates run at large and the top vote getters fill the open seats. ', '**By tradition, interim appointees to the appellate courts do not stand for election. ']"
118,Rhode Island,Supreme Court:,5,1,statewide,gubernatorial appointment from nominating commission with house and senate confirmation,life,N/A,N/A,gubernatorial appointment from nominating commission with house and senate confirmation,N/A,gubernatorial appointment from nominating commission with house and senate confirmation,life,attorney; licensed in state; state bar member in good standing,[]
119,Rhode Island,Superior Court:,22,1,statewide,gubernatorial appointment from nominating commission with senate confirmation,life,N/A,N/A,gubernatorial appointment from nominating commission with senate confirmation,N/A,gubernatorial appointment from nominating commission with senate confirmation,life,attorney; licensed in state; state bar member in good standing,[]
120,South Carolina,Supreme Court:,5,--,statewide,legislative election,10 yrs,legislative reelection,10 yrs,legislative election*,upon completion of unexpired term,legislative election,10 yrs,U.S. citizen; 32-72 yrs of age; state resident 5 yrs; licensed attorney 8 yrs,"['Selection and retention methods and term lengths are prescribedby Article V of the South Carolina Constitution. ', '*If the length of the unexpired term is less than one year, the governor may fill the vacancy.']"
121,South Carolina,Court of Appeals:,9,--,statewide,legislative election,6 yrs,legislative reelection,6 yrs,legislative election*,upon completion of unexpired term,legislative election,6 yrs,U.S. citizen; 32-72 yrs old; state resident 5 yrs; licensed attorney 8 yrs,"['Selection and retention methods and term lengths are prescribedby Article V of the South Carolina Constitution. ', '*If the length of the unexpired term is less than one year, the governor may fill the vacancy.']"
122,South Carolina,Circuit Court:,46,16,circuit & at-large,legislative election,6 yrs,legislative reelection,6 yrs,legislative election*,upon completion of unexpired term,designation by chief justice of the supreme court,6 months,U.S. citizen; 32-72 yrs of age; state resident 5 yrs; licensed attorney 8 yrs,"['Selection and retention methods and term lengths are prescribedby Article V of the South Carolina Constitution. ', '*If the length of the unexpired term is less than one year, the governor may fill the vacancy.']"
123,South Dakota,Supreme Court:,5,5,district appointment; statewide retention,gubernatorial appointment from nominating commission,at least 3 yrs,retention election,8 yrs,gubernatorial appointment from nominating commission,next general election after 3 yrs in office,peer vote,4 yrs,U.S. citizen; state resident; voting resident within district; licensed to practice law in state; mandatory retirement age of 70,"['Selection and retention methods and term lengths are prescribed by Article V of the South Dakota Constitution. ', '*If more than two candidates file for a judicial position, the two candidates receiving the highest number of votes in the primary election run in the general election. If no more than two candidates file for a judicial position, no primary election is held for the position. ']"
124,South Dakota,Circuit Court:,39,7,circuit,nonpartisan election*,8 yrs,reelection,8 yrs,gubernatorial appointment from nominating commission,hold office for remainder of unexpired term,chief justice appoints,at pleasure of chief justice,U.S. citizen; state resident; voting resident within circuit; licensed to practice law in state; mandatory retirement age of 70,"['Selection and retention methods and term lengths are prescribed by Article V of the South Dakota Constitution. ', '*If more than two candidates file for a judicial position, the two candidates receiving the highest number of votes in the primary election run in the general election. If no more than two candidates file for a judicial position, no primary election is held for the position. ']"
125,Tennessee,Supreme Court:,5,1,statewide,gubernatorial appointment with joint House/Senate confirmation,until next general election at least 30 days after vacancy occurred,retention election,8 yrs,gubernatorial appointment with joint House/Senate confirmation,next general election at least 30 days after vacancy occurred; hold office for remainder of unexpired term,peer vote,4 yrs,authorized to practice law in state; minimum age of 35; state resident 5 yrs,"['Selection and retention methods and term lengths are prescribed by Article VI of the Tennessee Constitution and Title 17, Chapter 4 of the Tennessee Code. ', '*Per statute, each county legislative body has the discretion to require elections to be conducted in a nonpartisan manner. ']"
126,Tennessee,Court of Appeals:,12,1,statewide,gubernatorial appointment with joint House/Senate confirmation,until next general election at least 30 days after vacancy occurred,retention election,8 yrs,gubernatorial appointment with joint House/Senate confirmation,next general election at least 30 days after vacancy occurred; hold office for remainder of unexpired term,peer vote,1 yr,authorized to practice law in state; minimum age of 30; state resident 5 yrs and district resident 1 yr,"['Selection and retention methods and term lengths are prescribed by Article VI of the Tennessee Constitution and Title 17, Chapter 4 of the Tennessee Code. ', '*Per statute, each county legislative body has the discretion to require elections to be conducted in a nonpartisan manner. ']"
127,Tennessee,Court of Criminal Appeals:,12,1,statewide,gubernatorial appointment with joint House/Senate confirmation,until next general election at least 30 days after vacancy occurred,retention election,8 yrs,gubernatorial appointment with joint House/Senate confirmation,next general election at least 30 days after vacancy occurred; hold office for remainder of unexpired term,peer vote,1 yr,authorized to practice law in state; minimum age of 30; state resident 5 yrs and district resident 1 yr,"['Selection and retention methods and term lengths are prescribed by Article VI of the Tennessee Constitution and Title 17, Chapter 4 of the Tennessee Code. ', '*Per statute, each county legislative body has the discretion to require elections to be conducted in a nonpartisan manner. ']"
128,Tennessee,Chancery Court:,35,27,district,partisan election*,8 yrs,reelection,8 yrs,gubernatorial appointment from nominating commission,next general election at least 30 days after vacancy occurred; hold office for remainder of unexpired term,a presiding judge is selected in each judicial district,1 yr,authorized to practice law in state; minimum age of 30; state resident 5 yrs and district resident 1 yr,"['Selection and retention methods and term lengths are prescribed by Article VI of the Tennessee Constitution and Title 17, Chapter 4 of the Tennessee Code. ', '*Per statute, each county legislative body has the discretion to require elections to be conducted in a nonpartisan manner. ']"
129,Tennessee,Criminal Court:,33,13,district,partisan election*,8 yrs,reelection,8 yrs,gubernatorial appointment from nominating commission,next general election at least 30 days after vacancy occurred; hold office for remainder of unexpired term,a presiding judge is selected in each judicial district,1 yr,authorized to practice law in state; minimum age of 30; state resident 5 yrs and district resident 1 yr,"['Selection and retention methods and term lengths are prescribed by Article VI of the Tennessee Constitution and Title 17, Chapter 4 of the Tennessee Code. ', '*Per statute, each county legislative body has the discretion to require elections to be conducted in a nonpartisan manner. ']"
130,Tennessee,Circuit Court:,85,31,district,partisan election*,8 yrs,reelection,8 yrs,gubernatorial appointment from nominating commission,next general election at least 30 days after vacancy occurred; hold office for remainder of unexpired term,a presiding judge is selected in each judicial district,1 yr,authorized to practice law in state; minimum age of 30; state resident 5 yrs and district resident 1 yr,"['Selection and retention methods and term lengths are prescribed by Article VI of the Tennessee Constitution and Title 17, Chapter 4 of the Tennessee Code. ', '*Per statute, each county legislative body has the discretion to require elections to be conducted in a nonpartisan manner. ']"
131,Tennessee,Probate Court:,2,1,district,partisan election*,8 yrs,reelection,8 yrs,gubernatorial appointment from nominating commission,next general election at least 30 days after vacancy occurred; hold office for remainder of unexpired term,--,--,authorized to practice law in state; minimum age of 30; state resident 5 yrs and district resident 1 yr,"['Selection and retention methods and term lengths are prescribed by Article VI of the Tennessee Constitution and Title 17, Chapter 4 of the Tennessee Code. ', '*Per statute, each county legislative body has the discretion to require elections to be conducted in a nonpartisan manner. ']"
132,Texas,Supreme Court:,9,--,statewide,partisan election,6 yrs,reelection,6 yrs,gubernatorial appointment with senate approval,next general election; hold office for remainder of unexpired term,popular election,6 yrs,U.S. citizen; state resident; licensed in state; between 35 yrs and 74 yrs of age; 10 yrs practicing lawyer and/or judge*,"['Selection and retention methods and term lengths are prescribed by Article 5 of the Texas Constitution.', '*In 2007, Texas voters approved a constitutional amendment allowing judges who reached mandatory retirement age to finish their term of office.']"
133,Texas,Court of Criminal Appeals:,9,--,statewide,partisan election,6 yrs,reelection,6 yrs,gubernatorial appointment with senate approval,next general election; hold office for remainder of unexpired term,popular election,6 yrs,U.S. citizen; state resident; licensed in state; between 35 yrs and 74 yrs of age; 10 yrs practicing lawyer and/or judge*,"['Selection and retention methods and term lengths are prescribed by Article 5 of the Texas Constitution.', '*In 2007, Texas voters approved a constitutional amendment allowing judges who reached mandatory retirement age to finish their term of office.']"
134,Texas,Court of Appeals:,80,14,district,partisan election,6 yrs,reelection,6 yrs,gubernatorial appointment with senate approval,next general election; hold office for remainder of unexpired term,popular election,6 yrs,U.S. citizen; state resident; licensed in state; between 35 yrs and 74 yrs of age; 10 yrs practicing lawyer and/or judge*,"['Selection and retention methods and term lengths are prescribed by Article 5 of the Texas Constitution.', '*In 2007, Texas voters approved a constitutional amendment allowing judges who reached mandatory retirement age to finish their term of office.']"
135,Texas,District Court:,433,432,district,partisan election,4 yrs,reelection,4 yrs,gubernatorial appointment with senate approval,next general election; hold office for remainder of unexpired term,--,--,U.S. citizen; state resident; licensed in state; between 25 yrs and 74 yrs of age; 4 yrs practicing lawyer and/or state judge; resident of judicial district 2 yrs*,"['Selection and retention methods and term lengths are prescribed by Article 5 of the Texas Constitution.', '*In 2007, Texas voters approved a constitutional amendment allowing judges who reached mandatory retirement age to finish their term of office.']"
136,Utah,Supreme Court:,5,--,statewide,gubernatorial appointment from nominating commission with senate confirmation,at least 3 yrs,retention election,10 yrs,gubernatorial appointment from nominating commission with senate confirmation,first general election more than 3 yrs after appointment,peer vote,4 yrs,U.S. citizen; state resident 5 yrs; 30 yrs of age; admitted to practice law in state; mandatory retirement at 75,[]
137,Utah,Court of Appeals:,7,--,statewide,gubernatorial appointment from nominating commission with senate confirmation,at least 3 yrs,retention election,6 yrs,gubernatorial appointment from nominating commission with senate confirmation,first general election more than 3 yrs after appointment,peer vote,2 yrs,U.S. citizen; state resident 3 yrs; 25 yrs of age; admitted to practice law in state; mandatory retirement at 75,[]
138,Utah,District Court:,70,8,district,gubernatorial appointment from nominating commission with senate confirmation,at least 3 yrs,retention election,6 yrs,gubernatorial appointment from nominating commission with senate confirmation,first general election more than 3 yrs after appointment,peer vote,2 yrs,U.S. citizen; state resident 3 yrs; 25 yrs of age; admitted to practice law in state; mandatory retirement at 75,[]
139,Vermont,Supreme Court:,5,--,statewide,gubernatorial appointment from nominating commission with senate confirmation,6 yrs,vote of general assembly,6 yrs,gubernatorial appointment from nominating commission with senate confirmation,expiration of unexpired term,gubernatorial appointment from nominating commission with senate confirmation,6 yrs,attorney who has practiced law or served as judge in state for more than 5 of the last 10 yrs; mandatory retirement at 70,"['Selection and retention methods and term lengths are prescribed by Chapter 2, Sections 32, 33, and 34 of the Vermont Constitution.', 'Each county is also served by two assistant judges, who are chosen in partisan elections and serve four- year terms. Assistant judges have limited power and are not required to be attorneys.', '*Superior Court and District Court judges also serve as Family Court judges. ']"
140,Vermont,Superior Court:,12*,14,statewide,gubernatorial appointment from nominating commission with senate confirmation,6 yrs,vote of general assembly,6 yrs,gubernatorial appointment from nominating commission with senate confirmation,expiration of unexpired term,administrative judge for trial courts appointed by supreme court,appointed to 4 yr term but may be removed by supreme court,attorney who has practiced law or served as judge in state for more than 5 of the last 10 yrs; mandatory retirement at 70,"['Selection and retention methods and term lengths are prescribed by Chapter 2, Sections 32, 33, and 34 of the Vermont Constitution.', 'Each county is also served by two assistant judges, who are chosen in partisan elections and serve four- year terms. Assistant judges have limited power and are not required to be attorneys.', '*Superior Court and District Court judges also serve as Family Court judges. ']"
141,Vermont,District Court:,17*,14,statewide,gubernatorial appointment from nominating commission with senate confirmation,6 yrs,vote of general assembly,6 yrs,gubernatorial appointment from nominating commission with senate confirmation,expiration of unexpired term,administrative judge for trial courts appointed by supreme court,appointed to 4 yr term but may be removed by supreme court,attorney who has practiced law or served as judge in state for more than 5 of last 10 yrs; mandatory retirment at 70,"['Selection and retention methods and term lengths are prescribed by Chapter 2, Sections 32, 33, and 34 of the Vermont Constitution.', 'Each county is also served by two assistant judges, who are chosen in partisan elections and serve four- year terms. Assistant judges have limited power and are not required to be attorneys.', '*Superior Court and District Court judges also serve as Family Court judges. ']"
142,Virginia,Supreme Court:,7,--,statewide,legislative election,12 yrs,reelection by legislature*,12 yrs,legislative election**,**,peer vote,4 yrs,state resident; state bar member 5 yrs; maximum age of 70,"['Selection and retention methods and term lengths are prescribed by Article VI, Section7 of the Virginia Constitution.', '*The courts of justice committees of the house of delegates and the senate interview candidates who seek reelection. Then the full house and senate vote. ', '**When the general assembly is in session, vacancies are filled through legislative election. When the legislature is not in session, the governor fills vacancies through appointment. Appointees must then be elected at the next legislative session. ']"
143,Virginia,Court of Appeals:,11,--,statewide,legislative election,8 yrs,reelection by legislature*,8 yrs,legislative election**,**,peer vote,4 yrs,state resident; state bar member 5 yrs; maximum age of 70,"['Selection and retention methods and term lengths are prescribed by Article VI, Section7 of the Virginia Constitution.', '*The courts of justice committees of the house of delegates and the senate interview candidates who seek reelection. Then the full house and senate vote. ', '**When the general assembly is in session, vacancies are filled through legislative election. When the legislature is not in session, the governor fills vacancies through appointment. Appointees must then be elected at the next legislative session. ']"
144,Virginia,Circuit Court:,157,31,circuit,legislative election,8 yrs,reelection by legislature*,8 yrs,legislative election**,**,peer vote,2 yrs,state and circuit resident; state bar member 5 yrs; maximum age of 70,"['Selection and retention methods and term lengths are prescribed by Article VI, Section7 of the Virginia Constitution.', '*The courts of justice committees of the house of delegates and the senate interview candidates who seek reelection. Then the full house and senate vote. ', '**When the general assembly is in session, vacancies are filled through legislative election. When the legislature is not in session, the governor fills vacancies through appointment. Appointees must then be elected at the next legislative session. ']"
145,Washington,Supreme Court:,9,-,statewide*,nonpartisan election**,6 yrs,reelection,6 yrs,gubernatorial appointment,next general election; successor holds office for remainder of unexpired term,peer vote,4 yrs,licensed to practice in state; retirement age is 75,"[' Selection and retention methods and term lengths are prescribed by Article IV of the Washington Constitution andChapter 2.06 of the Revised Code of Washington. ', ' *Currently, the supreme court has one justice from eastern Washington (Debra Stephens), while six of the justices are from the Seattle-Tacoma area. Various proposals have been made in the legislature for geographically based election schemes.  ', ' **Judicial candidates run in a primary election. If no candidate receives a majority of the vote, the names of the top two vote getters are placed on the general election ballot.  ', ' ***Each superior court district may establish local rules for the appointment and term of the chief judge. However, the chief judge must be selected by a vote of his/her peers and the term must be at least one year.  ']"
146,Washington,Court of Appeals:,22,9,district,nonpartisan election**,6 yrs,reelection,6 yrs,gubernatorial appointment,next general election; successor holds office for remainder of unexpired term,peer vote,1 yr,5 yrs practice in state; resident of district at least 1 yr,"[' Selection and retention methods and term lengths are prescribed by Article IV of the Washington Constitution andChapter 2.06 of the Revised Code of Washington. ', ' *Currently, the supreme court has one justice from eastern Washington (Debra Stephens), while six of the justices are from the Seattle-Tacoma area. Various proposals have been made in the legislature for geographically based election schemes.  ', ' **Judicial candidates run in a primary election. If no candidate receives a majority of the vote, the names of the top two vote getters are placed on the general election ballot.  ', ' ***Each superior court district may establish local rules for the appointment and term of the chief judge. However, the chief judge must be selected by a vote of his/her peers and the term must be at least one year.  ']"
147,Washington,Superior Court:,186,30,county,nonpartisan election**,4 yrs,reelection,4 yrs,gubernatorial appointment,next general election; successor holds office for remainder of unexpired term,peer vote***,at least 1 yr***,licensed to practice in state; retirement age is 75,"[' Selection and retention methods and term lengths are prescribed by Article IV of the Washington Constitution andChapter 2.06 of the Revised Code of Washington. ', ' *Currently, the supreme court has one justice from eastern Washington (Debra Stephens), while six of the justices are from the Seattle-Tacoma area. Various proposals have been made in the legislature for geographically based election schemes.  ', ' **Judicial candidates run in a primary election. If no candidate receives a majority of the vote, the names of the top two vote getters are placed on the general election ballot.  ', ' ***Each superior court district may establish local rules for the appointment and term of the chief judge. However, the chief judge must be selected by a vote of his/her peers and the term must be at least one year.  ']"
148,West Virginia,Supreme Court of Appeals:,5,--,statewide,nonpartisan election,12 yrs,reelection,nonpartisan election,gubernatorial appointment from nominating commission,next general election; hold office for remainder of unexpired term,peer vote,1 yr,state citizen 5 yrs; minimum age of 30; 10 yrs practice of law,[]
149,West Virginia,Circuit Court:,66,31,circuit,nonpartisan election,8 yrs,reelection,nonpartisan election,gubernatorial appointment from nominating commission,next general election; hold office for remainder of unexpired term,peer vote,varies by circuit,state citizen 5 yrs; circuit resident; minimum age of 30; 5 yrs practice of law,[]
150,Wisconsin,Supreme Court:,7,--,statewide,nonpartisan election*,10 yrs,reelection,10 yrs,gubernatorial appointment**,"next spring in which no other justice is to be elected (if the vacancy occurs between Dec. 1 and the spring election, appointees stand for election in the next spring election)***",Court selection,2 years,qualified elector of the state; licensed to practice law in state 5 yrs****,"['Selection and retention methods and term lengths are prescribed by Article VII of the Wisconsin Constitution. ', '*If there are more than two candidates for a judicial position, a nonpartisan primary election is held. The top two vote getters in the primary compete in the general election. ', ""**Governor Walker uses an advisory council on judicial selection to screen applicants for interim judicial vacancies and recommend three to five qualified candidates. The governor is not bound by the council's recommendations. "", '***If the vacancy occurs between December 1 and the spring election, appointees stand for election in the next spring election. ', '****The Wisconsin Constitution authorizes the legislature to impose a mandatory retirement age of no less than 70. To date it has not been enacted by statute. ']"
151,Wisconsin,Court of Appeals:,16,4,district,nonpartisan election*,6 yrs,reelection,6 yrs,gubernatorial appointment**,"next spring election in which no other judge from that district is to be elected (if the vacancy occurs between Dec. 1 and the spring election, appointees stand for election in the next spring)***",supreme court appoints,3 yrs,qualified elector of the state; licensed to practice law in state 5 yrs****,"['Selection and retention methods and term lengths are prescribed by Article VII of the Wisconsin Constitution. ', '*If there are more than two candidates for a judicial position, a nonpartisan primary election is held. The top two vote getters in the primary compete in the general election. ', ""**Governor Walker uses an advisory council on judicial selection to screen applicants for interim judicial vacancies and recommend three to five qualified candidates. The governor is not bound by the council's recommendations. "", '***If the vacancy occurs between December 1 and the spring election, appointees stand for election in the next spring election. ', '****The Wisconsin Constitution authorizes the legislature to impose a mandatory retirement age of no less than 70. To date it has not been enacted by statute. ']"
152,Wisconsin,Circuit Court:,241,69,circuit,nonpartisan election*,6 yrs,reelection,6 yrs,gubernatorial appointment**,"next spring election (if the vacancy occurs between Dec. 1 and the spring election, appointees stand for election in the next spring election)***",supreme court appoints,2 yrs,qualified elector of circuit; licensed to practice law in state 5 yrs****,"['Selection and retention methods and term lengths are prescribed by Article VII of the Wisconsin Constitution. ', '*If there are more than two candidates for a judicial position, a nonpartisan primary election is held. The top two vote getters in the primary compete in the general election. ', ""**Governor Walker uses an advisory council on judicial selection to screen applicants for interim judicial vacancies and recommend three to five qualified candidates. The governor is not bound by the council's recommendations. "", '***If the vacancy occurs between December 1 and the spring election, appointees stand for election in the next spring election. ', '****The Wisconsin Constitution authorizes the legislature to impose a mandatory retirement age of no less than 70. To date it has not been enacted by statute. ']"
153,Wyoming,Supreme Court:,5,--,statewide,gubernatorial appointment from nominating commission,at least one year,retention election,8 yrs,gubernatorial appointment from nominating commission,"next general election 1 yr after appointment; if retained, serve remainder of unexpired term",peer vote,4 yrs,U.S. citizen; state resident 3 yrs; 9 yrs legal experience; minimum age of 30; mandatory retirement at 70,[]
154,Wyoming,District Court:,22,9,district,gubernatorial appointment from nominating commission,at least 1 yr,retention election,6 yrs,gubernatorial appointment from nominating commission,"next general election 1 yr after appointment; if retained, serve remainder of unexpired term",--,--,U.S. citizen; state resident 2 yrs; minimum age of 28; mandatory retirement at 70,[]
