case_id,docket_no,title,state,date,type,pending,opinion_link
7_Maryland_2026/02/19,7,Moira Akers v. State,Maryland,"February 19, 2026",,False,https://statecourtreport.org/sites/default/files/2026-05/supreme_court_of_maryland-opinion.pdf
23-0305_Montana_2026/04/02,23-0305,State v. Cole,Montana,"April 2, 2026",Criminal Law,False,https://statecourtreport.org/sites/default/files/2026-05/supreme_court_of_montana-opinion.pdf
84_New-York_2025/11/20,84,Clarke v. Town of Newburgh,New York,"November 20, 2025",Voting Rights and Elections,False,https://statecourtreport.org/sites/default/files/2025-11/court_of_appeals_of_new_york-opinion.pdf
20260019_Utah_2025/09/15,20260019,League of Women Voters of Utah v. Utah State Legislature (LWV 1),Utah,"September 15, 2025",Voting Rights and Elections,False,https://statecourtreport.org/sites/default/files/2025-09/supreme_court_of_utah-opinion.pdf
110-MAP-2023;-111-MAP-2023_Pennsylvania_2024/07/18,110 MAP 2023; 111 MAP 2023,Department of Environmental Protection v. Pennsylvania Legislative Reference Bureau; Bowfin KeyCon Holdings v. Pennsylvania Department of Environmental Protection,Pennsylvania,"July 18, 2024",Environment,False,https://statecourtreport.org/sites/default/files/2025-05/supreme_court_of_pennsylvania-opinion.pdf
260127_Virginia_2026/05/08,260127,McDougle v. Scott,Virginia,"May 8, 2026",Voting Rights and Elections,False,https://statecourtreport.org/sites/default/files/2026-05/supreme_court_of_virginia-opinion.pdf
425A21-3_North-Carolina_2026/04/02,425A21-3,Hoke County Board of Education v. State of North Carolina,North Carolina,"April 2, 2026",Education,False,https://statecourtreport.org/sites/default/files/2026-04/supreme_court_of_north_carolina-opinion.pdf
3-WAP-2024_Pennsylvania_2026/03/26,3 WAP 2024,Commonwealth v. Lee,Pennsylvania,"March 26, 2026",Criminal Law,False,https://statecourtreport.org/sites/default/files/2026-03/supreme_court_of_pennsylvania-concurring_opinion_dougherty.pdf
SC100965_Missouri_2026/03/24,SC100965,Missouri State Conference of the NAACP v. State,Missouri,"March 24, 2026",Voting Rights and Elections,False,https://statecourtreport.org/sites/default/files/2026-03/supreme_court_of_missouri-opinion_0.pdf
SC100997_Missouri_2026/03/24,SC100997,League of Women Voters of Missouri v. State,Missouri,"March 24, 2026",Voting Rights and Elections,False,https://statecourtreport.org/sites/default/files/2026-03/supreme_court_of_missouri-opinion_1.pdf
28331_South-Carolina_2026/05/13,28331,Butts v. Mace,South Carolina,"May 13, 2026",Government Structure,False,https://statecourtreport.org/sites/default/files/2026-05/supreme_court_of_south_carolina-opinion.pdf
2023-1614_Ohio_2026/04/30,2023-1614,State v. Morris,Ohio,"April 30, 2026",Criminal Law,False,https://statecourtreport.org/sites/default/files/2026-05/supreme_court_of_ohio-opinion.pdf
CV-26-116_Arkansas_2026/04/30,CV-26-116,Norris v. Independence County,Arkansas,"April 30, 2026",Judicial Selection and Administration,False,https://statecourtreport.org/sites/default/files/2026-05/supreme_court_of_arkansas-opinion.pdf
103672-8_Washington_2025/09/25,103672-8,In re Schoenhals,Washington,"September 25, 2025",Criminal Law,False,https://statecourtreport.org/sites/default/files/fastcase/converted/In%20re%20Schoenhals%2C%20Wash.%20103672-8.pdf
SCWC-19-0000776_Hawaii_2025/09/17,SCWC-19-0000776,Maunalua Bay Beach Ohana 28 v. State,Hawaii,"September 17, 2025",Government Structure,False,https://statecourtreport.org/sites/default/files/fastcase/converted/Maunalua%20Bay%20Beach%20Ohana%2028%20v.%20State%2C%20Haw.%20SCWC-19-0000776.pdf
DA-25-0120_Montana_2025/09/16,DA 25-0120,In re A.K.M.,Montana,"September 16, 2025",Civil Rights,False,https://statecourtreport.org/sites/default/files/fastcase/converted/In%20re%20A.K.M.%2C%20Mont.%20DA%2025-0120.pdf
SCWC-23-0000388_Hawaii_2025/09/16,SCWC-23-0000388,State v. Spies,Hawaii,"September 16, 2025",Criminal Law,False,https://statecourtreport.org/sites/default/files/fastcase/converted/State%20v.%20Spies%2C%20Haw.%20SCWC-23-0000388.pdf
CV-23-0262-PR_Arizona_2025/09/12,CV-23-0262-PR,Roebuck v. Mayo Clinic,Arizona,"September 12, 2025",Torts and Liability,False,https://statecourtreport.org/sites/default/files/fastcase/converted/Roebuck%20v.%20Mayo%20Clinic%2C%20Ariz.%20CV-23-0262-PR.pdf
31131_South-Dakota_2026/04/22,31131,State v. Albaidhani,South Dakota,"April 22, 2026",Criminal Law,False,https://statecourtreport.org/sites/default/files/2026-05/supreme_court_of_south_dakota-opinion.pdf
A22-1579_Minnesota_2026/04/15,A22-1579,State v. Contreras-Sanchez,Minnesota,"April 15, 2026",Criminal Law,False,https://statecourtreport.org/sites/default/files/2026-05/supreme_court_of_minnesota-opinion_0.pdf
"S-25-0203,-S-25-0204_Wyoming_2026/05/14","S-25-0203, S-25-0204",Degenfelder v. Wyoming Educational Association; Leck v. Wyoming Educational Association,Wyoming,"May 14, 2026",Education,False,https://statecourtreport.org/sites/default/files/2026-05/supreme_court_of_wyoming-opinion.pdf
SC101581_Missouri_2026/05/12,SC101581,Maggard v. State,Missouri,"May 12, 2026",Voting Rights and Elections,False,https://statecourtreport.org/sites/default/files/2026-05/maggard_opinion_sc101581.pdf
53C06-2208-PL-1756_Indiana_2026/05/14,53C06-2208-PL-1756,Members of the Medical Licensing Board of Indiana v. Planned Parenthood Great Northwest,Indiana,"May 14, 2026",Reproductive Rights,False,https://statecourtreport.org/sites/default/files/2026-05/order-transfer.pdf
24-0353_Iowa_2026/03/17,24-0353,State v. Pagliai,Iowa,"March 17, 2026",Criminal Law,False,https://statecourtreport.org/sites/default/files/2026-05/supreme_court_of_iowa-opinion.pdf
2516-CV29597_Missouri_2026/05/12,2516-CV29597,Wise v. State; Healey v. State,Missouri,"May 12, 2026",Voting Rights and Elections,False,https://statecourtreport.org/sites/default/files/2026-05/opinion_sc101570_and_sc101572.pdf
25-0139_Montana_2026/04/14,25-0139,Kalarchik v. State,Montana,"April 14, 2026",Civil Rights,False,https://statecourtreport.org/sites/default/files/2026-04/supreme_court_of_montana-opinion.pdf
2024AP000126_Wisconsin_2026/04/10,2024AP000126,Wren v. Columbia St. Mary’s Hospital,Wisconsin,"April 10, 2026",Government Structure,False,https://statecourtreport.org/sites/default/files/2026-04/supreme_court_of_wisconsin-opinion.pdf
122686_Oklahoma_2026/04/07,122686,Keenen v. Russ,Oklahoma,"April 7, 2026",Economic and Labor Rights,False,https://statecourtreport.org/sites/default/files/2026-04/supreme_court_of_oklahoma-opinion_0.pdf
24-0102_Texas_2026/05/08,24-0102,J.P. Morgan Chase v. City of Corsicana,Texas,"May 8, 2026",Economic and Labor Rights,False,https://statecourtreport.org/sites/default/files/2026-05/240102.pdf
2026-SC-0122;-2026-SC-0124_Kentucky_2026/04/06,2026-SC-0122; 2026-SC-0124,Goodman v. Nemes,Kentucky,"April 6, 2026",Government Structure,False,https://statecourtreport.org/sites/default/files/2026-04/supreme_court_of_kentucky-opinion.pdf
S257844_California_2025/12/29,S257844,People v. Kopp,California,"December 29, 2025",Criminal Law,False,https://statecourtreport.org/sites/default/files/2026-05/supreme_court_of_california-opinion.pdf
A23-1544_Minnesota_2025/12/24,A23-1544,Thigpen v. Best Home Care,Minnesota,"December 24, 2025",Criminal Law,False,https://statecourtreport.org/sites/default/files/2026-05/supreme_court_of_minnesota-opinion.pdf
S277910_California_2026/04/30,S277910,In re Kowalczyk,California,"April 30, 2026",Criminal Law,False,https://statecourtreport.org/sites/default/files/2026-05/s277910.pdf
2026-ME-32_Maine_2026/04/06,2026 ME 32,In the Matter of Request for Opinion of the Justices,Maine,"April 6, 2026",Voting Rights and Elections,False,https://statecourtreport.org/sites/default/files/2026-04/supreme_judicial_court_of_maine-opinion.pdf
2024-0303_Ohio_2026/04/28,2024-0303,In re L.E.S.,Ohio,"April 28, 2026",Civil Rights,False,https://statecourtreport.org/sites/default/files/2026-04/2026-ohio-1449.pdf
24-0384;-24-0385;-24-0387_Texas_2026/04/24,24-0384; 24-0385; 24-0387,Muth v. Voe; Doe v. Abbott; Muth v. PFLAG,Texas,"April 24, 2026",Civil Rights,False,https://statecourtreport.org/sites/default/files/2026-04/supreme_court_of_texas-concurring_opinion_blacklock.pdf
CR-24-690_Arkansas_2026/03/05,CR-24-690,Gamble v. State,Arkansas,"March 5, 2026",Criminal Law,False,https://statecourtreport.org/sites/default/files/2026-03/gamble_v-state.pdf
CV-24-0144-PR_Arizona_2025/07/30,CV-24-0144-PR,Roundtree v. City of Page,Arizona,"July 30, 2025",Government Structure,False,https://statecourtreport.org/sites/default/files/fastcase/converted/Roundtree%20v.%20City%20of%20Page%2C%20Ariz.%20CV-24-0144-PR.pdf
SC-166320_Michigan_2025/07/16,SC 166320,Jackson v. Southfield Neighborhood Revitalization Initiative,Michigan,"July 16, 2025",Economic and Labor Rights,False,https://statecourtreport.org/sites/default/files/fastcase/converted/Jackson%20v.%20Southfield%20Neighborhood%20Revitalization%20Initiative%2C%20Mich.%20SC%20166320.pdf
"24-AP-403,-25-AP-022_Vermont_2025/07/11","24-AP-403, 25-AP-022",Office of the Auditor of Accounts v. Office of the Attorney General,Vermont,"July 11, 2025",Government Structure,False,https://statecourtreport.org/sites/default/files/fastcase/converted/Office%20of%20the%20Auditor%20of%20Accounts%20v.%20Office%20of%20the%20Attorney%20Gen.%2C%20Vt.%2024-AP-403.pdf
125156_Kansas_2025/07/03,125156,State v. Gleason,Kansas,"July 3, 2025",Criminal Law,False,https://statecourtreport.org/sites/default/files/fastcase/converted/State%20v.%20Gleason%2C%20Kan.%20125%2C156.pdf
S-1-SC-40182_New-Mexico_2025/07/02,S-1-SC-40182,"State ex rel. Office of the State Engineer v. Intrepid Potash, Inc.",New Mexico,"July 2, 2025",Environment,False,https://statecourtreport.org/sites/default/files/fastcase/converted/State%20ex%20rel.%20Office%20of%20the%20State%20Eng%27r%20v.%20Intrepid%20Potash%2C%20Inc.%2C%20N.M.%20S-1-SC-40182.pdf
113_New-York_2026/02/19,113,People v. Shaw,New York,"February 19, 2026",Criminal Law,False,https://statecourtreport.org/sites/default/files/2026-03/court_of_appeals_of_new_york-opinion.pdf
31355_South-Dakota_2026/02/18,31355,In re: Lieutenant Governor’s Power to Vote on Final Passage of Legislation,South Dakota,"February 18, 2026",Government Structure,False,https://statecourtreport.org/sites/default/files/2026-03/supreme_court_of_south_dakota-opinion.pdf
OP-25-0858_Montana_2026/02/27,OP 25-0858,Kendrick v. Knudsen,Montana,"February 27, 2026",Voting Rights and Elections,False,https://statecourtreport.org/sites/default/files/2026-03/supreme_court_of_montana-opinion.pdf
SC-2025-0372_Alabama_2026/03/13,SC-2025-0372,Jennings v. Smith,Alabama,"March 13, 2026",Criminal Law,False,https://statecourtreport.org/sites/default/files/2026-03/jennings_opinion.pdf
SC101412_Missouri_2026/03/24,SC101412,Luther v. Hoskins,Missouri,"March 24, 2026",Voting Rights and Elections,False,https://statecourtreport.org/sites/default/files/2026-04/opinion_sc101412.pdf
"103,252-8_Washington_2026/03/19","103,252-8",In re the Detention of M.E. and R.S.,Washington,"March 19, 2026",Criminal Law,False,https://statecourtreport.org/sites/default/files/2026-03/in_re_me_1032528.pdf
SC-S071661_Oregon_2026/02/05,SC S071661,State v. Roberts,Oregon,"February 5, 2026",Criminal Law,False,https://statecourtreport.org/sites/default/files/2026-02/supreme_court_of_oregon-opinion_0.pdf
SJC-13824_Massachusetts_2026/03/16,SJC-13824,Committee for Public Counsel Services v. Middlesex and Suffolk County District Courts,Massachusetts,"March 16, 2026",Criminal Law,False,https://statecourtreport.org/sites/default/files/2026-03/w13824_massachusetts_public_counsel_services.pdf
PR-23-0496_Montana_2025/12/31,PR 23-0496,In the Matter of Austin Miles Knudsen,Montana,"December 31, 2025",Government Structure,False,https://statecourtreport.org/sites/default/files/2026-02/supreme_court_of_montana-opinion_1.pdf
25-0011_Iowa_2026/01/30,25-0011,State Public Defender v. Iowa District Court for Scott County,Iowa,"January 30, 2026",Government Structure,False,https://statecourtreport.org/sites/default/files/2026-02/supreme_court_of_iowa-opinion.pdf
24-0892_Texas_2026/03/13,24-0892,PFLAG v. Office of the Attorney General,Texas,"March 13, 2026",Civil Rights,False,https://statecourtreport.org/sites/default/files/2026-03/plag_240892.pdf
23-2016_Iowa_2026/03/13,23-2016,State v. Hidlebaugh,Iowa,"March 13, 2026",Civil Rights,False,https://statecourtreport.org/sites/default/files/2026-03/232016_33f48422ba221.pdf
63-EAP-2024_Pennsylvania_2026/01/21,63 EAP 2024,In Re: Judge Mark B. Cohen,Pennsylvania,"January 21, 2026",Judicial Selection and Administration,False,https://statecourtreport.org/sites/default/files/2026-01/supreme_court_of_pennsylvania-opinion_1.pdf
20240298_North-Dakota_2025/08/28,20240298,Northwest Landowners Association v. State,North Dakota,"August 28, 2025",Government Structure,False,https://statecourtreport.org/sites/default/files/fastcase/converted/Nw.%20Landowners%20Ass%27n%20v.%20State%2C%20N.D.%2020240298.pdf
"25S-SD-167,-74S00-0907-PD-320_Indiana_2025/08/27","25S-SD-167, 74S00-0907-PD-320",Ward v. State,Indiana,"August 27, 2025",Criminal Law,False,https://statecourtreport.org/sites/default/files/fastcase/converted/Ward%20v.%20State%2C%20Ind.%2074S00-0907-PD-320.pdf
Ken-25-53_Maine_2025/08/26,Ken-25-53,Maine State Chamber of Commerce v. Department of Labor,Maine,"August 26, 2025",Government Structure,False,https://statecourtreport.org/sites/default/files/fastcase/converted/Me.%20State%20Chamber%20of%20Commerce%20v.%20Dep%27t%20of%20Labor%2C%20Me.%20Ken-25-53.pdf
Ken-24-125_Maine_2025/08/26,Ken-24-125,State v. Engroff,Maine,"August 26, 2025",Criminal Law,False,https://statecourtreport.org/sites/default/files/fastcase/converted/State%20v.%20Engroff%2C%20Me.%20Ken-24-125.pdf
SC-20781_Connecticut_2025/08/26,SC 20781,State v. Jacques,Connecticut,"August 26, 2025",Criminal Law,False,https://statecourtreport.org/sites/default/files/fastcase/converted/State%20v.%20Jacques%2C%20Conn.%20SC%2020781.pdf
53264-2025_Idaho_2026/02/05,53264-2025,Committee to Protect and Preserve the Idaho Constitution v. State of Idaho,Idaho,"February 5, 2026",Education,False,https://statecourtreport.org/sites/default/files/2026-02/supreme_court_of_idaho-opinion.pdf
242A23-_North-Carolina_2025/08/22,242A23 ,"North Carolina Department of Revenue v. Philip Morris U.S., Inc.",North Carolina,"August 22, 2025",Government Structure,False,https://statecourtreport.org/sites/default/files/fastcase/converted/N.C.%20Dep%27t%20of%20Revenue%20v.%20Philip%20Morris%20U.S.%2C%20Inc.%2C%20N.C.%20242A23.pdf
2024-0234_New-Hampshire_2025/08/19,2024-0234,"Morris v. Commissioner, New Hampshire Department of Revenue Administration",New Hampshire,"August 19, 2025",Government Structure,False,https://statecourtreport.org/sites/default/files/fastcase/converted/Morris%20v.%20Comm%27r%2C%20N.H.%20Dep%27t%20of%20Revenue%20Admin.%2C%20N.H.%202024-0234.pdf
"2024-SC-0229-DGE,-2024-SC-0230-DGE,-2024-SC-0231-DG_Kentucky_2025/08/14","2024-SC-0229-DGE, 2024-SC-0230-DGE, 2024-SC-0231-DG",Long v. Commonwealth,Kentucky,"August 14, 2025",Government Structure,False,https://statecourtreport.org/sites/default/files/fastcase/converted/Long%20v.%20Commonwealth%2C%20Ky.%202024-SC-0229-DGE.pdf
103006-1_Washington_2025/08/14,103006-1,State v. A.M.W.,Washington,"August 14, 2025",Criminal Law,False,https://statecourtreport.org/sites/default/files/fastcase/converted/State%20v.%20A.M.W.%2C%20Wash.%20103006-1.pdf
89603_New-Jersey_2025/08/11,89603,Krug v. New Jersey State Parole Board,New Jersey,"August 11, 2025",Criminal Law,False,https://statecourtreport.org/sites/default/files/fastcase/converted/Krug%20v.%20N.J.%20State%20Parole%20Bd.%2C%20N.J.%20A-12-24.pdf
CV-24-0222-AP/EL_Arizona_2025/08/06,CV-24-0222-AP/EL,Smith v. Fontes,Arizona,"August 6, 2025",Voting Rights and Elections,False,https://statecourtreport.org/sites/default/files/fastcase/converted/Smith%20v.%20Fontes%2C%20Ariz.%20CV-24-0222-AP%3AEL.pdf
DA-24-0250_Montana_2025/08/05,DA 24-0250,State v. Alford,Montana,"August 5, 2025",Criminal Law,False,https://statecourtreport.org/sites/default/files/fastcase/converted/State%20v.%20Alford%2C%20Mont.%20DA%2024-0250.pdf
"248,2025_Delaware_2026/02/27","248,2025",Rutledge v. Clearway Energy Group LLC,Delaware,"February 27, 2026",Economic and Labor Rights,False,https://statecourtreport.org/sites/default/files/2026-02/supreme_court_of_delaware-opinion.pdf
MA-123238_Oklahoma_2026/01/13,MA-123238,Tobacco Settlement Endowment Trust Fund v. Stitt,Oklahoma,"January 13, 2026",Government Structure,False,https://statecourtreport.org/sites/default/files/2026-01/supreme_court_of_oklahoma-opinion_0.pdf
DA-24-0039_Montana_2026/03/17,DA 24-0039,Montanans Against Irresponsible Densification v. State,Montana,"March 17, 2026",Civil Rights,False,https://statecourtreport.org/sites/default/files/2026-03/montana_densification_5824b10a-9859-ceaf-8bf7-9cfdb4a00000.pdf
WD88392_Missouri_2025/12/04,WD88392,Fitz-James v. Hoskins,Missouri,"December 4, 2025",Voting Rights and Elections,False,https://statecourtreport.org/sites/default/files/2026-02/court_of_appeals_of_missouri-opinion.pdf
SC101308_Missouri_2026/01/23,SC101308,Nicholson v. State,Missouri,"January 23, 2026",Government Structure,False,https://statecourtreport.org/sites/default/files/2026-01/supreme_court_of_missouri-opinion_0.pdf
OP-25-0729_Montana_2025/11/18,OP 25-0729,Montanans for Nonpartisan Courts v. Knudsen,Montana,"November 18, 2025",Voting Rights and Elections,False,https://statecourtreport.org/sites/default/files/2026-02/supreme_court_of_montana-opinion.pdf
2024-SC-0022;-2024-SC-0024_Kentucky_2026/02/19,2024-SC-0022; 2024-SC-0024,Commonwealth v. Council for Better Education; LaFontaine v. Council for Better Education,Kentucky,"February 19, 2026",Education,False,https://statecourtreport.org/sites/default/files/2026-02/supreme_court_of_kentucky-opinion.pdf
98-MAP-2023_Pennsylvania_2025/12/16,98 MAP 2023,Commonwealth v. Kurtz,Pennsylvania,"December 16, 2025",Criminal Law,False,https://statecourtreport.org/sites/default/files/2026-01/supreme_court_of_pennsylvania-concurring_opinion_mundy.pdf
DA-23-0462_Montana_2026/02/10,DA 23-0462,City of Kalispell v. Doman,Montana,"February 10, 2026",Speech and Religion,False,https://statecourtreport.org/sites/default/files/2026-02/supreme_court_of_montana-opinion_0.pdf
CV-24-704_Arkansas_2025/12/11,CV-24-704,State v. Good Day Farm Arkansas,Arkansas,"December 11, 2025",Voting Rights and Elections,False,https://statecourtreport.org/sites/default/files/2026-01/supreme_court_of_arkansas-opinion.pdf
190-C.D.-2024;-224-C.D.-2024_Pennsylvania_2025/12/09,190 C.D. 2024; 224 C.D. 2024,Rivera v. Borough of Pottstown,Pennsylvania,"December 9, 2025",Civil Rights,False,https://statecourtreport.org/sites/default/files/2025-12/commonwealth_court_of_pennsylvania-opinion.pdf
58-EAP-2024_Pennsylvania_2026/01/21,58 EAP 2024,Chilutti v. Uber,Pennsylvania,"January 21, 2026",Economic and Labor Rights,False,https://statecourtreport.org/sites/default/files/2026-01/supreme_court_of_pennsylvania-opinion_0.pdf
SC100933_Missouri_2026/01/13,SC100933,E.N. v. Kehoe,Missouri,"January 13, 2026",Civil Rights,False,https://statecourtreport.org/sites/default/files/2026-01/supreme_court_of_missouri-opinion.pdf
95_New-York_2025/11/20,95,People v. Sargeant,New York,"November 20, 2025",Criminal Law,False,https://statecourtreport.org/sites/default/files/2025-12/court_of_appeals_of_new_york-opinion.pdf
SJC-13816_Massachusetts_2026/04/15,SJC-13816,Commonwealth v. Arias,Massachusetts,"April 15, 2026",Criminal Law,False,https://statecourtreport.org/sites/default/files/2026-04/arias.pdf
28310_South-Carolina_2026/01/21,28310,"Opternative, Inc. v. South Carolina Board of Medical Examiners",South Carolina,"January 21, 2026",Civil Rights,False,https://statecourtreport.org/sites/default/files/2026-01/supreme_court_of_south_carolina-opinion.pdf
-2025-5094_Ohio_2025/11/13, 2025-5094,State ex rel. Boggs v. City of Cleveland,Ohio,"November 13, 2025",Economic and Labor Rights,False,https://statecourtreport.org/sites/default/files/2025-11/supreme_court_of_ohio-opinion.pdf
167300-1_Michigan_2025/12/12,167300-1,Michigan Immigrant Rights Center v. Governor,Michigan,"December 12, 2025",Civil Due Process,False,https://statecourtreport.org/sites/default/files/2025-12/supreme_court_of_michigan-opinion.pdf
125003_Kansas_2025/06/28,125003,State v. Stubbs,Kansas,"June 28, 2025",Criminal Law,False,https://statecourtreport.org/sites/default/files/fastcase/converted/State%20v.%20Stubbs%2C%20Kan.%20125%2C003.pdf
125269_Kansas_2025/06/28,125269,State v. Phipps,Kansas,"June 28, 2025",Civil Due Process,False,https://statecourtreport.org/sites/default/files/fastcase/converted/State%20v.%20Phipps%2C%20Kan.%20125%2C269.pdf
124510_Kansas_2025/06/27,124510,State v. Green,Kansas,"June 27, 2025",Criminal Law,False,https://statecourtreport.org/sites/default/files/fastcase/converted/State%20v.%20Green%2C%20Kan.%20124%2C510.pdf
50707_Idaho_2025/06/27,50707,State v. Fletcher,Idaho,"June 27, 2025",Criminal Law,False,https://statecourtreport.org/sites/default/files/fastcase/converted/State%20v.%20Fletcher%2C%20Idaho%2050707.pdf
24-0261_Iowa_2025/06/27,24-0261,State v. Woods,Iowa,"June 27, 2025",Criminal Law,False,https://statecourtreport.org/sites/default/files/fastcase/converted/State%20v.%20Woods%2C%20Iowa%2024-0261.pdf
2022AP959-CR_Wisconsin_2025/06/27,2022AP959-CR,State v. Ramirez,Wisconsin,"June 27, 2025",Criminal Law,False,https://statecourtreport.org/sites/default/files/fastcase/converted/State%20v.%20Ramirez%2C%20Wis.%202022AP959-CR.pdf
24-0162_Texas_2025/06/27,24-0162,Paxton v. American Oversight,Texas,"June 27, 2025",Government Structure,False,https://statecourtreport.org/sites/default/files/fastcase/converted/Paxton%20v.%20Am.%20Oversight%2C%20Tex.%2024-0162.pdf
122782_Kansas_2025/06/27,122782,State v. Ninh,Kansas,"June 27, 2025",Criminal Law,False,https://statecourtreport.org/sites/default/files/fastcase/converted/State%20v.%20Ninh%2C%20Kan.%20122%2C782.pdf
-104117-9_Washington_2025/11/06, 104117-9,Eyman v. Hobbs,Washington,"November 6, 2025",Government Structure,False,https://statecourtreport.org/sites/default/files/2025-11/supreme_court_of_washington-opinion.pdf
S25A0023_Georgia_2025/06/26,S25A0023,Lewis v. State,Georgia,"June 26, 2025",Criminal Law,False,https://statecourtreport.org/sites/default/files/fastcase/converted/Lewis%20v.%20State%2C%20Ga.%20S25A0023.pdf
23-455_West-Virginia_2025/06/26,23-455,State v. McDonald,West Virginia,"June 26, 2025",Criminal Law,False,https://statecourtreport.org/sites/default/files/fastcase/converted/State%20v.%20McDonald%2C%20W.%20Va.%2023-455.pdf
A24-0507_Minnesota_2025/06/25,A24-0507,"Jurgensen v. Dave Perkins Contracting, Inc.",Minnesota,"June 25, 2025",Economic and Labor Rights,False,https://statecourtreport.org/sites/default/files/fastcase/converted/Jurgensen%20v.%20Dave%20Perkins%20Contracting%2C%20Inc.%2C%20Minn.%20A24-0507.pdf
2024AP1713_Wisconsin_2025/06/25,2024AP1713,Wisconsin State Legislature v. Wisconsin Department of Public Instruction,Wisconsin,"June 25, 2025",Government Structure,False,https://statecourtreport.org/sites/default/files/fastcase/converted/Wis.%20State%20Legislature%20v.%20Wis.%20Dep%27t%20of%20Pub.%20Instruction%2C%20Wis.%202024AP1713.pdf
S24G1346_Georgia_2025/06/24,S24G1346,Guy v. Hous. Authority of Augusta,Georgia,"June 24, 2025",Government Structure,False,https://statecourtreport.org/sites/default/files/fastcase/converted/Guy%20v.%20Hous.%20Auth.%20of%20Augusta%2C%20Ga.%20S24G1346.pdf
S124131_California_2025/06/23,S124131,People v. Barrett,California,"June 23, 2025",Criminal Law,False,https://statecourtreport.org/sites/default/files/fastcase/converted/People%20v.%20Barrett%2C%20Cal.%20S124131.pdf
DA-24-0501_Montana_2025/11/04,DA 24-0501,Netzer v. State,Montana,"November 4, 2025",Civil Rights,False,https://statecourtreport.org/sites/default/files/2025-11/supreme_court_of_montana-opinion.pdf
2023-SC-0124-MR_Kentucky_2025/06/20,2023-SC-0124-MR,Johnson v. Commonwealth,Kentucky,"June 20, 2025",Criminal Law,False,https://statecourtreport.org/sites/default/files/fastcase/converted/Johnson%20v.%20Commonwealth%2C%20Ky.%202023-SC-0124-MR.pdf
23-1218_Iowa_2025/06/20,23-1218,State v. Scullark,Iowa,"June 20, 2025",Criminal Law,False,https://statecourtreport.org/sites/default/files/fastcase/converted/State%20v.%20Scullark%2C%20Iowa%2023-1218.pdf
S-24-0225_Wyoming_2025/06/18,S-24-0225,Bain v. City of Cheyenne,Wyoming,"June 18, 2025",Government Structure,False,https://statecourtreport.org/sites/default/files/fastcase/converted/Bain%20v.%20City%20of%20Cheyenne%2C%20Wyo.%20S-24-0225.pdf
A-6-2024_New-Jersey_2025/06/17,A-6-2024,Kratovil v. City of New Brunswick,New Jersey,"June 17, 2025",Speech and Religion,False,https://statecourtreport.org/sites/default/files/fastcase/converted/Kratovil%20v.%20City%20of%20New%20Brunswick%2C%20N.J.%20A-6-2024.pdf
SC2025-0794_Florida_2025/06/17,SC2025-0794,Gudinas v. State,Florida,"June 17, 2025",Criminal Law,False,https://statecourtreport.org/sites/default/files/fastcase/converted/Gudinas%20v.%20State%2C%20Fla.%20SC2025-0794.pdf
16-MAP-2023_Pennsylvania_2025/06/17,16 MAP 2023,Commonwealth v. Hunte,Pennsylvania,"June 17, 2025",Criminal Law,False,https://statecourtreport.org/sites/default/files/fastcase/converted/Commonwealth%20v.%20Hunte%2C%20Pa.%2016%20MAP%202023.pdf
DA-23-0229_Montana_2025/06/17,DA 23-0229,State v. Herzog,Montana,"June 17, 2025",Criminal Law,False,https://statecourtreport.org/sites/default/files/fastcase/converted/State%20v.%20Herzog%2C%20Mont.%20DA%2023-0229.pdf
52636-2025_Idaho_2025/06/16,52636-2025,Idahoans United for Women & Families v. Labrador,Idaho,"June 16, 2025",Reproductive Rights,False,https://statecourtreport.org/sites/default/files/fastcase/converted/Idahoans%20United%20for%20Women%20%26%20Families%20v.%20Labrador%2C%20Idaho%2052636-2025.pdf
A-15-24_New-Jersey_2025/06/16,A-15-24,In re Concerning The State Grand Jury,New Jersey,"June 16, 2025",Government Structure,False,https://statecourtreport.org/sites/default/files/fastcase/converted/In%20re%20Concerning%20The%20State%20Grand%20Jury%2C%20N.J.%20A-15-24.pdf
W2022-00210-SC-R11-CD_Tennessee_2025/06/16,W2022-00210-SC-R11-CD,State v. Payne,Tennessee,"June 16, 2025",Criminal Law,False,https://statecourtreport.org/sites/default/files/fastcase/converted/State%20v.%20Payne%2C%20Tenn.%20W2022-00210-SC-R11-CD.pdf
SCWC-17-0000806_Hawaii_2025/06/13,SCWC-17-0000806,Winn v. Brady,Hawaii,"June 13, 2025",Economic and Labor Rights,False,https://statecourtreport.org/sites/default/files/fastcase/converted/Winn%20v.%20Brady%2C%20Haw.%20SCWC-17-0000806.pdf
S-24-422_Nebraska_2025/06/13,S-24-422,State v. Scott,Nebraska,"June 13, 2025",Criminal Law,False,https://statecourtreport.org/sites/default/files/fastcase/converted/State%20v.%20Scott%2C%20Neb.%20S-24-422.pdf
"2017-IA-00167-SCT,-2023-CA-01273-SCT_Mississippi_2025/06/12","2017-IA-00167-SCT, 2023-CA-01273-SCT","The Promenade D'Iberville, LLC v. Jacksonville Electric Authority",Mississippi,"June 12, 2025",Government Structure,False,https://statecourtreport.org/sites/default/files/fastcase/converted/The%20Promenade%20D%27Iberville%2C%20LLC%20v.%20Jacksonville%20Elec.%20Auth.%2C%20Miss.%202023-CA-01273-SCT.pdf
22-706_West-Virginia_2025/06/06,22-706,State v. Small,West Virginia,"June 6, 2025",Criminal Law,False,https://statecourtreport.org/sites/default/files/fastcase/converted/State%20v.%20Small%2C%20W.%20Va.%2022-706.pdf
S-1-SC-39309_New-Mexico_2025/06/05,S-1-SC-39309,State v. Perea,New Mexico,"June 5, 2025",Criminal Law,False,https://statecourtreport.org/sites/default/files/fastcase/converted/State%20v.%20Perea%2C%20N.M.%20S-1-SC-39309.pdf
CV-24-645_Arkansas_2025/06/05,CV-24-645,"Land v. BAS, LLC",Arkansas,"June 5, 2025",Economic and Labor Rights,False,https://statecourtreport.org/sites/default/files/fastcase/converted/Land%20v.%20BAS%2C%20LLC%2C%20Ark.%20CV-24-645.pdf
SC2023-0095_Florida_2025/06/05,SC2023-0095,Bojorquez v. State,Florida,"June 5, 2025",Economic and Labor Rights,False,https://statecourtreport.org/sites/default/files/fastcase/converted/Bojorquez%20v.%20State%2C%20Fla.%20SC2023-0095.pdf
20230672_Utah_2025/06/05,20230672,University of Utah v. Tullis,Utah,"June 5, 2025",Torts and Liability,False,https://statecourtreport.org/sites/default/files/fastcase/converted/Univ.%20of%20Utah%20v.%20Tullis%2C%20Utah%2020230672.pdf
2024-0259-_New-Hampshire_2025/06/04,2024-0259 ,City of Dover v. Secretary of State,New Hampshire,"June 4, 2025",Voting Rights and Elections,False,https://statecourtreport.org/sites/default/files/fastcase/converted/City%20of%20Dover%20v.%20Sec%27y%20of%20State%2C%20N.H.%202024-0259.pdf
S072015_Oregon_2025/11/14,S072015,State v. Hemion,Oregon,"November 14, 2025",Criminal Law,False,https://statecourtreport.org/sites/default/files/2025-12/supreme_court_of_oregon-opinion.pdf
S-1-SC-40427_New-Mexico_2025/06/02,S-1-SC-40427,Bolen v. New Mexico Racing Commission,New Mexico,"June 2, 2025",Civil Rights,False,https://statecourtreport.org/sites/default/files/fastcase/converted/Bolen%20v.%20N.M.%20Racing%20Comm%27n%2C%20N.M.%20S-1-SC-40427.pdf
SC100132_Missouri_2023/07/20,SC100132,State ex rel. Fitz-James v. Bailey,Missouri,"July 20, 2023",Voting Rights and Elections,False,https://statecourtreport.org/sites/default/files/2026-02/supreme_court_of_missouri-opinion.pdf
2025-O-00879_Louisiana_2025/10/24,2025-O-00879,In re Judge Jennifer Medley,Louisiana,"October 24, 2025",Judicial Selection and Administration,False,https://statecourtreport.org/sites/default/files/2025-10/supreme_court_of_louisiana-opinion.pdf
S069830_Oregon_2022/12/30,S069830,Scott-Schwalbach v. Rosenblum,Oregon,"December 30, 2022",Voting Rights and Elections,False,https://statecourtreport.org/sites/default/files/2026-02/supreme_court_of_oregon-opinion.pdf
S-18210-_Alaska_2022/10/21,S-18210 ,Kohlhaas v. State,Alaska,"October 21, 2022",Voting Rights and Elections,False,https://statecourtreport.org/sites/default/files/2026-02/supreme_court_of_alaska-opinion.pdf
2020-IA-01199-SCT_Mississippi_2021/05/04,2020-IA-01199-SCT,In Re Initiative Measure No. 65,Mississippi,"May 4, 2021",Voting Rights and Elections,False,https://statecourtreport.org/sites/default/files/2026-02/supreme_court_of_mississippi-opinion.pdf
377PA22_North-Carolina_2025/10/17,377PA22,State v. Rogers,North Carolina,"October 17, 2025",Criminal Law,False,https://statecourtreport.org/sites/default/files/2025-10/supreme_court_of_north_carolina-opinion_0.pdf
66_New-York_2025/10/16,66,Onondaga v. New York,New York,"October 16, 2025",Voting Rights and Elections,False,https://statecourtreport.org/sites/default/files/2025-10/court_of_appeals_of_new_york-opinion.pdf
123222_Oklahoma_2025/10/07,123222,White v. Stitt,Oklahoma,"October 7, 2025",Judicial Selection and Administration,False,https://statecourtreport.org/sites/default/files/2025-10/supreme_court_of_oklahoma-opinion_0.pdf
SC20815_Connecticut_2025/10/07,SC20815,State v. Michael Sharpe,Connecticut,"October 7, 2025",Criminal Law,False,https://statecourtreport.org/sites/default/files/2025-10/supreme_court_of_connecticut-concurrence_dissent.pdf
23–1391_Iowa_2025/08/26,23–1391,State v. Cole,Iowa,"August 26, 2025",Civil Rights,False,https://statecourtreport.org/sites/default/files/2025-11/supreme_court_of_iowa-opinion.pdf
103627-2;-103673-6_Washington_2025/12/11,103627-2; 103673-6,"State v. Sabra Danielson, State v. Simone Nelson",Washington,"December 11, 2025",Criminal Law,False,https://statecourtreport.org/sites/default/files/2025-12/supreme_court_of_washington-opinion.pdf
23-0192-_Texas_2025/05/30,23-0192 ,"Texas Department of Family & Protective Services v. Grassroots LeaderShip, Inc.",Texas,"May 30, 2025",Government Structure,False,https://statecourtreport.org/sites/default/files/2025-12/supreme_court_of_texas-opinion.pdf
-CR-25-66_Arkansas_2025/05/29, CR-25-66,Spencer v. State,Arkansas,"May 29, 2025",Speech and Religion,False,https://statecourtreport.org/sites/default/files/2025-12/supreme_court_of_arkansas-opinion.pdf
37-EAP-2024_Pennsylvania_2025/09/25,37 EAP 2024,Commonwealth v. Anthony Lewis,Pennsylvania,"September 25, 2025",Criminal Law,False,https://statecourtreport.org/sites/default/files/2025-10/supreme_court_of_pennsylvania-dissenting_opinion_donohue.pdf
2023-SC-0498-DG_Kentucky_2025/12/19,2023-SC-0498-DG,Coleman v. Board of Education,Kentucky,"December 19, 2025",Government Structure,False,https://statecourtreport.org/sites/default/files/2025-12/supreme_court_of_kentucky-modified_opinion.pdf
S-1-SC-40573_New-Mexico_2025/05/05,S-1-SC-40573,Stewart v. Ramczyk,New Mexico,"May 5, 2025",Government Structure,False,https://statecourtreport.org/sites/default/files/2025-12/supreme_court_of_new_mexico-opinion-05.05.2025.pdf
-2024-0066_New-Hampshire_2025/05/01, 2024-0066,State v. Zarella,New Hampshire,"May 1, 2025",Criminal Law,False,https://statecourtreport.org/sites/default/files/2025-12/supreme_court_of_new_hampshire-opinion-05.01.2025.pdf
20220889_Utah_2025/05/01,20220889,State v. Labrum,Utah,"May 1, 2025",Criminal Law,False,https://statecourtreport.org/sites/default/files/2025-12/supreme_court_of_utah-opinion.pdf
CV-24-0220-T/AP_Arizona_2025/12/04,CV-24-0220-T/AP,Knight v. Fontes,Arizona,"December 4, 2025",Judicial Selection and Administration,False,https://statecourtreport.org/sites/default/files/2025-12/supreme_court_of_arizona-opinion.pdf
"131365,-131506_Illinois_2025/09/18","131365, 131506",Stewart v. Rosenblum,Illinois,"September 18, 2025",Criminal Law,False,https://statecourtreport.org/sites/default/files/2025-09/supreme_court_of_illinois-opinion.pdf
SCWC-23-0000376_Hawaii_2025/09/17,SCWC-23-0000376,Hawaii v. Zuffante,Hawaii,"September 17, 2025",Civil Due Process,False,https://statecourtreport.org/sites/default/files/2025-09/supreme_court_of_hawaii-opinion_0.pdf
SC2023-1298_Florida_2025/12/18,SC2023-1298,Jackson v. Florida,Florida,"December 18, 2025",Criminal Law,False,https://statecourtreport.org/sites/default/files/2025-12/opinion_sc2023-1298.pdf
SJC-13641_Massachusetts_2025/09/10,SJC-13641,Tran v. Commonwealth,Massachusetts,"September 10, 2025",Government Structure,False,https://statecourtreport.org/sites/default/files/2025-09/supreme_judicial_court_of_massachusetts-opinion.pdf
S-24-0326_Wyoming_2026/01/06,S-24-0326,Johnson v. Wyoming,Wyoming,"January 6, 2026",Reproductive Rights,False,https://statecourtreport.org/sites/default/files/2026-01/supreme_court_of_wyoming-opinion-1.6.2026.pdf
24SC394_Colorado_2025/02/24,24SC394,League of Women Voters of Greeley v. Board of County Commissioners of City of Weld,Colorado,"February 24, 2025",Government Structure,False,https://statecourtreport.org/sites/default/files/2025-12/supreme_court_of_colorado-opinion.pdf
"102,378-2_Washington_2025/11/13","102,378-2",State v. James Ellis,Washington,"November 13, 2025",Criminal Law,False,https://statecourtreport.org/sites/default/files/2025-11/supreme_court_of_washington-opinion_0.pdf
SC20802_Connecticut_2025/09/02,SC20802,State v. McFarland,Connecticut,"September 2, 2025",Criminal Law,False,https://statecourtreport.org/sites/default/files/2025-09/supreme_court_of_connecticut-concurring_opinion_iii.pdf
PEN-21-256_Maine_2025/08/29,PEN-21-256,State v. McLain,Maine,"August 29, 2025",Criminal Law,False,https://statecourtreport.org/sites/default/files/2025-09/supreme_judicial_court_of_maine-opinion.pdf
M2023-01686-SC-R3-CV_Tennessee_2025/12/10,M2023-01686-SC-R3-CV,Wygant v. Lee (formerly Moore v. Lee),Tennessee,"December 10, 2025",Judicial Interpretation,False,https://statecourtreport.org/sites/default/files/2025-12/supreme_court_of_tennessee-concur_in_part-dissent_in_part_kirby.pdf
S270535_California_2025/11/06,S270535,Taking Offense v. State of California,California,"November 6, 2025",Speech and Religion,False,https://statecourtreport.org/sites/default/files/2025-11/supreme_court_of_california-opinion.pdf
2025-5243_Ohio_2025/11/25,2025-5243,Gatehouse Media Ohio Holdings v. City of Columbus Police Department,Ohio,"November 25, 2025",Criminal Law,False,https://statecourtreport.org/sites/default/files/2025-12/supreme_court_of_ohio-opinion.pdf
23AP-379_Ohio_2025/08/21,23AP-379,Lyon v. Riverside Methodist Hospital,Ohio,"August 21, 2025",Torts and Liability,False,https://statecourtreport.org/sites/default/files/2025-09/ohio_court_of_appeals-opinion.pdf
COA24-454_North-Carolina_2025/08/20,COA24-454,Mohebali v. Hayes,North Carolina,"August 20, 2025",Reproductive Rights,False,https://statecourtreport.org/sites/default/files/2025-09/north_carolina_court_of_appeals-opinion.pdf
20240291_North-Dakota_2025/11/21,20240291,Access Independent Health Services v. Wrigley,North Dakota,"November 21, 2025",Reproductive Rights,False,https://statecourtreport.org/sites/default/files/2025-11/supreme_court_of_north_dakota-opinion_2025.pdf
S071885_Oregon_2025/03/12,S071885,Arnold v. Kotek,Oregon,"March 12, 2025",Civil Rights,False,https://statecourtreport.org/sites/default/files/2025-10/court_of_appeals_of_oregon-opinion.pdf
SJC-13646_Massachusetts_2025/08/07,SJC-13646,Raftery v. State Board of Retirement,Massachusetts,"August 7, 2025",Economic and Labor Rights,False,https://statecourtreport.org/sites/default/files/2025-08/massachusetts_supreme_judicial_court-opinion.pdf
442PA20_North-Carolina_2025/12/12,442PA20,State v. Kelliher,North Carolina,"December 12, 2025",Criminal Law,False,https://statecourtreport.org/sites/default/files/2026-01/supreme_court_of_north_carolina-opinion.pdf
"WR-45,746-04_Texas_2025/07/30","WR-45,746-04",Ex Parte David Leonard Wood,Texas,"July 30, 2025",Criminal Law,False,https://statecourtreport.org/sites/default/files/2025-08/texas_court_of_criminal_appeals-concurrence_dissent.pdf
"A-3542-21T2,-A-3543-21T2_New-Jersey_2025/02/26","A-3542-21T2, A-3543-21T2",In re Tom Malinowski,New Jersey,"February 26, 2025",Voting Rights and Elections,False,https://statecourtreport.org/sites/default/files/2025-02/superior_court_of_new_jersey-opinion.pdf
S-24-0323_Wyoming_2025/10/21,S-24-0323,Hicks v. State,Wyoming,"October 21, 2025",Criminal Law,False,https://statecourtreport.org/sites/default/files/2025-10/supreme_court_of_wyoming-opinion.pdf
103136-0_Washington_2025/07/31,103136-0,State v. Evans,Washington,"July 31, 2025",Criminal Law,False,https://statecourtreport.org/sites/default/files/2025-08/supreme_court_of_washington-opinion.pdf
73-MAP-2022_Pennsylvania_2025/07/22,73 MAP 2022,Ferguson v. Department of Transportation,Pennsylvania,"July 22, 2025",Judicial Interpretation,False,https://statecourtreport.org/sites/default/files/2025-08/supreme_court_of_pennsylvania-concurring_opinion.pdf
SC100898_Missouri_2025/07/22,SC100898,Robust Missouri Dispensary 3 v. St. Louis County,Missouri,"July 22, 2025",Economic and Labor Rights,False,https://statecourtreport.org/sites/default/files/2025-07/supreme_court_of_missouri-opinion.pdf
S25A0446;-S25A044;-S25A0448_Georgia_2025/09/30,S25A0446; S25A044; S25A0448,"Bailey v. McKintosh County, Webster v. McIntosh County, McIntosh County v. Webster",Georgia,"September 30, 2025",Voting Rights and Elections,False,https://statecourtreport.org/sites/default/files/2025-10/supreme_court_of_georgia-opinion.pdf
A-16-24_New-Jersey_2025/07/16,A-16-24,Englewood Hospital & Medical Center v. State,New Jersey,"July 16, 2025",Government Structure,False,https://statecourtreport.org/sites/default/files/2025-07/supreme_court_of_new_jersey-opinion_0.pdf
SC-20794_Connecticut_2025/07/01,SC 20794,State v. Haynes,Connecticut,"July 1, 2025",Criminal Law,False,https://statecourtreport.org/sites/default/files/2025-08/supreme_court_of_connecticut-concurrence_dissent_0.pdf
23-0703_Texas_2025/06/27,23-0703,Southern Methodist University v. South Central Jurisdictional Conference of the United Methodist Church,Texas,"June 27, 2025",Speech and Religion,False,https://statecourtreport.org/sites/default/files/2025-08/supreme_court_of_texas-majority_opinion.pdf
165233_Michigan_2025/06/03,165233,People v. Armstrong,Michigan,"June 3, 2025",Criminal Law,False,https://statecourtreport.org/sites/default/files/2025-08/supreme_court_of_michigan-opinion.pdf
23–1766_Iowa_2025/06/27,23–1766,Sikora v. Iowa,Iowa,"June 27, 2025",Criminal Law,False,https://statecourtreport.org/sites/default/files/2025-07/supreme_court_of_iowa-opinion.pdf
SCPW-17-0000927;-21908_Hawaii_2018/06/05,SCPW-17-0000927; 21908,Grube v. Trader; State v. Rogan,Hawaii,"June 5, 2018",Speech and Religion,False,https://statecourtreport.org/sites/default/files/2025-11/supreme_court_of_hawaii-opinion_0.pdf
24-127390-A_Kansas_2025/09/29,24-127390 A,Kansas v. Harper,Kansas,"September 29, 2025",Civil Rights,False,https://statecourtreport.org/sites/default/files/2025-11/supreme_court_of_kansas-order_denying_petition.pdf
28301_South-Carolina_2025/09/17,28301,League of Women Voters of South Carolina v. Alexander,South Carolina,"September 17, 2025",Voting Rights and Elections,False,https://statecourtreport.org/sites/default/files/2025-09/supreme_court_of_south_carolina-opinion.pdf
23-2114_Iowa_2025/06/13,23-2114,State v. Amble,Iowa,"June 13, 2025",Criminal Law,False,https://statecourtreport.org/sites/default/files/2025-06/supreme_court_of_iowa-opinion.pdf
2022AP790_Wisconsin_2025/06/17,2022AP790,Josh Kaul v. Wisconsin State Legislature,Wisconsin,"June 17, 2025",Government Structure,False,https://statecourtreport.org/sites/default/files/2025-06/supreme_court_of_wisconsin-opinion.pdf
28-WAP-2024_Pennsylvania_2025/09/26,28 WAP 2024,Center for Coalfield Justice v. Washington County Board of Elections,Pennsylvania,"September 26, 2025",Voting Rights and Elections,False,https://statecourtreport.org/sites/default/files/2025-09/pennsylvania_supreme_court-dissenting_opinion_brobson.pdf
130015_Illinois_2025/06/05,130015,State v. Spencer,Illinois,"June 5, 2025",Criminal Law,False,https://statecourtreport.org/sites/default/files/2025-06/supreme_court_of_illinois-opinon.pdf
DA-23-0648_Montana_2025/05/29,DA 23-0648,Montana Environmental Information Center v. Office of the Governor,Montana,"May 29, 2025",Economic and Labor Rights,False,https://statecourtreport.org/sites/default/files/2025-06/supreme_court_of_montana-opinion_0.pdf
M2022-00899-SC-R11-CD_Tennessee_2025/08/27,M2022-00899-SC-R11-CD,State v. Green,Tennessee,"August 27, 2025",Criminal Law,False,https://statecourtreport.org/sites/default/files/2025-09/supreme_court_of_tennessee-opinion.pdf
24-0573_Texas_2025/05/30,24-0573,Paxton v. Annunciation House,Texas,"May 30, 2025",Speech and Religion,False,https://statecourtreport.org/sites/default/files/2025-06/supreme_court_of_texas-opinion.pdf
S25A0334_Georgia_2025/05/28,S25A0334,Stephens v. State,Georgia,"May 28, 2025",Civil Rights,False,https://statecourtreport.org/sites/default/files/2025-06/supreme_court_of_georgia-opinion.pdf
56PA24_North-Carolina_2025/05/23,56PA24,State of North Carolina v. Chambers,North Carolina,"May 23, 2025",Criminal Law,False,https://statecourtreport.org/sites/default/files/2025-06/supreme_court_of_north_carolina-opinion_0.pdf
240869_Virginia_2025/05/22,240869,Norfolk Southern Railway v. State Corporation Commission,Virginia,"May 22, 2025",Economic and Labor Rights,False,https://statecourtreport.org/sites/default/files/2025-06/supreme_court_of_virginia-opinion.pdf
102680-3-_Washington_2025/05/15,102680-3 ,City of Wenatchee v. Stearns,Washington,"May 15, 2025",Criminal Law,False,https://statecourtreport.org/sites/default/files/2025-06/supreme_court_of_washington-opinion.pdf
SJC-13672_Massachusetts_2025/05/15,SJC-13672,Care and Prevention of Eve,Massachusetts,"May 15, 2025",Speech and Religion,False,https://statecourtreport.org/sites/default/files/2025-05/supreme_judicial_court_of_massachusetts-opinion.pdf
2024-KK-00737_Louisiana_2025/05/09,2024-KK-00737,State v. Davieontray Breax,Louisiana,"May 9, 2025",Criminal Law,False,https://statecourtreport.org/sites/default/files/2025-05/supreme_court_of_louisiana-opinion.pdf
25S-MH-111_Indiana_2025/05/05,25S-MH-111,J.F. v. St. Vincent Hospital,Indiana,"May 5, 2025",Civil Rights,False,https://statecourtreport.org/sites/default/files/2025-05/supreme_court_of_indiana-opinion.pdf
23-0000310_Hawaii_2025/09/12,23-0000310,Hilo Bay Marina v. State of Hawaii,Hawaii,"September 12, 2025",Speech and Religion,False,https://statecourtreport.org/sites/default/files/2025-09/supreme_court_of_hawaii-concurring_opinion.pdf
2024AP330-OA_Wisconsin_2025/07/02,2024AP330-OA,Planned Parenthood v. Urmanski,Wisconsin,"July 2, 2025",Reproductive Rights,False,https://statecourtreport.org/sites/default/files/2025-07/supreme_court_of_wisconsin-opinion.pdf
COA22-571_North-Carolina_2025/08/22,COA22-571,Howell v. Cooper; North Carolina Bar and Tavern Association v. Stein,North Carolina,"August 22, 2025",Civil Due Process,False,https://statecourtreport.org/sites/default/files/2025-08/supreme_court_of_north_carolina-opinion_stein.pdf
23-0067_Texas_2025/05/02,23-0067,Stary v. Ethridge,Texas,"May 2, 2025",Civil Rights,False,https://statecourtreport.org/sites/default/files/2025-05/supreme_court_of_texas-opinion.pdf
42_New-York_2025/05/22,42,Glen Oaks Village Owners v. City of New York,New York,"May 22, 2025",Environment,False,https://statecourtreport.org/sites/default/files/2025-09/new_york_court_of_appeals-opinion.pdf
S-24-221	_Nebraska_2025/04/18,S-24-221	,State ex rel. Hilgers v. Evnen,Nebraska,"April 18, 2025",Criminal Law,False,https://statecourtreport.org/sites/default/files/2025-04/supreme_court_of_nebraska-opinion_0.pdf
"S-19083,-S-19113_Alaska_2025/03/28","S-19083, S-19113",State Department of Education & Early Development v. Alexander,Alaska,"March 28, 2025",Criminal Law,False,https://statecourtreport.org/sites/default/files/fastcase/converted/State%2C%20Dep%27t%20of%20Educ.%20%26%20Early%20Dev.%20v.%20Alexander%2C%20Alaska%20S-19083.pdf
24-432_West-Virginia_2025/03/25,24-432,State v. Cohee,West Virginia,"March 25, 2025",Torts and Liability,False,https://statecourtreport.org/sites/default/files/fastcase/converted/State%20v.%20Cohee%2C%20W.%20Va.%2024-432.pdf
"2024-CA-00995,-2024-CA-00996_Louisiana_2025/03/21","2024-CA-00995, 2024-CA-00996","Fremin v. Boyd Racing, LLC",Louisiana,"March 21, 2025",Civil Rights,False,https://statecourtreport.org/sites/default/files/fastcase/converted/Fremin%20v.%20Boyd%20Racing%2C%20LLC%2C%20La.%202024-CA-00995.pdf
2024-CC-00899_Louisiana_2025/03/21,2024-CC-00899,Welch v. United Medical Healthwest-New Orleans,Louisiana,"March 21, 2025",Voting Rights and Elections,False,https://statecourtreport.org/sites/default/files/fastcase/converted/Welch%20v.%20United%20Med.%20Health%20We%20St-New%20Orleans%20LLC%2C%20La.%202024-CC-00899.pdf
86PA24-_North-Carolina_2025/03/21,86PA24 ,Happel v. Board of Education,North Carolina,"March 21, 2025",Government Structure,False,https://statecourtreport.org/sites/default/files/2025-05/supreme_court_of_north_carolina-opinion.pdf
23-0474_Texas_2025/03/21,23-0474,Commons of Lake Houston v. City of Houston,Texas,"March 21, 2025",Government Structure,False,https://statecourtreport.org/sites/default/files/fastcase/converted/The%20Commons%20of%20Lake%20Hous.%20v.%20City%20of%20Houston%2C%20Tex.%2023-0474.pdf
131480_Illinois_2025/04/09,131480,McCombie v. Illinois State Board of Elections,Illinois,"April 9, 2025",Voting Rights and Elections,False,https://statecourtreport.org/sites/default/files/2025-04/supreme_court_of_illinois-opinion.pdf
S-1-SC-39901_New-Mexico_2025/03/20,S-1-SC-39901,State v. Maestas,New Mexico,"March 20, 2025",Civil Due Process,False,https://statecourtreport.org/sites/default/files/fastcase/converted/State%20v.%20Maestas%2C%20N.M.%20S-1-SC-39901.pdf
2023-0637_New-Hampshire_2025/03/18,2023-0637,In re Doe,New Hampshire,"March 18, 2025",Criminal Law,False,https://statecourtreport.org/sites/default/files/fastcase/converted/In%20re%20Doe%2C%20N.H.%202023-0637.pdf
S24A1373-_Georgia_2025/03/13,S24A1373 ,State v. Dias,Georgia,"March 13, 2025",Civil Rights,False,https://statecourtreport.org/sites/default/files/fastcase/converted/State%20v.%20Dias%2C%20Ga.%20S24A1373.pdf
166428;-166654_Michigan_2025/04/10,166428; 166654,People v. Taylor; People v. Czarnecki,Michigan,"April 10, 2025",Criminal Law,False,https://statecourtreport.org/sites/default/files/2025-04/supreme_court_of_michigan-opinion_0.pdf
S-24-0157_Wyoming_2025/03/11,S-24-0157,Boline v. JKC Trucking,Wyoming,"March 11, 2025",Voting Rights and Elections,False,https://statecourtreport.org/sites/default/files/fastcase/converted/Boline%20v.%20JKC%20Trucking%2C%20Wyo.%20S-24-0157.pdf
102622-6_Washington_2025/03/06,102622-6,State v. Mercedes,Washington,"March 6, 2025",Criminal Law,False,https://statecourtreport.org/sites/default/files/fastcase/converted/State%20v.%20Mercedes%2C%20Wash.%20102622-6.pdf
S-23-0945_Nebraska_2025/04/04,S-23-0945,N'Da v. Hybl,Nebraska,"April 4, 2025",Economic and Labor Rights,False,https://statecourtreport.org/sites/default/files/2025-04/supreme_court_of_nebraska-opinion.pdf
"A25-0066,-A25-0068_Minnesota_2025/03/05","A25-0066, A25-0068",Simon v. Demuth,Minnesota,"March 5, 2025",Government Structure,False,https://statecourtreport.org/sites/default/files/fastcase/converted/Simon%20v.%20Demuth%2C%20Minn.%20A25-0066.pdf
30400-r-JMK_South-Dakota_2025/03/05,30400-r-JMK,Gonzales v. Markland,South Dakota,"March 5, 2025",Government Structure,False,https://statecourtreport.org/sites/default/files/fastcase/converted/Gonzales%20v.%20Markland%2C%20S.D.%2030400-r-JMK.pdf
23-1829_Iowa_2025/02/28,23-1829,Rivas v. Brownell,Iowa,"February 28, 2025",Government Structure,False,https://statecourtreport.org/sites/default/files/fastcase/converted/Rivas%20v.%20Brownell%2C%20Iowa%2023-1829.pdf
SC100876_Missouri_2025/04/29,SC100876,McCarty v. Missouri Secretary of State,Missouri,"April 29, 2025",Economic and Labor Rights,False,https://statecourtreport.org/sites/default/files/2025-05/supreme_court_of_missouri-opinion.pdf
18CVS009806-910_North-Carolina_2022/08/19,18CVS009806-910,North Carolina NAACP v. Moore,North Carolina,"August 19, 2022",Voting Rights and Elections,False,https://statecourtreport.org/sites/default/files/fastcase/converted/N.C.%20State%20Conference%20of%20The%20Nat%27l%20Ass%27n%20v.%20Moore%2C%20N.C.%20261A18-3.pdf
28280_South-Carolina_2025/05/14,28280,Planned Parenthood South Atlantic v. South Carolina (Planned Parenthood 2),South Carolina,"May 14, 2025",Reproductive Rights,False,https://statecourtreport.org/sites/default/files/2025-05/supreme_court_of_south_carolina-opinion.pdf
24-0714_Texas_2025/06/13,24-0714,Perez v. City of San Antonio,Texas,"June 13, 2025",Speech and Religion,False,https://statecourtreport.org/sites/default/files/2025-06/supreme_court_of_texas-dissenting_opinion.pdf
1-CA-CV-23-0606_Arizona_2025/05/06,1 CA-CV 23-0606,"Sync Title Agency, LLC v. Arizona Corporation Commission",Arizona,"May 6, 2025",Economic and Labor Rights,False,https://statecourtreport.org/sites/default/files/2025-06/arizona_court_of_appeals-opinion.pdf
"S25A0362,-S25A0490_Georgia_2025/06/10","S25A0362, S25A0490","Republican National Committee v. Eternal Vigilance Action, Inc; Georgia v. Eternal Vigilance Action",Georgia,"June 10, 2025",Voting Rights and Elections,False,https://statecourtreport.org/sites/default/files/2025-06/supreme_court_of_georgia-opinion_0.pdf
S24C1320-_Georgia_2025/02/18,S24C1320 ,"Atlantic Games, Inc. v. Georgia Lottery Corporation",Georgia,"February 18, 2025",Government Structure,False,https://statecourtreport.org/sites/default/files/fastcase/converted/Atl.%20Games%2C%20Inc.%20v.%20Ga.%20Lottery%20Corp.%2C%20Ga.%20S24C1320.pdf
S-1-SC-40105_New-Mexico_2025/03/06,S-1-SC-40105,Amdor v. Grisham,New Mexico,"March 6, 2025",Government Structure,False,https://statecourtreport.org/sites/default/files/2025-03/supreme_court_of_new_mexico-opinion.pdf
SJC-13600_Massachusetts_2025/06/04,SJC-13600,Commonwealth v. Govan,Massachusetts,"June 4, 2025",Criminal Law,False,https://statecourtreport.org/sites/default/files/2025-06/supreme_judicial_court_of_massachusetts-opinion.pdf
130286_Illinois_2025/02/06,130286,People v. Hagestedt,Illinois,"February 6, 2025",Criminal Law,False,https://statecourtreport.org/sites/default/files/fastcase/converted/People%20v.%20Hagestedt%2C%20Ill.%20130286.pdf
23-0767_Texas_2025/05/09,23-0767,Elliott v. City of College Station,Texas,"May 9, 2025",Judicial Interpretation,False,https://statecourtreport.org/sites/default/files/2025-07/supreme_court_of_texas-opinion.pdf
SCWC-18-0000941_Hawaii_2025/06/17,SCWC-18-0000941,Foresman v. Foresman,Hawaii,"June 17, 2025",Judicial Interpretation,False,https://statecourtreport.org/sites/default/files/2025-11/supreme_court_of_hawaii-opinion.pdf
120617_Oklahoma_2025/02/04,120617,Donaldson v. City of El Reno,Oklahoma,"February 4, 2025",Civil Due Process,False,https://statecourtreport.org/sites/default/files/fastcase/converted/Donaldson%20v.%20City%20of%20El%20Reno%2C%20Okla.%20120617.pdf
SC-165763_Michigan_2025/02/03,SC 165763,Heos v. City of East Lansing,Michigan,"February 3, 2025",Government Structure,False,https://statecourtreport.org/sites/default/files/fastcase/converted/Heos%20v.%20City%20of%20E.%20Lansing%2C%20Mich.%20SC%20165763.pdf
320P24-_North-Carolina_2025/04/04,320P24 ,Griffin v. State Board of Elections,North Carolina,"April 4, 2025",Voting Rights and Elections,False,https://statecourtreport.org/sites/default/files/2025-04/north_carolina_court_of_appeals-opinion.pdf
2023AP002362_Wisconsin_2025/07/02,2023AP002362,Kaul v. Urmanski,Wisconsin,"July 2, 2025",Reproductive Rights,False,https://statecourtreport.org/sites/default/files/2025-07/kaul_v-urmanski_opinion.pdf
23-1414_Iowa_2025/05/09,23-1414,League of United Latin American Citizens of Iowa v. Pate,Iowa,"May 9, 2025",Voting Rights and Elections,False,https://statecourtreport.org/sites/default/files/2025-05/iowa_supreme_court-opinion.pdf
122216_Oklahoma_2025/02/25,122216,Connor v. Oklahoma,Oklahoma,"February 25, 2025",Torts and Liability,False,https://statecourtreport.org/sites/default/files/2025-03/supreme_court_of_oklahoma-opinion.pdf
SC-S070433_Oregon_2025/01/30,SC S070433,State v. Gonzalez,Oregon,"January 30, 2025",Criminal Law,False,https://statecourtreport.org/sites/default/files/fastcase/converted/State%20v.%20Gonzalez%2C%20Or.%20SC%20S070433.pdf
S24A1273_Georgia_2025/01/28,S24A1273,White v. City of Mableton,Georgia,"January 28, 2025",Government Structure,False,https://statecourtreport.org/sites/default/files/fastcase/converted/White%20v.%20City%20of%20Mableton%2C%20Ga.%20S24A1273.pdf
S23G1029_Georgia_2025/01/28,S23G1029,Wasserman v. Franklin County,Georgia,"January 28, 2025",Government Structure,False,https://statecourtreport.org/sites/default/files/fastcase/converted/Wasserman%20v.%20Franklin%20Cnty.%2C%20Ga.%20S23G1029.pdf
2023AP002020---OA_Wisconsin_2025/07/08,2023AP002020 - OA,Evers v. Marklein,Wisconsin,"July 8, 2025",Government Structure,False,https://statecourtreport.org/sites/default/files/2025-07/supreme_court_of_wisconsin-opinion_0.pdf
129767_Illinois_2025/01/24,129767,People v. White,Illinois,"January 24, 2025",Criminal Law,False,https://statecourtreport.org/sites/default/files/fastcase/converted/People%20v.%20White%2C%20Ill.%20129767.pdf
130509_Illinois_2025/01/24,130509,Martin v. Goodrich Corporation,Illinois,"January 24, 2025",Economic and Labor Rights,False,https://statecourtreport.org/sites/default/files/fastcase/converted/Martin%20v.%20Goodrich%20Corp.%2C%20Ill.%20130509.pdf
S-1-SC-39961_New-Mexico_2025/01/23,S-1-SC-39961,Johnson v. Board of Education,New Mexico,"January 23, 2025",Civil Rights,False,https://statecourtreport.org/sites/default/files/fastcase/converted/Johnson%20v.%20Bd.%20of%20Educ.%2C%20N.M.%20S-1-SC-39961.pdf
2024-0121_New-Hampshire_2025/07/01,2024-0121,Contoocook Valley School District v. New Hampshire,New Hampshire,"July 1, 2025",Education,False,https://statecourtreport.org/sites/default/files/2025-07/new_hampshire_supreme_court-opinion.pdf
S-18814_Alaska_2025/01/17,S-18814,Valoaga v. State,Alaska,"January 17, 2025",Criminal Law,False,https://statecourtreport.org/sites/default/files/fastcase/converted/Valoaga%20v.%20State%2C%20Alaska%20S-18814.pdf
SC-S069859_Oregon_2025/01/16,SC S069859,State v. Dodge,Oregon,"January 16, 2025",Criminal Law,False,https://statecourtreport.org/sites/default/files/fastcase/converted/State%20v.%20Dodge%2C%20Or.%20SC%20S069859.pdf
166813-_Michigan_2025/04/01,166813 ,People v. Poole,Michigan,"April 1, 2025",Criminal Law,False,https://statecourtreport.org/sites/default/files/2025-04/supreme_court_of_michigan-opinion.pdf
SC2023-1671	_Florida_2025/07/17,SC2023-1671	,Black Voters Matter v. Byrd,Florida,"July 17, 2025",Voting Rights and Elections,False,https://statecourtreport.org/sites/default/files/2025-07/supreme_court_of_florida-opinion.pdf
2023-0663_New-Hampshire_2025/01/10,2023-0663,Attorney General v. Hood,New Hampshire,"January 10, 2025",Civil Rights,False,https://statecourtreport.org/sites/default/files/fastcase/converted/Attorney%20Gen.%20v.%20Hood%2C%20N.H.%202023-0663.pdf
DA-23-0225_Montana_2025/01/03,DA 23-0225,Montana Environmental Information Center & Sierra Club v. Montana Department of Environmental Quality,Montana,"January 3, 2025",Environment,False,https://statecourtreport.org/sites/default/files/fastcase/converted/Mont.%20Envtl.%20Info.%20Ctr.%20%26%20Sierra%20Club%20v.%20Mont.%20Dep%27t%20of%20Envtl.%20Quality%2C%20Mont.%20DA%2023-0225.pdf
DA-23-0268_Montana_2025/01/02,DA 23-0268,Montana Trout Unlimited v. Montana Department of Natural Resources & Conservation,Montana,"January 2, 2025",Environment,False,https://statecourtreport.org/sites/default/files/fastcase/converted/Mont.%20Trout%20Unlimited%20v.%20Mont.%20Dep%27t%20of%20Nat.%20Res.%20%26%20Conservation%2C%20Mont.%20DA%2023-0268.pdf
BCD-23-122-_Maine_2025/01/28,BCD-23-122 ,Dupuis v. Roman Catholic Bishop of Portland,Maine,"January 28, 2025",Criminal Law,False,https://statecourtreport.org/sites/default/files/2025-02/supreme_judicial_court_of_maine-opinion.pdf
267PA21_North-Carolina_2025/01/31,267PA21,State v. Francisco Edgar Tirado,North Carolina,"January 31, 2025",Criminal Law,False,https://statecourtreport.org/sites/default/files/2025-02/supreme_court_of_north_carolina-opinion.pdf
CQ-122108_Oklahoma_2025/01/22,CQ-122108,Cherokee Nation  v. U.S. Department of the Interior,Oklahoma,"January 22, 2025",Government Structure,False,https://statecourtreport.org/sites/default/files/2025-02/supreme_court_of_oklahoma-opinion.pdf
24AP729-OA_Wisconsin_2025/04/18,24AP729-OA,LeMieux v. Evers,Wisconsin,"April 18, 2025",Government Structure,False,https://statecourtreport.org/sites/default/files/2025-04/supreme_court_of_wisconsin-opinion.pdf
102942-0_Washington_2025/03/27,102942-0,State v. Nelson,Washington,"March 27, 2025",Civil Rights,False,https://statecourtreport.org/sites/default/files/2025-08/supreme_court_of_washington-opinion_0.pdf
1_New-York_2025/02/18,1,Cuomo v. New York State Commission on Ethics and Lobbying in Government,New York,"February 18, 2025",Government Structure,False,https://statecourtreport.org/sites/default/files/2025-03/new_york_court_of_appeals-opinion.pdf
J-35-2024_Pennsylvania_2025/05/30,J-35-2024,Firearms Owners Against Crime v. Commissioner of Pennsylvania State Police,Pennsylvania,"May 30, 2025",Civil Due Process,False,https://statecourtreport.org/sites/default/files/2025-09/supreme_court_of_pennsylvania-opinion.pdf
20200917_Utah_2024/12/27,20200917,State v. Rippey,Utah,"December 27, 2024",Criminal Law,False,https://statecourtreport.org/sites/default/files/fastcase/converted/State%20v.%20Rippey%2C%20Utah%2020200917.pdf
2023-0278_New-Hampshire_2024/12/24,2023-0278,"In re Port City Air Leasing, Inc.",New Hampshire,"December 24, 2024",Government Structure,False,https://statecourtreport.org/sites/default/files/fastcase/converted/In%20re%20Port%20City%20Air%20Leasing%2C%20Inc.%2C%20N.H.%202023-0278.pdf
127838_Illinois_2024/12/19,127838,People v. Clark,Illinois,"December 19, 2024",Criminal Law,False,https://statecourtreport.org/sites/default/files/fastcase/converted/People%20v.%20Clark%2C%20Ill.%20127838.pdf
DA-24-0324_Montana_2024/12/18,DA 24-0324,Cottonwood Environmental Law Center v. State,Montana,"December 18, 2024",Government Structure,False,https://statecourtreport.org/sites/default/files/fastcase/converted/Cottonwood%20Envtl.%20Law%20Ctr.%20v.%20State%2C%20Mont.%20DA%2024-0324.pdf
"37-MAP-2023,-38-MAP-2023,-39-MAP-2023-_Pennsylvania_2024/12/17","37 MAP 2023, 38 MAP 2023, 39 MAP 2023 ",In re Prospect Crozer LLC,Pennsylvania,"December 17, 2024",Government Structure,False,https://statecourtreport.org/sites/default/files/fastcase/converted/In%20re%20Prospect%20Crozer%20LLC%2C%20Pa.%2037%20MAP%202023.pdf
283A22-2_North-Carolina_2024/12/13,283A22-2,In re Chastain,North Carolina,"December 13, 2024",Government Structure,False,https://statecourtreport.org/sites/default/files/fastcase/converted/In%20re%20Chastain%2C%20N.C.%20283A22-2.pdf
2023-IA-00282-SCT_Mississippi_2024/12/12,2023-IA-00282-SCT,National Collegiate Athletic Association v. Farrar,Mississippi,"December 12, 2024",Torts and Liability,False,https://statecourtreport.org/sites/default/files/fastcase/converted/Nat%27l%20Collegiate%20Athletic%20Ass%27n%20v.%20Farrar%2C%20Miss.%202023-IA-00282-SCT.pdf
S24A1368_Georgia_2024/12/10,S24A1368,Sumrall v. State,Georgia,"December 10, 2024",Criminal Law,False,https://statecourtreport.org/sites/default/files/fastcase/converted/Sumrall%20v.%20State%2C%20Ga.%20S24A1368.pdf
S24A0963_Georgia_2024/12/10,S24A0963,Hollis v. City of LaGrange,Georgia,"December 10, 2024",Government Structure,False,https://statecourtreport.org/sites/default/files/fastcase/converted/Hollis%20v.%20City%20of%20Lagrange%2C%20Ga.%20S24A0963.pdf
SC-2024-0081_Alabama_2024/12/06,SC-2024-0081,"Crenshaw ex rel. Crenshaw v. Sonic Drive In of Greenville, Inc.",Alabama,"December 6, 2024",Economic and Labor Rights,False,https://statecourtreport.org/sites/default/files/fastcase/converted/Crenshaw%20ex%20rel.%20Crenshaw%20v.%20Sonic%20Drive%20In%20of%20Greenville%2C%20Inc.%2C%20Ala.%20SC-2024-0081.pdf
23-1075_Iowa_2024/12/06,23-1075,State v. Mumford,Iowa,"December 6, 2024",Criminal Law,False,https://statecourtreport.org/sites/default/files/fastcase/converted/State%20v.%20Mumford%2C%20Iowa%2023-1075.pdf
22A-CR-02524_Indiana_2024/12/05,22A-CR-02524,Jackson v. State,Indiana,"December 5, 2024",Criminal Law,False,https://statecourtreport.org/sites/default/files/fastcase/converted/Jackson%20v.%20State%2C%20Ind.%2022A-CR-02524.pdf
DA-23-0555_Montana_2025/01/02,DA 23-0555,O’Neil v. Gianforte,Montana,"January 2, 2025",Government Structure,False,https://statecourtreport.org/sites/default/files/2025-01/supreme_court_of_montana-opinion.pdf
20240125_North-Dakota_2024/12/19,20240125,City of Fargo v. State,North Dakota,"December 19, 2024",Government Structure,False,https://statecourtreport.org/sites/default/files/2025-01/north_dakota_supreme_court-opinion.pdf
102940-3-_Washington_2025/05/08,102940-3 ,State of Washington v. Gator's Custom Guns,Washington,"May 8, 2025",Economic and Labor Rights,False,https://statecourtreport.org/sites/default/files/2025-05/supreme_court_of_washington-opinion.pdf
30343-r-PJD_South-Dakota_2024/11/13,30343-r-PJD,State v. Waldner,South Dakota,"November 13, 2024",Criminal Law,False,https://statecourtreport.org/sites/default/files/2025-02/supreme_court_of_south_dakota-opinion_0.pdf
102569-6_Washington_2025/03/06,102569-6,Vet Voice Foundation v. Hobbs,Washington,"March 6, 2025",Voting Rights and Elections,False,https://statecourtreport.org/sites/default/files/2025-03/supreme_court_of_washington-opinion.pdf
W2023-01207-CCA-R9-CO_Tennessee_2024/10/04,W2023-01207-CCA-R9-CO,McKay v. State,Tennessee,"October 4, 2024",Criminal Law,False,https://statecourtreport.org/sites/default/files/2024-10/tennessee_court_of_criminal_appeals-opinion.pdf
49710_Idaho_2024/11/29,49710,State v. Pulizzi,Idaho,"November 29, 2024",Criminal Law,False,https://statecourtreport.org/sites/default/files/fastcase/converted/State%20v.%20Pulizzi%2C%20Idaho%2049710.pdf
S070771_Oregon_2025/01/30,S070771,Huskey v. Oregon Department of Corrections,Oregon,"January 30, 2025",Criminal Law,False,https://statecourtreport.org/sites/default/files/2025-06/supreme_court_of_oregon-opinion.pdf
DA-24-0147_Montana_2025/06/09,DA 24-0147,Planned Parenthood of Montana v. State (Planned Parenthood 1),Montana,"June 9, 2025",Reproductive Rights,False,https://statecourtreport.org/sites/default/files/2025-06/supreme_court_of_montana-opinion.pdf
121A23_North-Carolina_2025/10/17,121A23,Mitchell v. University of North Carolina Board of Governors,North Carolina,"October 17, 2025",Speech and Religion,False,https://statecourtreport.org/sites/default/files/2025-10/supreme_court_of_north_carolina-opinion.pdf
DA-23-0572_Montana_2024/12/11,DA 23-0572,Cross v. State,Montana,"December 11, 2024",Civil Rights,False,https://statecourtreport.org/sites/default/files/2024-12/supreme_court_of_montana-opinion_0.pdf
51314_Idaho_2024/11/07,51314,Murray v. Dalton (In re Doe),Idaho,"November 7, 2024",Civil Due Process,False,https://statecourtreport.org/sites/default/files/fastcase/converted/Murray%20v.%20Dalton%20%28In%20re%20Doe%29%2C%20Idaho%2051314.pdf
23-219_West-Virginia_2024/11/07,23-219,In re S.M.,West Virginia,"November 7, 2024",Civil Due Process,False,https://statecourtreport.org/sites/default/files/fastcase/converted/In%20re%20S.M.%2C%20W.%20Va.%2023-219.pdf
85935_Nevada_2024/10/31,85935,Nevada Policy Research Institute v. Miller,Nevada,"October 31, 2024",Government Structure,False,https://statecourtreport.org/sites/default/files/fastcase/converted/Nev.%20Policy%20Research%20Inst.%20v.%20Miller%2C%20Nev.%2085935.pdf
126_New-York_2024/10/31,126,Amedure v. State,New York,"October 31, 2024",Voting Rights and Elections,False,https://statecourtreport.org/sites/default/files/fastcase/converted/Amedure%20v.%20State%2C%20N.Y.%20No.%20126.pdf
2024-0122_Ohio_2024/12/05,2024-0122,State ex rel. Martens v. Findlay Municipal Court,Ohio,"December 5, 2024",Judicial Interpretation,False,https://statecourtreport.org/sites/default/files/2025-01/supreme_court_of_ohio-opinion.pdf
23–0970_Iowa_2024/11/21,23–0970,In re N.S.,Iowa,"November 21, 2024",Criminal Law,False,https://statecourtreport.org/sites/default/files/2024-12/supreme_court_of_iowa-opinion.pdf
109PA22-2_North-Carolina_2025/01/31,109PA22-2,McKinney v. Goins,North Carolina,"January 31, 2025",Civil Due Process,False,https://statecourtreport.org/sites/default/files/2025-01/supreme_court_of_north_carolina-opinion.pdf
J-44-2023_Pennsylvania_2024/11/20,J-44-2023,Crawford v. Commonwealth,Pennsylvania,"November 20, 2024",Civil Due Process,False,https://statecourtreport.org/sites/default/files/2024-12/supreme_court_of_pennsylvania-opinion_0.pdf
"9,-10,-2_Maryland_2025/02/03","9, 10, 2","Roman Catholic Archbishop of Washington v. John Doe, Board of Education of Harford County v. Doe, The Key School, Inc., et al. v. Valerie Bunker",Maryland,"February 3, 2025",Criminal Law,False,https://statecourtreport.org/sites/default/files/2025-02/supreme_court_of_maryland-opinion.pdf
S-1-SC-39474_New-Mexico_2024/11/18,S-1-SC-39474,State v. Vasquez,New Mexico,"November 18, 2024",Criminal Law,False,https://statecourtreport.org/sites/default/files/2024-12/supreme_court_of_new_mexico-opinion.pdf
E2022-01058-SC-R11-CV_Tennessee_2025/03/26,E2022-01058-SC-R11-CV,Smith v. BlueCross BlueShield of Tennessee,Tennessee,"March 26, 2025",Civil Rights,False,https://statecourtreport.org/sites/default/files/2025-03/tennessee_supreme_court-opinion.pdf
2022-0934_Ohio_2024/11/19,2022-0934,In Re Application for Correction of Birth Record of Hailey Emmeline Adelaide,Ohio,"November 19, 2024",Civil Rights,False,https://statecourtreport.org/sites/default/files/2024-11/ohio_supreme_court-opinion.pdf
S-2023-921_Oklahoma_2024/10/24,S-2023-921,State v. Velasquez,Oklahoma,"October 24, 2024",Criminal Law,False,https://statecourtreport.org/sites/default/files/2024-12/oklahoma_court_of_criminal_appeals-opinion.pdf
2024-CD-00359_Louisiana_2024/10/25,2024-CD-00359,Fisher v. Harter,Louisiana,"October 25, 2024",Government Structure,False,https://statecourtreport.org/sites/default/files/2024-11/louisiana_supreme_court-opinion.pdf
J-4-2024_Pennsylvania_2024/10/24,J-4-2024,In re The Thirtieth County Investigating Grand Jury,Pennsylvania,"October 24, 2024",Criminal Law,False,https://statecourtreport.org/sites/default/files/2024-11/supreme_court_of_pennsylvania-opinion_0.pdf
102134-8_Washington_2024/10/24,102134-8,State v. McGee,Washington,"October 24, 2024",Criminal Law,False,https://statecourtreport.org/sites/default/files/2024-11/supreme_court_of_washington-opinion.pdf
A22-1840_Minnesota_2024/10/23,A22-1840,In re Benson,Minnesota,"October 23, 2024",Government Structure,False,https://statecourtreport.org/sites/default/files/2024-11/supreme_court_of_minnesota-opinion.pdf
S-1-SC-39284_New-Mexico_2024/10/21,S-1-SC-39284,Johnson & Johnson v. Wilson,New Mexico,"October 21, 2024",Government Structure,False,https://statecourtreport.org/sites/default/files/2024-11/supreme_court_of_new_mexico-opinion.pdf
2023SC116_Colorado_2024/10/08,2023SC116,Masterpiece Cakeshop v. Scardina,Colorado,"October 8, 2024",Civil Rights,False,https://statecourtreport.org/sites/default/files/2024-12/supreme_court_of_colorado-opinion.pdf
15_New-York_2025/03/20,15,Fossella v. Adams,New York,"March 20, 2025",Election 2024,False,https://statecourtreport.org/sites/default/files/2025-03/new_york_court_of_appeals-opinion_0.pdf
22SC759_Colorado_2024/08/19,22SC759,People v. Lopez,Colorado,"August 19, 2024",Criminal Law,False,https://statecourtreport.org/sites/default/files/fastcase/converted/People%20v.%20Lopez%2C%20Colo.%20No.%2022SC759.pdf
CV-24-492_Arkansas_2024/10/17,CV-24-492,McGill v. Thurston,Arkansas,"October 17, 2024",Election 2024,False,https://statecourtreport.org/sites/default/files/2024-11/supreme_court_of_arkansas-opinion.pdf
SCWC-23-0000185_Hawaii_2024/10/17,SCWC-23-0000185,State v. Hoffman,Hawaii,"October 17, 2024",Criminal Law,False,https://statecourtreport.org/sites/default/files/2024-11/supreme_court_of_hawaii-opinion.pdf
85693_Nevada_2024/10/17,85693,"Mass Land Acquisition, LLC v. The First Judicial District Court of the State",Nevada,"October 17, 2024",Economic and Labor Rights,False,https://statecourtreport.org/sites/default/files/2024-11/supreme_court_of_nevada-opinion.pdf
A24-1022_Minnesota_2024/10/16,A24-1022,MacDonald v. Simon,Minnesota,"October 16, 2024",Government Structure,False,https://statecourtreport.org/sites/default/files/2024-11/supreme_court_of_minnesota-opinion_0.pdf
2024AP000232_Wisconsin_2025/02/18,2024AP000232,Brown v. Wisconsin Elections Commission,Wisconsin,"February 18, 2025",Election 2024,False,https://statecourtreport.org/sites/default/files/2025-02/supreme_court_of_wisconsin-opinion.pdf
2024-OHIO-5029_Ohio_2024/10/22,2024-OHIO-5029,Cincinnati Enquirer v. Bloom,Ohio,"October 22, 2024",Criminal Law,False,https://statecourtreport.org/sites/default/files/2024-10/ohio_supreme_court-opinion.pdf
S24A0617_Georgia_2024/10/22,S24A0617,Gonzalez v. Miller,Georgia,"October 22, 2024",Criminal Law,False,https://statecourtreport.org/sites/default/files/2024-10/supreme_court_of_georgia-opinion.pdf
CV-24-652_Arkansas_2024/10/21,CV-24-652,Paschall v. Thurston,Arkansas,"October 21, 2024",Election 2024,False,https://statecourtreport.org/sites/default/files/2024-10/supreme_court_of_arkansas-opinion.pdf
No.-26-WAP-2024_Pennsylvania_2024/10/23,No. 26 WAP 2024,Genser v. Butler County Board of Elections,Pennsylvania,"October 23, 2024",Voting Rights and Elections,False,https://statecourtreport.org/sites/default/files/2024-10/pa_sc_genser.pdf
11-MM-2023_Pennsylvania_2024/09/26,11 MM 2023,Commonwealth v. Yard,Pennsylvania,"September 26, 2024",Criminal Law,False,https://statecourtreport.org/sites/default/files/2024-11/supreme_court_of_pennsylvania-opinion.pdf
S-24-0658_Nebraska_2024/09/13,S-24-0658,State ex rel. Collar v. Evnen,Nebraska,"September 13, 2024",Government Structure,False,https://statecourtreport.org/sites/default/files/2024-11/supreme_court_of_nebraska-opinion_0.pdf
S-24-653_Nebraska_2024/09/13,S-24-653,State ex rel. Elizabeth Constance v. Evnen,Nebraska,"September 13, 2024",Reproductive Rights,False,https://statecourtreport.org/sites/default/files/2024-11/supreme_court_of_nebraska-opinion.pdf
2023-0097_New-Hampshire_2024/09/12,2023-0097,Richard v. Governor,New Hampshire,"September 12, 2024",Election 2024,False,https://statecourtreport.org/sites/default/files/2024-11/new_hampshire_supreme_court-opinon.pdf
"PD-0522-21,-PD-0523-21,-PD-0524-21_Texas_2024/09/11","PD-0522-21, PD-0523-21, PD-0524-21",Ex parte Charette,Texas,"September 11, 2024",Criminal Law,False,https://statecourtreport.org/sites/default/files/2024-11/texas_court_of_criminal_appeals-opinion.pdf
24SA75_Colorado_2024/09/09,24SA75,People v. Lewis,Colorado,"September 9, 2024",Criminal Law,False,https://statecourtreport.org/sites/default/files/2024-11/colorado_supreme_court-opinion.pdf
23–1122_Iowa_2024/10/11,23–1122,State v. Miller,Iowa,"October 11, 2024",Criminal Law,False,https://statecourtreport.org/sites/default/files/2024-10/iowa_supreme_court-opinion.pdf
SJC-13547_Massachusetts_2024/09/06,SJC-13547,Commonwealth v. Dilworth,Massachusetts,"September 6, 2024",Civil Rights,False,https://statecourtreport.org/sites/default/files/2024-11/supreme_judicial_court_of_massachusetts-opinion.pdf
2024-Ohio-3338_Ohio_2024/09/05,2024 Ohio 3338,"Hild, Administration of the Estate of Boldman v. Samaritan Health Partners",Ohio,"September 5, 2024",Torts and Liability,False,https://statecourtreport.org/sites/default/files/2024-11/supreme_court_of_ohio-opinion.pdf
20240965_Utah_2024/10/24,20240965,League of Women Voters of Utah v. Utah State Legislature (LWV 2),Utah,"October 24, 2024",Government Structure,False,https://statecourtreport.org/sites/default/files/2024-10/utah_supreme_court-opinion.pdf
DA-23-0287_Montana_2024/10/09,DA 23-0287,Planned Parenthood of Montana v. State (Planned Parenthood 3),Montana,"October 9, 2024",Reproductive Rights,False,https://statecourtreport.org/sites/default/files/2024-10/supreme_court_of_montana-opinion_2.pdf
DA-23-0288_Montana_2024/10/09,DA 23-0288,Planned Parenthood of Montana v. State (Planned Parenthood 4),Montana,"October 9, 2024",Reproductive Rights,False,https://statecourtreport.org/sites/default/files/2024-10/supreme_court_of_montana-opinion.pdf
J-65A-C-2023_Pennsylvania_2024/09/26,J-65A-C-2023,Krasner v. Ward,Pennsylvania,"September 26, 2024",Criminal Law,False,https://statecourtreport.org/sites/default/files/2024-09/pa-krasner-v-ward-sc-opinion-sept-27-2024_0.pdf
2024-Ohio-4547_Ohio_2024/09/16,2024-Ohio-4547,State ex rel. Citizens Not Politicians v. Ohio Ballot Board,Ohio,"September 16, 2024",Voting Rights and Elections,False,https://statecourtreport.org/sites/default/files/2024-10/supreme-court-of-ohio-opinion.pdf
SC100742_Missouri_2024/09/20,SC100742,Coleman v. Ashcroft,Missouri,"September 20, 2024",Reproductive Rights,False,https://statecourtreport.org/sites/default/files/2026-04/supreme_court_of_missouri-opinion.pdf
"S-24-647,-S-24-654_Nebraska_2024/09/13","S-24-647, S-24-654",State ex rel. Brooks v. Evnen,Nebraska,"September 13, 2024",Reproductive Rights,False,https://statecourtreport.org/sites/default/files/2024-09/supreme-court-of-nebraska-opinion.pdf
023-001673_South-Carolina_2024/09/11,023-001673,Eidson v. South Carolina Department of Education,South Carolina,"September 11, 2024",Education,False,https://statecourtreport.org/sites/default/files/2024-09/eidsonvsouthcarolinadeptofedu-opinion.pdf
DA-23-0382_Montana_2024/08/20,DA 23-0382,Acorn International v. State,Montana,"August 20, 2024",Election 2024,False,https://statecourtreport.org/sites/default/files/fastcase/converted/ACORN%20Int%27l%20v.%20State%2C%20Mont.%20DA%2023-0382.pdf
104-MAP-2022_Pennsylvania_2024/08/20,104 MAP 2022,Oberholzer v. Galapo,Pennsylvania,"August 20, 2024",Speech and Religion,False,https://statecourtreport.org/sites/default/files/fastcase/converted/Oberholzer%20v.%20Galapo%2C%20Pa.%20104%20MAP%202022.pdf
315-A.3d-1277_Pennsylvania_2024/05/31,315 A.3d 1277,Commonwealth v. Thompson,Pennsylvania,"May 31, 2024",Criminal Law,False,https://statecourtreport.org/sites/default/files/2024-11/supreme_court_of_pennsylvania-opinion_1.pdf
CV-23-0152-PR_Arizona_2024/08/16,CV-23-0152-PR,Francisco v. Affiliated Urologists,Arizona,"August 16, 2024",Torts and Liability,False,https://statecourtreport.org/sites/default/files/fastcase/converted/Francisco%20v.%20Affiliated%20Urologists%20Ltd.%2C%20Ariz.%20CV-23-0152-PR.pdf
20190818_Utah_2024/08/15,20190818,State v. Chadwick,Utah,"August 15, 2024",Criminal Law,False,https://statecourtreport.org/sites/default/files/fastcase/converted/State%20v.%20Chadwick%2C%20Utah%2020190818.pdf
20240815_Utah_2024/08/15,20240815,Jenkins v. Beaver County,Utah,"August 15, 2024",Election 2024,False,https://statecourtreport.org/sites/default/files/fastcase/converted/Jenkins%20v.%20Beaver%20Cnty.%2C%20Utah%2020240815.pdf
20220272_Utah_2024/08/15,20220272,State v. Baugh,Utah,"August 15, 2024",Criminal Law,False,https://statecourtreport.org/sites/default/files/fastcase/converted/State%20v.%20Baugh%2C%20Utah%2020220272.pdf
"S24G0336,-S24G0340_Georgia_2024/08/13","S24G0336, S24G0340",Satcher v. Columbia County,Georgia,"August 13, 2024",Economic and Labor Rights,False,https://statecourtreport.org/sites/default/files/fastcase/converted/Satcher%20v.%20Columbia%20Cnty.%2C%20Ga.%20S24G0336.pdf
20220786_Utah_2024/08/08,20220786,Sports Medicine Research & Testing Lab. v. Board of Equalization of Salt Lake County,Utah,"August 8, 2024",Economic and Labor Rights,False,https://statecourtreport.org/sites/default/files/fastcase/converted/Sports%20Med.%20Research%20%26%20Testing%20Lab.%20v.%20Bd.%20of%20Equalization%20of%20Salt%20Lake%20Cnty.%2C%20Utah%2020220786.pdf
SC-20632_Connecticut_2024/08/08,SC 20632,State v. King,Connecticut,"August 8, 2024",Criminal Law,False,https://statecourtreport.org/sites/default/files/fastcase/converted/State%20v.%20King%2C%20Conn.%20SC%2020632.pdf
CR-23-0252-PR_Arizona_2024/08/07,CR-23-0252-PR,Gilpin v. Harris,Arizona,"August 7, 2024",Criminal Law,False,https://statecourtreport.org/sites/default/files/fastcase/converted/Gilpin%20v.%20Harris%2C%20Ariz.%20CR-23-0252-PR.pdf
23-79-_West-Virginia_2024/08/07,23-79 ,Norwood v. Frame,West Virginia,"August 7, 2024",Criminal Law,False,https://statecourtreport.org/sites/default/files/fastcase/converted/Norwood%20v.%20Frame%2C%20W.%20Va.%2023-79.pdf
DA-23-0136_Montana_2024/08/06,DA 23-0136,State v. Case,Montana,"August 6, 2024",Criminal Law,False,https://statecourtreport.org/sites/default/files/fastcase/converted/State%20v.%20Case%2C%20Mont.%20DA%2023-0136.pdf
240684_Virginia_2025/06/25,240684,Layla H v. Virginia,Virginia,"June 25, 2025",Environment,False,https://statecourtreport.org/sites/default/files/2025-03/virginia_court_of_appeals-opinion.pdf
CV-23-0130-PR-_Arizona_2024/07/31,CV-23-0130-PR ,Gilmore v. Gallego,Arizona,"July 31, 2024",Speech and Religion,False,https://statecourtreport.org/sites/default/files/fastcase/converted/Gilmore%20v.%20Gallego%2C%20Ariz.%20CV-23-0130-PR.pdf
SC-20776_Connecticut_2024/07/30,SC 20776,Spillane v. Lamont,Connecticut,"July 30, 2024",Speech and Religion,False,https://statecourtreport.org/sites/default/files/fastcase/converted/Spillane%20v.%20Lamont%2C%20Conn.%20SC%2020776.pdf
23A-PL-899_Indiana_2024/07/17,23A-PL-899,Indiana Bureau of Motor Vehicles v. Simmons,Indiana,"July 17, 2024",Civil Rights,False,https://statecourtreport.org/sites/default/files/2025-01/rehearing_opinion.pdf
A23-1780_Minnesota_2024/07/24,A23-1780,Jacobs v. City of Columbia Heights,Minnesota,"July 24, 2024",Election 2024,False,https://statecourtreport.org/sites/default/files/fastcase/converted/Jacobs%20v.%20City%20of%20Columbia%20Heights%2C%20Minn.%20A23-1780.pdf
A23-0620_Minnesota_2024/05/30,A23-0620,Doe v. Minnesota,Minnesota,"May 30, 2024",Reproductive Rights,False,https://statecourtreport.org/sites/default/files/2024-10/supreme_court_of_minnesota-opinion.pdf
CV-21-0213-PR_Arizona_2024/07/22,CV-21-0213-PR,Pima County. v. State,Arizona,"July 22, 2024",Government Structure,False,https://statecourtreport.org/sites/default/files/fastcase/converted/Pima%20Cnty.%20v.%20State%2C%20Ariz.%20CV-21-0213-PR.pdf
22SC738_Colorado_2024/09/30,22SC738,Sellers v. People,Colorado,"September 30, 2024",Criminal Law,False,https://statecourtreport.org/sites/default/files/2024-10/colorado_supreme_court-opinion.pdf
SC-164133_Michigan_2024/07/16,SC 164133,People v. Loew,Michigan,"July 16, 2024",Criminal Law,False,https://statecourtreport.org/sites/default/files/fastcase/converted/People%20v.%20Loew%2C%20Mich.%20SC%20164133.pdf
C-20727_Connecticut_2024/07/16,C 20727,Tatum v. Commissioner of Corrections,Connecticut,"July 16, 2024",Criminal Law,False,https://statecourtreport.org/sites/default/files/fastcase/converted/Tatum%20v.%20Comm%27r%20of%20Corr.%2C%20Conn.%20SC%2020727.pdf
2024-C-00055_New-Hampshire_2024/07/11,2024-C-00055,State v. Diole,New Hampshire,"July 11, 2024",Criminal Law,False,https://statecourtreport.org/sites/default/files/fastcase/converted/State%20v.%20Diole%2C%20N.H.%202022-058.pdf
DA-23-0272_Montana_2024/08/14,DA 23-0272,Planned Parenthood of Montana v. State of Montana (Planned Parenthood 2),Montana,"August 14, 2024",Reproductive Rights,False,https://statecourtreport.org/sites/default/files/2024-08/ppmontanavknudsenopinion8.14.24.pdf
2024-KK-00564_Louisiana_2023/05/02,2024-KK-00564,State v. Thompson,Louisiana,"May 2, 2023",Criminal Law,False,https://statecourtreport.org/sites/default/files/fastcase/converted/State%20v.%20Thompson%2C%20La.%202022-KH-01391.pdf
2024-C-00055_Louisiana_2024/06/28,2024-C-00055,Watson Memorial Spiritual Temple of Christ v. Korban,Louisiana,"June 28, 2024",Government Structure,False,https://statecourtreport.org/sites/default/files/fastcase/converted/Watson%20Mem%27l%20Spiritual%20Temple%20of%20Christ%20v.%20Korban%2C%20La.%202024-C-00055.pdf
2020AP1876-CR_Wisconsin_2024/03/18,2020AP1876-CR,State v. Hoyle,Wisconsin,"March 18, 2024",Criminal Law,False,https://statecourtreport.org/sites/default/files/2025-01/supreme_court_of_wisconsin-opinion.pdf
S24A0591_Georgia_2024/10/31,S24A0591,Williams v. Powell,Georgia,"October 31, 2024",Government Structure,False,https://statecourtreport.org/sites/default/files/2025-01/supreme_court_of_georgia-opinion.pdf
86_New-York_2024/08/20,86,Stefanik v. Hochul,New York,"August 20, 2024",Voting Rights and Elections,False,https://statecourtreport.org/sites/default/files/2024-10/new-york-court-of-appeals-opinion.pdf
130288_Illinois_2025/01/24,130288,Walker v. Chasteen,Illinois,"January 24, 2025",Economic and Labor Rights,False,https://statecourtreport.org/sites/default/files/2025-03/supreme_court_of_illinois-opinion.pdf
2022-0634_New-Hampshire_2025/01/22,2022-0634,State v. Warren,New Hampshire,"January 22, 2025",Criminal Law,False,https://statecourtreport.org/sites/default/files/2025-03/supreme_court_of_new_hampshire-opinion.pdf
S-1-SC-39742_New-Mexico_2025/01/09,S-1-SC-39742,State ex. rel. Raúl Torrez v. Board of County Commissioners for Lea County,New Mexico,"January 9, 2025",Reproductive Rights,False,https://statecourtreport.org/sites/default/files/2025-01/supreme_court_of_new_mexico-opinion.pdf
166424_Michigan_2024/08/28,166424,O’Halloran v. Sec. of State,Michigan,"August 28, 2024",Election 2024,False,https://statecourtreport.org/sites/default/files/2025-08/supreme_court_of_michigan-opinion_0.pdf
24-0426_Texas_2024/08/23,24-0426,In re Dallas County,Texas,"August 23, 2024",Judicial Selection and Administration,False,https://statecourtreport.org/sites/default/files/2024-09/texas-dallas-county-opinion-august-23.pdf
165185_Michigan_2024/07/08,165185,People v. Neilly,Michigan,"July 8, 2024",Criminal Law,False,https://statecourtreport.org/sites/default/files/2024-07/michigan-neilly-7.8.24.pdf
22-1149_Texas_2024/06/28,22-1149,Borgelt v. Austin Firefighters Association,Texas,"June 28, 2024",Economic and Labor Rights,False,https://statecourtreport.org/sites/default/files/fastcase/converted/Borgelt%20v.%20Austin%20Firefighters%20Ass%27n%2C%20Tex.%2022-1149.pdf
22-1232_Iowa_2024/06/28,22-1232,State v. Bauler,Iowa,"June 28, 2024",Criminal Law,False,https://statecourtreport.org/sites/default/files/fastcase/converted/State%20v.%20Bauler%2C%20Iowa%2022-1232.pdf
55A23_North-Carolina_2024/06/28,55A23,Askew v. City of Kinston,North Carolina,"June 28, 2024",Civil Due Process,False,https://statecourtreport.org/sites/default/files/fastcase/converted/Askew%20v.%20City%20of%20Kinston%2C%20N.C.%2055A23.pdf
22-0522_Iowa_2024/06/28,22-0522,State v. White,Iowa,"June 28, 2024",Criminal Law,False,https://statecourtreport.org/sites/default/files/fastcase/converted/State%20v.%20White%2C%20Iowa%2022-0522.pdf
S272632_California_2024/06/27,S272632,In re Harris,California,"June 27, 2024",Criminal Law,False,https://statecourtreport.org/sites/default/files/fastcase/converted/In%20re%20Harris%2C%20Cal.%20S272632.pdf
SCOT-21-0000581_Hawaii_2024/06/20,SCOT-21-0000581,Surface Water Use Permit Applications,Hawaii,"June 20, 2024",Government Structure,False,https://statecourtreport.org/sites/default/files/fastcase/converted/Surface%20Water%20Use%20Permit%20Applications%2C%20Haw.%20SCOT-21-0000581.pdf
"-124,130;-125,051_Kansas_2024/07/05"," 124,130; 125,051",Hodes & Nauser v. Kobach; Hodes & Nauser v. Stanek,Kansas,"July 5, 2024",Reproductive Rights,False,https://statecourtreport.org/sites/default/files/2024-07/ks-opinion-stanek-7.5.24.pdf
24-0325_Texas_2024/06/14,24-0325,In re State,Texas,"June 14, 2024",Government Structure,False,https://statecourtreport.org/sites/default/files/fastcase/converted/In%20re%20State%2C%20Tex.%2024-0325.pdf
SC-S070046_Oregon_2024/06/13,SC S070046,State v. Autele,Oregon,"June 13, 2024",Criminal Law,False,https://statecourtreport.org/sites/default/files/fastcase/converted/State%20v.%20Autele%2C%20Or.%20SC%20S070046.pdf
DA-23-0575_Montana_2024/12/18,DA 23-0575,Held v. Montana,Montana,"December 18, 2024",Environment,False,https://statecourtreport.org/sites/default/files/2024-12/montana_supreme_court-opinion.pdf
2023-CC-01194_Louisiana_2024/06/12,2023-CC-01194,Bienvenu v. Defendant 1,Louisiana,"June 12, 2024",Torts and Liability,False,https://statecourtreport.org/sites/default/files/2024-12/louisiana_supreme_court-opinion.pdf
22-587_West-Virginia_2024/06/11,22-587,"Roman Realty, LLC v. The City of Morgantown",West Virginia,"June 11, 2024",Economic and Labor Rights,False,https://statecourtreport.org/sites/default/files/fastcase/converted/Roman%20Realty%2C%20LLC%20v.%20The%20City%20of%20Morgantown%2C%20W.%20Va.%2022-587.pdf
49376-2021_Idaho_2024/06/06,49376-2021,State v. Barr,Idaho,"June 6, 2024",Criminal Law,False,https://statecourtreport.org/sites/default/files/fastcase/converted/State%20v.%20Barr%2C%20Idaho%2049376-2021.pdf
SC100352_Missouri_2024/06/04,SC100352,State ex rel. Parson v. Walker,Missouri,"June 4, 2024",Government Structure,False,https://statecourtreport.org/sites/default/files/fastcase/converted/State%20ex%20rel.%20Parson%20v.%20Walker%2C%20Mo.%20SC100352.pdf
23-0000063_Hawaii_2024/06/04,23-0000063,State v. Tran,Hawaii,"June 4, 2024",Criminal Law,False,https://statecourtreport.org/sites/default/files/fastcase/converted/State%20v.%20Tran%2C%20Haw.%20SCAP-23-0000063.pdf
J-25-2023_Pennsylvania_2024/05/31,J-25-2023,Commonwealth v. Torsilieri,Pennsylvania,"May 31, 2024",Criminal Law,False,https://statecourtreport.org/sites/default/files/fastcase/converted/Commonwealth%20v.%20Torsilieri%2C%20Pa.%2097%20MAP%202022.pdf
20230436-SC_Utah_2024/09/05,20230436-SC,Bingham v. Gourley,Utah,"September 5, 2024",Torts and Liability,False,https://statecourtreport.org/sites/default/files/2025-08/supreme_court_of_utah-opinion.pdf
SCAP-22-0000268_Hawaii_2024/05/30,SCAP-22-0000268,Kanahele v. State,Hawaii,"May 30, 2024",Government Structure,False,https://statecourtreport.org/sites/default/files/fastcase/converted/Kanahele%20v.%20State%2C%20Haw.%20SCAP-22-0000268.pdf
"354,-2023_Delaware_2024/08/01","354, 2023",In re Covid-related Restrictions on Religious Services,Delaware,"August 1, 2024",Government Structure,False,https://statecourtreport.org/sites/default/files/2024-11/supreme_court_of_delaware-opinion.pdf
101828-2-_Washington_2024/06/13,101828-2 ,State of Washington v. Luthi,Washington,"June 13, 2024",Criminal Law,False,https://statecourtreport.org/sites/default/files/2024-06/washington-v-luthi-opinion-6-13-24.pdf
"121,987_Oklahoma_2024/06/11","121,987",Independent School District No. 12 v. State of Oklahoma,Oklahoma,"June 11, 2024",Government Structure,False,https://statecourtreport.org/sites/default/files/2024-06/oklahoma-supreme-court-application-to-assume-original-jurisdiction-and-petition-for-write-of-prohibition-6-11-24.pdf
57_New-York_2024/05/23,57,People v. Watkins,New York,"May 23, 2024",Criminal Law,False,https://statecourtreport.org/sites/default/files/fastcase/converted/People%20v.%20Watkins%2C%20N.Y.%20No.%2057.pdf
89PA22_North-Carolina_2024/05/23,89PA22,Fearrington v. City of Greenville,North Carolina,"May 23, 2024",Government Structure,False,https://statecourtreport.org/sites/default/files/fastcase/converted/Fearrington%20v.%20City%20of%20Greenville%2C%20N.C.%2089PA22.pdf
2022-63-C.A._Rhode-Island_2024/05/22,2022-63-C.A.,State v. Brown,Rhode Island,"May 22, 2024",Criminal Law,False,https://statecourtreport.org/sites/default/files/fastcase/converted/State%20v.%20Brown%2C%20R.I.%202022-63-C.A..pdf
22-0585_Texas_2024/05/17,22-0585,Texas Department of Transportation v. Self,Texas,"May 17, 2024",Government Structure,False,https://statecourtreport.org/sites/default/files/fastcase/converted/Tex.%20Dep%27t%20of%20Transp.%20v.%20Self%2C%20Tex.%2022-0585.pdf
"120,-2024_Delaware_2024/06/28","120, 2024",Albence v. Mennella,Delaware,"June 28, 2024",Election 2024,False,https://statecourtreport.org/sites/default/files/2024-07/albence-v-mannella-opinion-june-29-2024.pdf
CV-22-190_Arkansas_2024/05/16,CV-22-190,Thurston v. The League of Women Voters of Arkansas,Arkansas,"May 16, 2024",Civil Rights,False,https://statecourtreport.org/sites/default/files/fastcase/converted/Thurston%20v.%20The%20League%20of%20Women%20Voters%20of%20Ark.%2C%20Ark.%20CV-22-190.pdf
87613_Minnesota_2024/05/13,87613,Schools Over Stadiums v. Thompson,Minnesota,"May 13, 2024",Voting Rights and Elections,False,https://statecourtreport.org/sites/default/files/fastcase/converted/Schs.%20Over%20Stadiums%20v.%20Thompson%2C%20Nev.%2087613.pdf
SJC-13495_Massachusetts_2024/05/13,SJC-13495,Commonwealth v. Hastings,Massachusetts,"May 13, 2024",Civil Rights,False,https://statecourtreport.org/sites/default/files/fastcase/converted/Commonwealth%20v.%20Hastings%2C%20Mass.%20SJC-13495.pdf
A21-0626_Minnesota_2024/05/10,A21-0626,Snell v. Walz,Minnesota,"May 10, 2024",Government Structure,False,https://statecourtreport.org/sites/default/files/fastcase/converted/Snell%20v.%20Walz%2C%20Minn.%20A21-0626.pdf
S-18189_Alaska_2024/05/10,S-18189,Alaska Trappers Association v. City of Valdez,Alaska,"May 10, 2024",Government Structure,False,https://statecourtreport.org/sites/default/files/fastcase/converted/Alaska%20Trappers%20Ass%27n%20v.%20City%20of%20Valdez%2C%20Alaska%20S-18189.pdf
SC-S071034_Oregon_2024/05/08,SC S071034,Brown v. Kotek,Oregon,"May 8, 2024",Criminal Law,False,https://statecourtreport.org/sites/default/files/fastcase/converted/Brown%20v.%20Kotek%2C%20Or.%20SC%20S071034.pdf
24S-CT-159_Indiana_2024/05/06,24S-CT-159,Cosme v. Clark,Indiana,"May 6, 2024",Torts and Liability,False,https://statecourtreport.org/sites/default/files/fastcase/converted/Cosme%20v.%20Clark%2C%20Ind.%2024S-CT-159.pdf
"086861,-A-40-22_New-Jersey_2024/05/06","086861, A-40-22",Usachenok v. Department of the Treasury,New Jersey,"May 6, 2024",Economic and Labor Rights,False,https://statecourtreport.org/sites/default/files/fastcase/converted/Usachenok%20v.%20State%2C%20Dep%27t%20of%20Treasury%2C%20N.J.%20A-40-22.pdf
SC2022-0458_Florida_2024/05/02,SC2022-0458,State v. Penna,Florida,"May 2, 2024",Criminal Law,False,https://statecourtreport.org/sites/default/files/fastcase/converted/State%20v.%20Penna%2C%20Fla.%20SC2022-0458.pdf
2021-M-01125_Mississippi_2024/05/02,2021-M-01125,Walter v. State,Mississippi,"May 2, 2024",Criminal Law,False,https://statecourtreport.org/sites/default/files/fastcase/converted/Walter%20v.%20State%2C%20Miss.%202021-M-01125.pdf
A23-1940_Minnesota_2024/08/07,A23-1940,Minnesota Voters Alliance v. Hunt,Minnesota,"August 7, 2024",Election 2024,False,https://statecourtreport.org/sites/default/files/2024-08/opa231940-080724.pdf
SC99931_Missouri_2024/04/30,SC99931,Lucas v. Ashcroft,Missouri,"April 30, 2024",Voting Rights and Elections,False,https://statecourtreport.org/sites/default/files/fastcase/converted/Lucas%20v.%20Ashcroft%2C%20Mo.%20SC99931.pdf
S281977_California_2024/06/20,S281977,Legislature of the State of California v. Weber,California,"June 20, 2024",Government Structure,False,https://statecourtreport.org/sites/default/files/2024-06/cali-leg-opinion-6.20.24.pdf
2024AP164_Wisconsin_2024/07/05,2024AP164,Priorities USA v. Wisconsin Elections Commission,Wisconsin,"July 5, 2024",Election 2024,False,https://statecourtreport.org/sites/default/files/2024-07/wisconsin-drop-box-opinion.pdf
101997-1_Washington_2024/03/14,101997-1,Associated General Contractors of Washington v. State,Washington,"March 14, 2024",Economic and Labor Rights,False,https://statecourtreport.org/sites/default/files/fastcase/converted/Assoc.%20Gen.%20Contractors%20of%20Wash.%20v.%20State%2C%20Wash.%20No.%20101997-1.pdf
403PA21_North-Carolina_2024/05/23,403PA21,Bouvier v. Porter,North Carolina,"May 23, 2024",Election 2024,False,https://statecourtreport.org/sites/default/files/2024-05/nc-bovier-opinion-5.23.24.pdf
J-70-2023_Pennsylvania_2024/04/25,J-70-2023,City of Lancaster v. Pennsylvania Public Utility Commission,Pennsylvania,"April 25, 2024",Government Structure,False,https://statecourtreport.org/sites/default/files/fastcase/converted/City%20of%20Lancaster%20v.%20Pa.%20Pub.%20Util.%20Comm%27n%2C%20Pa.%20107%20MAP%202022.pdf
OP-23-0634_Montana_2023/11/22,OP 23-0634,Montanans for Election Reform Action Fund v. Knudsen,Montana,"November 22, 2023",Election 2024,False,https://statecourtreport.org/sites/default/files/fastcase/converted/Mont.%20for%20Elec.%20Reform%20Action%20Fund%20v.%20Knudsen%2C%20Mont.%20OP%2023-0634.pdf
101520-8_Washington_2024/04/18,101520-8,Spokane County v. Meneses,Washington,"April 18, 2024",Government Structure,False,https://statecourtreport.org/sites/default/files/fastcase/converted/Spokane%20Cnty.%20v.%20Meneses%2C%20Wash.%20101520-8.pdf
2022-SC-0198-DG_Kentucky_2024/04/18,2022-SC-0198-DG,Conn v. Kentucky Parole Board,Kentucky,"April 18, 2024",Criminal Law,False,https://statecourtreport.org/sites/default/files/fastcase/converted/Conn%20v.%20Ky.%20Parole%20Bd.%2C%20Ky.%202022-SC-0198-DG.pdf
20210938_Utah_2024/04/18,20210938,Salt Lake County v. Utah State Tax Commission,Utah,"April 18, 2024",Economic and Labor Rights,False,https://statecourtreport.org/sites/default/files/fastcase/converted/Salt%20Lake%20Cnty.%20v.%20Utah%20State%20Tax%20Comm%27n%2C%20Utah%2020210938.pdf
"121,-510_Oklahoma_2024/02/28","121, 510",Jackson County Emergency Medical Service District v. Kirkland,Oklahoma,"February 28, 2024",Government Structure,False,https://statecourtreport.org/sites/default/files/fastcase/converted/Jackson%20Cty.%20Emergency%20Med.%20Serv.%20Dist.%20v.%20Kirkland%2C%20Okla.%20No.%20121%2C%20510.pdf
22-759_West-Virginia_2024/04/11,22-759,State v. Slaughter,West Virginia,"April 11, 2024",Criminal Law,False,https://statecourtreport.org/sites/default/files/fastcase/converted/State%20v.%20Slaughter%2C%20W.%20Va.%2022-759.pdf
CR-21-0397-PR_Arizona_2024/04/11,CR-21-0397-PR,Mitchell v. Palmer,Arizona,"April 11, 2024",Criminal Law,False,https://statecourtreport.org/sites/default/files/fastcase/converted/State%20ex%20rel.%20Mitchell%20v.%20Palmer%2C%20Ariz.%20CR-21-0397-PR.pdf
DA-22-0639_Montana_2024/04/09,DA 22-0639,Forward Montana v. State,Montana,"April 9, 2024",Government Structure,False,https://statecourtreport.org/sites/default/files/fastcase/converted/Forward%20Mont.%20v.%20State%2C%20Mont.%20DA%2022-0639.pdf
No.-W2022-00514-COA-R3-CV_Tennessee_2024/05/09,No. W2022-00514-COA-R3-CV,Rainwaters v. Tennessee Wildlife Resources Agency,Tennessee,"May 9, 2024",Criminal Law,False,https://statecourtreport.org/sites/default/files/2024-05/rainwatersterryopn.pdf
No.-23-1145_Iowa_2024/06/28,No. 23-1145,"Planned Parenthood of the Heartland, Inc, et al. v. Kim Reynolds, et al.",Iowa,"June 28, 2024",Reproductive Rights,False,https://statecourtreport.org/sites/default/files/2024-06/the-iowa-supreme-court-opinion.pdf
S24A0599_Georgia_2024/05/09,S24A0599,Cobb County v. Floam,Georgia,"May 9, 2024",Civil Due Process,False,https://statecourtreport.org/sites/default/files/2024-05/ga-cobb-county-sc-opinion-5.9.24.pdf
2023-0156_Ohio_2024/04/04,2023-0156,State v. Carter,Ohio,"April 4, 2024",Criminal Law,False,https://statecourtreport.org/sites/default/files/fastcase/converted/State%20v.%20Carter%2C%20Ohio%202023-0156.pdf
SC2023-0682_Florida_2024/04/01,SC2023-0682,Advisory Opinion to the Attorney General re: Adult Personal Use of Marijuana,Florida,"April 1, 2024",Government Structure,False,https://statecourtreport.org/sites/default/files/fastcase/converted/In%20re%20Advisory%20Op.%20to%20the%20Attorney%20Gen.%2C%20Fla.%20SC2023-0682.pdf
No.-MA-121694_Oklahoma_2024/06/25,No. MA-121694,Drummond  v. Statewide Virtual Charter Schoolboard,Oklahoma,"June 25, 2024",Education,False,https://statecourtreport.org/sites/default/files/2024-06/supreme-court-of-oklahoma-opinion.pdf
S267522_California_2024/05/02,S267522,People v. Flores,California,"May 2, 2024",Civil Rights,False,https://statecourtreport.org/sites/default/files/2024-05/ca-people-flores-opinion.pdf
S-21-1037_Nebraska_2024/05/03,S-21-1037,Joshua M. v. State,Nebraska,"May 3, 2024",Civil Due Process,False,https://statecourtreport.org/sites/default/files/2024-05/n00011022pub.pdf
88307_Nevada_2024/05/24,88307,Fleischmann v. Aguilar,Nevada,"May 24, 2024",Voting Rights and Elections,False,https://statecourtreport.org/sites/default/files/2024-05/fleischmann-order_24-18197.pdf
2024-WY-16_Wyoming_2024/02/02,2024 WY 16,Rodriguez-Williams v. Johnson,Wyoming,"February 2, 2024",Reproductive Rights,False,https://statecourtreport.org/sites/default/files/fastcase/converted/Rodriguez-Williams%20v.%20Johnson%2C%20Wyo.%20S-23-0196.pdf
DA-22-0586_Montana_2024/04/26,DA 22-0586,Barrett v. Montana,Montana,"April 26, 2024",Education,False,https://statecourtreport.org/sites/default/files/2024-05/montana-barrett-opinion-4.26.24.pdf
23-0565_Texas_2024/04/26,23-0565,Hogan v. Southern Methodist University,Texas,"April 26, 2024",Torts and Liability,False,https://statecourtreport.org/sites/default/files/2024-05/tx-sc-opinion-hogan-v-smu.pdf
83999_Nevada_2024/04/18,83999,Sisolak v. Polymer80,Nevada,"April 18, 2024",Civil Due Process,False,https://statecourtreport.org/sites/default/files/2024-05/nv-sisolak-poly-opinion-4.18.24.pdf
87681_Nevada_2024/04/18,87681,Nevadans For Reproductive Freedom v. Washington et al.,Nevada,"April 18, 2024",Reproductive Rights,False,https://statecourtreport.org/sites/default/files/2024-04/nevadans-for-repro-freedom.pdf
164685_Michigan_2024/07/29,164685,People v. Lymon,Michigan,"July 29, 2024",Criminal Law,False,https://statecourtreport.org/sites/default/files/2024-07/lymon-opinion.pdf
165325_Michigan_2024/09/18,165325,Mothering Justice v. Attorney General,Michigan,"September 18, 2024",Voting Rights and Elections,False,https://statecourtreport.org/sites/default/files/2025-10/supreme_court_of_michigan-opinion.pdf
23-0697_Texas_2024/06/28,23-0697,Texas v. Loe,Texas,"June 28, 2024",Civil Rights,False,https://statecourtreport.org/sites/default/files/2024-06/loe-supreme-court.pdf
2022-SA-01129-SCT_Mississippi_2024/05/02,2022-SA-01129-SCT,Midsouth Association of Independent Schools v. Parents for Public Schools,Mississippi,"May 2, 2024",Education,False,https://statecourtreport.org/sites/default/files/2024-05/miss-midsouth-opinion-5.2.24.pdf
86035_Nevada_2024/03/28,86035,I.S. v. State,Nevada,"March 28, 2024",Government Structure,False,https://statecourtreport.org/sites/default/files/fastcase/converted/I.S.%20v.%20State%20%28In%20re%20I.A%29%2C%20Nev.%2086035.pdf
A23-0737_Minnesota_2024/03/27,A23-0737,Alliance Housing Incorporated v. County of Hennepin,Minnesota,"March 27, 2024",Economic and Labor Rights,False,https://statecourtreport.org/sites/default/files/fastcase/converted/All.%20Hous.%20v.%20Cnty.%20of%20Hennepin%2C%20Minn.%20A23-0737.pdf
2023-CC-01194_Louisiana_2024/03/22,2023-CC-01194,Bienvenu v. Defendant 1,Louisiana,"March 22, 2024",Criminal Law,False,https://statecourtreport.org/sites/default/files/fastcase/converted/Bienvenu%20v.%20Defendant%201%2C%20La.%202023-CC-01194.pdf
DA-21-0413_Montana_2024/03/20,DA 21-0413,State v. Gibbons,Montana,"March 20, 2024",Criminal Law,False,https://statecourtreport.org/sites/default/files/fastcase/converted/State%20v.%20Gibbons%2C%20Mont.%20DA%2021-0413.pdf
22-0102_Texas_2024/03/15,22-0102,City of Dallas v. Employees Retirement Fund of City of Dallas,Texas,"March 15, 2024",Government Structure,False,https://statecourtreport.org/sites/default/files/fastcase/converted/City%20of%20Dall.%20v.%20The%20Emps%27%20Ret.%20Fund%20of%20City%20of%20Dall.%2C%20Tex.%2022-0102.pdf
23-691_West-Virginia_2024/03/15,23-691,Board of Education v. Cabell County Public Library,West Virginia,"March 15, 2024",Government Structure,False,https://statecourtreport.org/sites/default/files/fastcase/converted/The%20Bd.%20of%20Educ.%20v.%20The%20Cabell%20Cnty.%20Pub.%20Library%2C%20W.%20Va.%2023-691.pdf
2020AP2007_Wisconsin_2024/03/14,2020AP2007,"Catholic Charities Bureau, Inc. v. State",Wisconsin,"March 14, 2024",Economic and Labor Rights,False,https://statecourtreport.org/sites/default/files/fastcase/converted/Catholic%20Charities%20Bureau%2C%20Inc.%20v.%20State%2C%20Wis.%202020AP2007.pdf
SC-S070162_Oregon_2024/03/14,SC S070162,Thompson v. Fhuere,Oregon,"March 14, 2024",Criminal Law,False,https://statecourtreport.org/sites/default/files/fastcase/converted/Thompson%20v.%20Fhuere%2C%20Or.%20SC%20S070162.pdf
S-17910_Alaska_2024/03/08,S-17910,State v. McKelvey,Alaska,"March 8, 2024",Civil Rights,False,https://statecourtreport.org/sites/default/files/fastcase/converted/State%20v.%20McKelvey%2C%20Alaska%20S-17910.pdf
SCM-REG-0007-2023_Maryland_2023/03/28,SCM-REG-0007-2023,Syed v. Lee,Maryland,"March 28, 2023",Criminal Law,False,https://statecourtreport.org/sites/default/files/fastcase/additionalPdfs/processed/Court%20of%20Appeals%20-Opinion%20-03.28.2023.pdf
2022-0537_New-Hampshire_2024/08/30,2022-0537,Jane Doe v. Manchester School District,New Hampshire,"August 30, 2024",Civil Rights,False,https://statecourtreport.org/sites/default/files/2024-12/supreme_court_of_new_hampshire-opinion.pdf
2023-0009_Ohio_2024/03/06,2023-0009,Smith v. Ohio State University,Ohio,"March 6, 2024",Government Structure,False,https://statecourtreport.org/sites/default/files/fastcase/converted/Smith%20v.%20Ohio%20State%20Univ.%2C%20Ohio%202023-0009.pdf
SCAP-22-0000368_Hawaii_2024/03/05,SCAP-22-0000368,Davis v. Bissen,Hawaii,"March 5, 2024",Economic and Labor Rights,False,https://statecourtreport.org/sites/default/files/fastcase/converted/Davis%20v.%20Bissen%2C%20Haw.%20SCAP-22-0000368.pdf
121777_Oklahoma_2024/03/04,121777,State Chamber of Oklahoma v. Cobbs,Oklahoma,"March 4, 2024",Government Structure,False,https://statecourtreport.org/sites/default/files/fastcase/converted/State%20Chamber%20of%20Okla.%20v.%20Cobbs%2C%20Okla.%20121777.pdf
S-1-SC-39225_New-Mexico_2024/04/01,S-1-SC-39225,Aztec Municipal Schools v. Cardenas,New Mexico,"April 1, 2024",Torts and Liability,False,https://statecourtreport.org/sites/default/files/2024-04/nm-supreme-court-aztec-v-cardenas.pdf
S-18619_Alaska_2024/03/01,S-18619,Vazquez v. State,Alaska,"March 1, 2024",Voting Rights and Elections,False,https://statecourtreport.org/sites/default/files/fastcase/converted/Vazquez%20v.%20State%2C%20Alaska%20S-18619.pdf
S-23-038_Nebraska_2024/03/01,S-23-038,State v. Gnewuch,Nebraska,"March 1, 2024",Government Structure,False,https://statecourtreport.org/sites/default/files/fastcase/converted/State%20v.%20Gnewuch%2C%20Neb.%20S-23-038.pdf
OP-24-0182_Montana_2024/04/01,OP 24-0182,Montanans Securing Reproductive Rights v. Knudsen,Montana,"April 1, 2024",Reproductive Rights,False,https://statecourtreport.org/sites/default/files/2024-04/montana-supreme-court-opinion.pdf
SC2023-1392_Florida_2024/04/01,SC2023-1392,Advisory Opinion to the Attorney General re: Limiting Government Interference with Abortion,Florida,"April 1, 2024",Reproductive Rights,False,https://statecourtreport.org/sites/default/files/2024-04/supreme-court-of-florida-opinion.pdf
Ken-22-411_Maine_2024/03/28,Ken-22-411,Parker v. Department of Inland Fisheries and Wildlife,Maine,"March 28, 2024",Economic and Labor Rights,False,https://statecourtreport.org/sites/default/files/2024-04/maine-supreme-court-parker-v-department-of-inland-fisheries-and-wildlife.pdf
148PA14-2_North-Carolina_2024/03/22,148PA14-2,Washington v. Cline,North Carolina,"March 22, 2024",Criminal Law,False,https://statecourtreport.org/sites/default/files/2024-03/nl-nc-washington-v-kline.pdf
"124,378_Kansas_2024/05/31","124,378",League of Women Voters of Kansas v. Schwab,Kansas,"May 31, 2024",Speech and Religion,False,https://statecourtreport.org/sites/default/files/2024-06/kansas-lwv-opinion.pdf
SC2023-1246_Florida_2024/06/06,SC2023-1246,Worrell v. Desantis,Florida,"June 6, 2024",Government Structure,False,https://statecourtreport.org/sites/default/files/2024-08/fl-worrelldesantisopinion-6.6.24.pdf
S273368_California_2024/02/26,S273368,"Tricoast Builders, Inc. v. Fonnegra",California,"February 26, 2024",Criminal Law,False,https://statecourtreport.org/sites/default/files/fastcase/converted/Tricoast%20Builders%2C%20Inc.%20v.%20Fonnegra%2C%20Cal.%20S273368.pdf
A22-1314_Minnesota_2024/03/06,A22-1314,Minnesota v. Malecha,Minnesota,"March 6, 2024",Criminal Law,False,https://statecourtreport.org/sites/default/files/2024-03/minnesota-malecha.pdf
2022-001280_South-Carolina_2024/07/31,2022-001280,Owens v. Stirling,South Carolina,"July 31, 2024",Criminal Law,False,https://statecourtreport.org/sites/default/files/2024-07/op-28222-freddie-e-owens-v-bryan-p-stirling-1.pdf
22-0401_Iowa_2024/02/23,22-0401,Smith v. Iowa District Court for Polk County,Iowa,"February 23, 2024",Government Structure,False,https://statecourtreport.org/sites/default/files/fastcase/converted/Smith%20v.%20Iowa%20District%20Court%20for%20Polk%20Cnty.%2C%20Iowa%2022-0401.pdf
SJC-12405_Massachusetts_2024/02/22,SJC-12405,Commonwealth v. Shepherd,Massachusetts,"February 22, 2024",Criminal Law,False,https://statecourtreport.org/sites/default/files/fastcase/converted/Commonwealth%20v.%20Shepherd%2C%20Mass.%20SJC-12405.pdf
SJC-13434-_Massachusetts_2024/03/08,SJC-13434 ,"Six Brothers, Inc. v. Town of Brookline",Massachusetts,"March 8, 2024",Judicial Interpretation,False,https://statecourtreport.org/sites/default/files/2024-03/sjc-opinion-six-brothers.pdf
S-23-644_Nebraska_2024/07/26,S-23-644,"Planned Parenthood of the Heartland, Inc. v. Hilgers",Nebraska,"July 26, 2024",Reproductive Rights,False,https://statecourtreport.org/sites/default/files/2024-07/nebraksa-pp-hilgers-opinion-7.26.24.pdf
S279622_California_2024/07/25,S279622,Castellanos v. State of California et al.,California,"July 25, 2024",Government Structure,False,https://statecourtreport.org/sites/default/files/2024-07/cali-castellanos-opinion-7.25.24.pdf
SC99966_Missouri_2024/02/14,SC99966,Planned Parenthood of the St. Louis Region v. Knodell,Missouri,"February 14, 2024",Reproductive Rights,False,https://statecourtreport.org/sites/default/files/fastcase/converted/Planned%20Parenthood%20of%20the%20St.%20Louis%20Region%20v.%20Knodell%2C%20Mo.%20SC99966.pdf
2022-0316_Ohio_2024/02/14,2022-0316,Schaad v. Alder,Ohio,"February 14, 2024",Government Structure,False,https://statecourtreport.org/sites/default/files/fastcase/converted/Schaad%20v.%20Alder%2C%20Ohio%202022-0316.pdf
S-18481_Alaska_2024/02/09,S-18481,"Native Village of Kwinhagak v. State, Department of Health & Social Services",Alaska,"February 9, 2024",Civil Due Process,False,https://statecourtreport.org/sites/default/files/fastcase/converted/Native%20Vill.%20of%20Kwinhagak%20v.%20State%2C%20Dep%27t%20of%20Health%20%26%20Soc.%20Servs.%2C%20Alaska%20S-18481.pdf
30488_South-Dakota_2024/02/09,30488,In re Noem,South Dakota,"February 9, 2024",Government Structure,False,https://statecourtreport.org/sites/default/files/fastcase/converted/In%20re%20Noem%2C%20S.D.%2030488.pdf
51227-2023_Idaho_2024/04/11,51227-2023,BABE VOTE v. McGrane,Idaho,"April 11, 2024",Voting Rights and Elections,False,https://statecourtreport.org/sites/default/files/2024-04/idaho-babe-vote-opinion.pdf
PD-0280-22_Texas_2024/02/07,PD-0280-22,Becerra v. State,Texas,"February 7, 2024",Criminal Law,False,https://statecourtreport.org/sites/default/files/fastcase/converted/Becerra%20v.%20State%2C%20Tex.%20Crim.%20App.%20PD-0280-22.pdf
CV-23-0076-PR_Arizona_2024/02/06,CV-23-0076-PR,Neptune Swimming Foundation v. City of Scottsdale,Arizona,"February 6, 2024",Government Structure,False,https://statecourtreport.org/sites/default/files/fastcase/converted/Neptune%20Swimming%20Found.%20v.%20City%20of%20Scottsdale%2C%20Ariz.%20CV-23-0076-PR.pdf
CV-22-0228-PR_Arizona_2024/03/22,CV-22-0228-PR,Cao v. PFP Dorsey Investments,Arizona,"March 22, 2024",Economic and Labor Rights,False,https://statecourtreport.org/sites/default/files/2024-03/arizona-takings-case-opinion.pdf
DA-22-0639_Montana_2024/01/31,DA 22-0639,Forward Montana v. State,Montana,"January 31, 2024",Government Structure,False,https://statecourtreport.org/sites/default/files/fastcase/converted/Montana%20v.%20State%2C%20Mont.%20DA%2022-0639.pdf
S-23-0062_Wyoming_2024/01/31,S-23-0062,City of Laramie v. University of Wyoming,Wyoming,"January 31, 2024",Government Structure,False,https://statecourtreport.org/sites/default/files/fastcase/converted/City%20of%20Laramie%20v.%20Univ.%20of%20Wyo.%2C%20Wyo.%20S-23-0062.pdf
16-WAP-2021_Pennsylvania_2022/10/19,16 WAP 2021,Scott v. Pennsylvania Board of Parole,Pennsylvania,"October 19, 2022",Criminal Law,False,https://statecourtreport.org/sites/default/files/2026-02/supreme_court_of_pennsylvania-opinion.pdf
No.-08SA402_Colorado_2024/02/24,No. 08SA402,Owens v. People,Colorado,"February 24, 2024",Criminal Law,False,https://statecourtreport.org/sites/default/files/2024-02/owens-v-people.pdf
22-1145_Texas_2024/06/28,22-1145,Hensley v. State Commission on Judicial Conduct,Texas,"June 28, 2024",Speech and Religion,False,https://statecourtreport.org/sites/default/files/2025-11/supreme_court_of_texas-dissenting_opinion.pdf
No.-SC100277_Missouri_2024/02/14,No. SC100277,Faatz v. Ashcroft,Missouri,"February 14, 2024",Voting Rights and Elections,False,https://statecourtreport.org/sites/default/files/2024-02/ashcroft-missouri.pdf
SC-2022-0515_Alabama_2024/02/16,SC-2022-0515,LePage v. Center for Reproductive Medicine,Alabama,"February 16, 2024",Reproductive Rights,False,https://statecourtreport.org/sites/default/files/2024-02/lepage-v-center-for-reproductive-medicine-alabama-supreme-court-02.16.2024.pdf
2322-CC00120_Missouri_2024/06/14,2322-CC00120,The Reverend Traci Blackmon v. Missouri,Missouri,"June 14, 2024",Reproductive Rights,False,https://statecourtreport.org/sites/default/files/2024-06/mo-circuit-court-opinion-blackmon-v-missouri-6.14.24.pdf
2022-0348_New-Hampshire_2024/01/30,2022-0348,"Hardy v. Chester Arms, LLC",New Hampshire,"January 30, 2024",Government Structure,False,https://statecourtreport.org/sites/default/files/fastcase/converted/Hardy%20v.%20Chester%20Arms%2C%20LLC%2C%20N.H.%202022-0348.pdf
J-34A-2023_Pennsylvania_2024/01/29,J-34A-2023,Siger v. City of Chester,Pennsylvania,"January 29, 2024",Government Structure,False,https://statecourtreport.org/sites/default/files/fastcase/converted/Siger%20v.%20City%20of%20Chester%2C%20Pa.%2012%20MAP%202023.pdf
101075-3_Washington_2024/01/25,101075-3,King County v. Abernathy,Washington,"January 25, 2024",Government Structure,False,https://statecourtreport.org/sites/default/files/fastcase/converted/Certification%20from%20the%20United%20States%20Dist.%20Court%20for%20the%20W.%20Dist.%20of%20Wash.%20v.%20Abernathy%2C%20Wash.%20101075-3.pdf
CR-23-0042-PR_Arizona_2024/01/23,CR-23-0042-PR,State v. Santillanes,Arizona,"January 23, 2024",Government Structure,False,https://statecourtreport.org/sites/default/files/fastcase/converted/State%20v.%20Santillanes%2C%20Ariz.%20CR-23-0042-PR.pdf
CV-23-0005_Arizona_2024/04/09,CV-23-0005,Planned Parenthood of Arizona v. Hazelrigg,Arizona,"April 9, 2024",Reproductive Rights,False,https://statecourtreport.org/sites/default/files/2024-04/az-cv230005pr_0.pdf
A-41-22_New-Jersey_2024/01/18,A-41-22,State v. Hill,New Jersey,"January 18, 2024",Speech and Religion,False,https://statecourtreport.org/sites/default/files/fastcase/converted/State%20v.%20Hill%2C%20N.J.%20A-41-22.pdf
086617_New-Jersey_2024/01/16,086617,State v. Fair,New Jersey,"January 16, 2024",Speech and Religion,False,https://statecourtreport.org/sites/default/files/fastcase/converted/State%20v.%20Fair%2C%20N.J.%20A-20-22.pdf
SCAP-22-0000561_Hawaii_2024/02/07,SCAP-22-0000561,State v. Wilson,Hawaii,"February 7, 2024",Criminal Law,False,https://statecourtreport.org/sites/default/files/2024-02/hawaii-v-wilson-hawaii-supreme-court-02.07.2024.pdf
SC-S070456_Oregon_2024/02/01,SC S070456,Knopp v. Griffin-Valade,Oregon,"February 1, 2024",Government Structure,False,https://statecourtreport.org/sites/default/files/2024-02/knopp.pdf
22-000044-MM_Michigan_2022/09/07,22-000044-MM,Planned Parenthood of Michigan v. Attorney General of the State of Michigan,Michigan,"September 7, 2022",Reproductive Rights,False,https://statecourtreport.org/sites/default/files/2024-09/michigan-court-of-claims-opinion-and-order-granting-permanent-injunction_0.pdf
49976_Idaho_2024/01/03,49976,Worthington v. Thunder,Idaho,"January 3, 2024",Civil Due Process,False,https://statecourtreport.org/sites/default/files/fastcase/converted/Worthington%20v.%20Thunder%2C%20Idaho%2049976.pdf
51211-2023_Idaho_2024/01/29,51211-2023,Idaho State Athletic Commission v. Office of the Administrative Rules Coordinator,Idaho,"January 29, 2024",Government Structure,False,https://statecourtreport.org/sites/default/files/2024-02/51211x.pdf
D-1-GN-23-000968_Texas_2024/05/31,D-1-GN-23-000968,Zurawski v. Texas,Texas,"May 31, 2024",Reproductive Rights,False,https://statecourtreport.org/sites/default/files/2024-05/zurawski-opinion.pdf
SJC-13386_Massachusetts_2024/01/23,SJC-13386,Graham v. District Attorney for Hampden District,Massachusetts,"January 23, 2024",Criminal Law,False,https://statecourtreport.org/sites/default/files/2024-01/graham-v-da-for-hampden-district-supreme-judicial-court-of-mass-01.23.2024.pdf
129471_Illinois_2024/01/19,129471,Arlington Heights Pension Fund v. Pritzker,Illinois,"January 19, 2024",Voting Rights and Elections,False,https://statecourtreport.org/sites/default/files/2024-01/arlington-heights-police-pension-fund-v-pritzker-2024-il-129471.pdf
S23A0887_Georgia_2024/01/17,S23A0887,Lovell v. Raffensperger,Georgia,"January 17, 2024",Voting Rights and Elections,False,https://statecourtreport.org/sites/default/files/2024-01/lovell-v-raffensperger-georgia-supreme-court-01.17.2024.pdf
22-1213_Iowa_2023/12/29,22-1213,Iowa Individual Health Benefit Reinsurance Association v. State University of Iowa,Iowa,"December 29, 2023",Government Structure,False,https://statecourtreport.org/sites/default/files/fastcase/converted/Iowa%20Individual%20Health%20Benefit%20Reinsurance%20Ass%27n%20v.%20State%20Univ.%20of%20Iowa%2C%20Iowa%2022-1213.pdf
S-18114_Alaska_2023/12/29,S-18114,Sitka Tribe of Alaska v. State,Alaska,"December 29, 2023",Government Structure,False,https://statecourtreport.org/sites/default/files/fastcase/converted/Sitka%20Tribe%20of%20Alaska%20v.%20State%2C%20Alaska%20S-18114.pdf
"2022-0407,-2022-0424_Ohio_2023/12/28","2022-0407, 2022-0424",Everhart v. Coshocton County Memorial Hospital,Ohio,"December 28, 2023",Torts and Liability,False,https://statecourtreport.org/sites/default/files/fastcase/converted/Everhart%20v.%20Coshocton%20Cnty.%20Mem%27l%20Hosp.%2C%20Ohio%202022-0407.pdf
SC-2023-0421_Alabama_2023/12/22,SC-2023-0421,Belser v. Blount County,Alabama,"December 22, 2023",Government Structure,False,https://statecourtreport.org/sites/default/files/fastcase/converted/Belser%20v.%20Blount%20Cnty.%2C%20Ala.%20SC-2023-0421.pdf
20180788_Utah_2023/12/21,20180788,Kell v. State,Utah,"December 21, 2023",Criminal Law,False,https://statecourtreport.org/sites/default/files/fastcase/converted/Kell%20v.%20State%2C%20Utah%2020180788.pdf
SC-S070063_Oregon_2023/12/21,SC S070063,State v. Wilcox,Oregon,"December 21, 2023",Criminal Law,False,https://statecourtreport.org/sites/default/files/fastcase/converted/State%20v.%20Wilcox%2C%20Or.%20SC%20S070063.pdf
SJC-11693_Massachusetts_2024/01/11,SJC-11693,Commonwealth v. Mattis,Massachusetts,"January 11, 2024",Criminal Law,False,https://statecourtreport.org/sites/default/files/2024-01/commonwealth-v-mattis-sjc-11693_slip_opinion.pdf
MA-2022-937_Oklahoma_2023/12/14,MA-2022-937,Deo v. Parish,Oklahoma,"December 14, 2023",Government Structure,False,https://statecourtreport.org/sites/default/files/fastcase/converted/Deo%20v.%20Parish%2C%20Okla.%20Crim.%20App.%20MA-2022-937.pdf
23SA133_Colorado_2023/12/04,23SA133,Antero Treatment LLC v. Veolia Water Technologies,Colorado,"December 4, 2023",Government Structure,False,https://statecourtreport.org/sites/default/files/fastcase/converted/Antero%20Treatment%20LLC%20v.%20Veolia%20Water%20Techs.%2C%20Colo.%2023SA133.pdf
1210353_Alabama_2022/12/22,1210353,Gulf Shores City Board of Education v. Mackey,Alabama,"December 22, 2022",Government Structure,False,https://statecourtreport.org/sites/default/files/fastcase/converted/Gulf%20Shores%20City%20Bd.%20of%20Educ.%20v.%20Mackey%2C%20Ala.%201210353.pdf
30488_South-Dakota_2024/02/09_1,30488,In re: Legislator Interest in State Contracts,South Dakota,"February 9, 2024",Government Structure,False,https://statecourtreport.org/sites/default/files/2025-11/supreme_court_of_south_dakota-opinion.pdf
"SC2022-1050,-SC2022-1127_Florida_2024/04/01","SC2022-1050, SC2022-1127",Planned Parenthood v. Florida,Florida,"April 1, 2024",Reproductive Rights,False,https://statecourtreport.org/sites/default/files/2024-04/supreme-court-of-florida-opinion_sc2022-1050-04.01.2024.pdf
118913-and-121497_Oklahoma_2024/04/02,118913 and 121497,Treat v. Stitt,Oklahoma,"April 2, 2024",Government Structure,False,https://statecourtreport.org/sites/default/files/2024-04/oklahoma-stitt-v-treat.pdf
23S-PL-60_Indiana_2023/11/21,23S-PL-60,Mellowitz v. Ball State University,Indiana,"November 21, 2023",Economic and Labor Rights,False,https://statecourtreport.org/sites/default/files/fastcase/converted/Mellowitz%20v.%20Ball%20State%20Univ.%2C%20Ind.%2023S-PL-60.pdf
27_New-York_2023/11/21,27,People v. Debellis,New York,"November 21, 2023",Criminal Law,False,https://statecourtreport.org/sites/default/files/fastcase/converted/People%20v.%20Debellis%2C%20N.Y.%20No.%2027.pdf
78_New-York_2023/11/21,78,People v. Rodriguez,New York,"November 21, 2023",Criminal Law,False,https://statecourtreport.org/sites/default/files/fastcase/converted/People%20v.%20Rodriguez%2C%20N.Y.%20No.%2078.pdf
49358_Idaho_2023/11/17,49358,State v. Oldenburg,Idaho,"November 17, 2023",Government Structure,False,https://statecourtreport.org/sites/default/files/fastcase/converted/State%20v.%20Oldenburg%2C%20Idaho%2049358.pdf
"DA-22-0172,-DA-22-0667_Montana_2024/03/27","DA 22-0172, DA 22-0667",Montana Democratic Party  v. Jacobsen,Montana,"March 27, 2024",Election 2024,False,https://statecourtreport.org/sites/default/files/2024-03/montana-supreme-court-montana-democratic-party-v-jacobsen-03.27.2024.pdf
211061_Virginia_2023/12/14,211061,Vlaming v. West Point School Board,Virginia,"December 14, 2023",Speech and Religion,False,https://statecourtreport.org/sites/default/files/2023-12/vlaming-v-west-point-virginia-supreme-court-12.15.2023.pdf
A22-0118_Minnesota_2023/12/13,A22-0118,Cruz-Guzman v. State,Minnesota,"December 13, 2023",Education,False,https://statecourtreport.org/sites/default/files/2023-12/cruz-guzman-v-state-mn-supreme-court-12.13.2023.pdf
48839-2021_Idaho_2023/11/09,48839-2021,State v. Harrell,Idaho,"November 9, 2023",Criminal Law,False,https://statecourtreport.org/sites/default/files/fastcase/converted/State%20v.%20Harrell%2C%20Idaho%2048839-2021.pdf
90_New-York_2023/12/12,90,Hoffmann v. New York State Independent Redistricting Commission,New York,"December 12, 2023",Voting Rights and Elections,False,https://statecourtreport.org/sites/default/files/2023-12/Hoffman%20v.%20NYS%20Independent%20Redistricting%20Commission%20-%2012.12.2023.pdf
101300-1_Washington_2023/12/07,101300-1,Bennett v. United States,Washington,"December 7, 2023",Torts and Liability,False,https://statecourtreport.org/sites/default/files/2023-12/bennett-v-usa-washington-state-supreme-court-12.07.2023.pdf
23S-CR-72_Indiana_2023/10/31,23S-CR-72,"State v. $2,435 in United States Currency",Indiana,"October 31, 2023",Criminal Law,False,https://statecourtreport.org/sites/default/files/fastcase/converted/State%20v.%20%242%2C435%20in%20United%20States%20Currency%2C%20Ind.%2023S-CR-72.pdf
2022-0629_New-Hampshire_2023/11/29,2022-0629,Brown v. Secretary of State,New Hampshire,"November 29, 2023",Voting Rights and Elections,False,https://statecourtreport.org/sites/default/files/2023-12/Brown%20v.%20Secretary%20of%20State%20-%20NH%20Supreme%20Court%20-%2011.29.2023.pdf
SC2021-0651_Florida_2023/11/30,SC2021-0651,Tallahassee v. Florida Police Benevolent Association,Florida,"November 30, 2023",Criminal Law,False,https://statecourtreport.org/sites/default/files/2023-11/Florida%20Supreme%20Court%20-%20Opinion%20-%2011.30.2023.pdf
S24U0190_Georgia_2023/11/22,S24U0190,In Re: Prosecuting Attorneys Qualifications Commission Rules and Code of Conduct,Georgia,"November 22, 2023",Government Structure,False,https://statecourtreport.org/sites/default/files/2023-12/In%20re%20Prosecuting%20Attorneys%20Qualifications%20Commission%20Rules%20-%20Georgia%20Supreme%20Court%20-%2011.22.2023.pdf
82_New-York_2023/11/20,82,Police Benevolent Association v. City of New York,New York,"November 20, 2023",Criminal Law,False,https://statecourtreport.org/sites/default/files/2023-12/PBA%20NYC%20v.%20NYC%20-%20Court%20of%20Appeals%20-%2011.20.2023.pdf
23-0656_Texas_2023/08/14,23-0656,Harris County v. Texas,Texas,"August 14, 2023",Voting Rights and Elections,False,https://statecourtreport.org/sites/default/files/2023-10/District%20Court%20-%20Order%20Granting%20Temporary%20Injunction%20-%2008.14.2023.pdf
2022AP1233_Wisconsin_2023/06/29,2022AP1233,"Wisconsin Property Taxpayers, Inc. v. Town of Buchanan",Wisconsin,"June 29, 2023",Government Structure,False,https://statecourtreport.org/sites/default/files/fastcase/converted/Wis.%20Prop.%20Taxpayers%2C%20Inc.%20v.%20Town%20of%20Buchanan%2C%20Wis.%20No.%202022AP1233.pdf
SC99876_Missouri_2024/01/30,SC99876,City of St. Louis v. State,Missouri,"January 30, 2024",Government Structure,False,https://statecourtreport.org/sites/default/files/2024-03/city-of-st-louis-v-state-sc99876-mo-jan-30-2024.pdf
84493_New-Jersey_2023/06/22,84493,State v. Cohen,New Jersey,"June 22, 2023",Criminal Law,False,https://statecourtreport.org/sites/default/files/fastcase/converted/State%20v.%20Cohen%2C%20N.J.%20A-50%20September%20Term%202021.pdf
2023-AP-001399_Wisconsin_2023/12/22,2023-AP-001399,Clarke v. Wisconsin Elections Commission,Wisconsin,"December 22, 2023",Voting Rights and Elections,False,https://statecourtreport.org/sites/default/files/2024-01/clarke-v-wisconsin-elections-commission-wisconsin-supreme-court-12.2023.pdf
"2022-0053,-2022-0054_Ohio_2023/10/18","2022-0053, 2022-0054",In re: Application of Alamo Solar I,Ohio,"October 18, 2023",Economic and Labor Rights,False,https://statecourtreport.org/sites/default/files/2023-12/In%20re%20Alamo%20Solar%20-%2010.18.2023.pdf
119918_Oklahoma_2023/11/14,119918,Oklahoma Call for Reproductive Justice v. Drummond,Oklahoma,"November 14, 2023",Reproductive Rights,False,https://statecourtreport.org/sites/default/files/2023-11/Oklahoma%20Call%20for%20Reproductive%20Justice%20v.%20Drummon%20-%2011.14.2023.pdf
2022AP91_Wisconsin_2022/07/08,2022AP91,Teigen v. Wisconsin Elections Commission,Wisconsin,"July 8, 2022",Voting Rights and Elections,False,https://statecourtreport.org/sites/default/files/2024-07/wi-sc-opinon-tiegen-7.8.22.pdf
SC-2022-0741_Alabama_2023/10/27,SC-2022-0741,Dixon v. City of Auburn,Alabama,"October 27, 2023",Economic and Labor Rights,False,https://statecourtreport.org/sites/default/files/fastcase/converted/Dixon%20v.%20City%20of%20Auburn%2C%20Ala.%20SC-2022-0741.pdf
2022-CA-00464-SCT_Mississippi_2023/10/26,2022-CA-00464-SCT,Jackson Public School District v. Jackson Federation of Teachers & PSRPS,Mississippi,"October 26, 2023",Speech and Religion,False,https://statecourtreport.org/sites/default/files/fastcase/converted/Jackson%20Pub.%20Sch.%20Dist.%20v.%20Jackson%20Fed%27n%20of%20Teachers%20%26%20PSRPS%2C%20Miss.%202022-CA-00464-SCT.pdf
2022-0603_Ohio_2023/11/09,2022-0603,State v. Daniel,Ohio,"November 9, 2023",Criminal Law,False,https://statecourtreport.org/sites/default/files/2023-11/State%20v.%20Daniels%20-%2011.09.2023.pdf
22-0536_Iowa_2023/06/09,22-0536,Livingood v. City of Des Moines,Iowa,"June 9, 2023",Government Structure,False,https://statecourtreport.org/sites/default/files/fastcase/converted/Livingood%20v.%20City%20of%20Des%20Moines%2C%20Iowa%20No.%2022-0536.pdf
70_New-York_2023/10/24,70,Stevens v. New York State Division of Criminal Justice Services,New York,"October 24, 2023",Government Structure,False,https://statecourtreport.org/sites/default/files/fastcase/converted/Stevens%20v.%20N.Y.%20State%20Div.%20of%20Criminal%20Justice%20Servs.%2C%20N.Y.%20No.%2070.pdf
210389_Virginia_2023/10/19,210389,McKeithen v. City of Richmond,Virginia,"October 19, 2023",Economic and Labor Rights,False,https://statecourtreport.org/sites/default/files/2023-12/McKeithen%20v.%20City%20of%20Richmond%20-%20Virginia%20Supreme%20Court%20210389%20-%2010.19.2023.pdf
SC-S069360_Oregon_2023/10/19,SC S069360,State v. Reed,Oregon,"October 19, 2023",Criminal Law,False,https://statecourtreport.org/sites/default/files/2023-12/State%20v.%20Reed%20-%20Oregon%20Supreme%20Court%20-%2010.19.2023.pdf
CV-22-0142-PR_Arizona_2023/10/16,CV-22-0142-PR,Torres v. Jai Dining Services,Arizona,"October 16, 2023",Torts and Liability,False,https://statecourtreport.org/sites/default/files/fastcase/converted/Torres%20v.%20Jai%20Dining%20Servs.%20%28Phx.%29%2C%20Ariz.%20CV-22-0142-PR.pdf
WD86595_Missouri_2023/10/31,WD86595,Fitz-James v. Ashcroft,Missouri,"October 31, 2023",Voting Rights and Elections,False,https://statecourtreport.org/sites/default/files/2023-11/Fitz%20James%20v.%20Ashcroft%20-%20Opinion%20-%2010.31.2023.pdf
23S-CR-72_Indiana_2023/10/31_1,23S-CR-72,State v. Kizer,Indiana,"October 31, 2023",Civil Due Process,False,https://statecourtreport.org/sites/default/files/2023-11/State%20v.%20Kizer%20-%20Opinion%20-%2010.31.2023.pdf
CV-23-468_Arkansas_2023/10/12,CV-23-468,Arkansas Department of Education v. Jackson,Arkansas,"October 12, 2023",Government Structure,False,https://statecourtreport.org/sites/default/files/fastcase/converted/Ark.%20Dep%27t%20of%20Educ.%20v.%20Jackson%2C%20Ark.%20CV-23-468.pdf
S-1-SC-38996_New-Mexico_2023/10/12,S-1-SC-38996,State ex rel. Candelaria v. Grisham,New Mexico,"October 12, 2023",Government Structure,False,https://statecourtreport.org/sites/default/files/fastcase/converted/State%20ex%20rel.%20Candelaria%20v.%20Grisham%2C%20N.M.%20S-1-SC-38996.pdf
48799_Idaho_2023/10/04,48799,Tidwell v. Blaine County,Idaho,"October 4, 2023",Civil Due Process,False,https://statecourtreport.org/sites/default/files/fastcase/converted/Tidwell%20v.%20Blaine%20Cnty.%2C%20Idaho%2048799.pdf
2021AP1450-OA_Wisconsin_2024/03/01,2021AP1450-OA,Johnson v. Wisconsin Elections Commission,Wisconsin,"March 1, 2024",Voting Rights and Elections,False,https://statecourtreport.org/sites/default/files/2024-03/johnson-v-wi-elections-commission-order-denying-motion-for-relief-03.01.2024.pdf
SC100045_Missouri_2023/12/19,SC100045,Byrd v. State,Missouri,"December 19, 2023",Economic and Labor Rights,False,https://statecourtreport.org/sites/default/files/2024-01/missouri-supreme-court-byrd-v-state-12.19.2023.pdf
2022-SC-0522_Kentucky_2023/12/14,2022-SC-0522,Graham v. Adams,Kentucky,"December 14, 2023",Voting Rights and Elections,False,https://statecourtreport.org/sites/default/files/2023-12/graham-v-adams-kentucky-supreme-court-12.14.2023.pdf
20230158_North-Dakota_2023/09/28,20230158,Board of Trustees of N. Dakota Public Employees Retirement System v. N. Dakota Legislative Assembly,North Dakota,"September 28, 2023",Government Structure,False,https://statecourtreport.org/sites/default/files/fastcase/converted/Bd.%20of%20Trs.%20of%20the%20N.%20Dakota%20Pub.%20Emps.%20Ret.%20Sys.%20v.%20N.%20Dakota%20Legislative%20Assembly%2C%20N.D.%2020230158.pdf
22-EAP-2021_Pennsylvania_2023/09/28,22 EAP 2021,Weeks v. Department of Human Service of the Commonwealth,Pennsylvania,"September 28, 2023",Government Structure,False,https://statecourtreport.org/sites/default/files/fastcase/converted/Weeks%20v.%20Dep%27t%20of%20Human%20Servs.%20of%20the%20Commonwealth%2C%20Pa.%2022%20EAP%202021.pdf
100992-5_Washington_2023/09/28,100992-5,Gonzales v. Inslee,Washington,"September 28, 2023",Government Structure,False,https://statecourtreport.org/sites/default/files/fastcase/converted/Gonzales%20v.%20Inslee%2C%20Wash.%20100992-5.pdf
2021-1198_Ohio_2023/11/27,2021-1198,Bennett et al. v. Ohio Redistricting Commission et al.,Ohio,"November 27, 2023",Voting Rights and Elections,False,https://statecourtreport.org/sites/default/files/2023-11/Ohio%20Supreme%20Court%20-%20Order%20Granting%20Motion%20to%20Dismiss%20-%2011.27.2023_1.pdf
2021-1193_Ohio_2023/11/27,2021-1193,League of Women Voters Ohio et al. v. Ohio Redistricting Commission et al.,Ohio,"November 27, 2023",Voting Rights and Elections,False,https://statecourtreport.org/sites/default/files/2023-11/Ohio%20Supreme%20Court%20-%20Order%20Granting%20Motion%20to%20Dismiss%20-%2011.27.2023_1.pdf
OP-23-0331_Montana_2023/09/26,OP 23-0331,Monforton v. Knudsen,Montana,"September 26, 2023",Voting Rights and Elections,False,https://statecourtreport.org/sites/default/files/fastcase/converted/Monforton%20v.%20Knudsen%2C%20Mont.%20OP%2023-0331.pdf
20220636_Utah_2023/09/21,20220636,State v. Barnett,Utah,"September 21, 2023",Criminal Law,False,https://statecourtreport.org/sites/default/files/fastcase/converted/State%20v.%20Barnett%2C%20Utah%2020220636.pdf
100873-2_Washington_2023/09/21,100873-2,State v. Reynolds,Washington,"September 21, 2023",Criminal Law,False,https://statecourtreport.org/sites/default/files/fastcase/converted/State%20v.%20Reynolds%2C%20Wash.%20100873-2.pdf
S23A0631_Georgia_2023/09/19,S23A0631,Roberts v. Cuthpert,Georgia,"September 19, 2023",Government Structure,False,https://statecourtreport.org/sites/default/files/fastcase/converted/Roberts%20v.%20Cuthpert%2C%20Ga.%20S23A0631.pdf
2023-1088_Ohio_2023/09/19,2023-1088,State ex rel. Ohioans United for Reproductive Rights v. Ohio Ballot Board,Ohio,"September 19, 2023",Reproductive Rights,False,https://statecourtreport.org/sites/default/files/fastcase/converted/State%20ex%20rel.%20Ohioans%20United%20for%20Reprod.%20Rights%20v.%20Ohio%20Ballot%20Bd.%2C%20Ohio%202023-1088.pdf
101375-2_Washington_2023/09/14,101375-2,Snaza v. State,Washington,"September 14, 2023",Government Structure,False,https://statecourtreport.org/sites/default/files/fastcase/converted/Snaza%20v.%20State%2C%20Wash.%20101375-2.pdf
"DA-21-0533,-DA-23-0046_Montana_2023/12/12","DA 21-0533, DA 23-0046",Stand Up Montana v. Missoula County Public Schools,Montana,"December 12, 2023",Education,False,https://statecourtreport.org/sites/default/files/2024-02/supreme-court-of-montana-stand-up-montana-v-missoula-county-public-schools-12.12.2023.pdf
2023SA12_Colorado_2023/10/16,2023SA12,Colorado v. Seymour,Colorado,"October 16, 2023",Criminal Law,False,https://statecourtreport.org/sites/default/files/2023-10/Colorado%20v.%20Seymour%20-%20Opinion%20-%2010.20.2023.pdf
2022-CC-01713_Louisiana_2023/09/08,2022-CC-01713,Mellor v. Jefferson Parish,Louisiana,"September 8, 2023",Government Structure,False,https://statecourtreport.org/sites/default/files/fastcase/converted/Mellor%20v.%20The%20Par.%20of%20Jefferson%2C%20La.%202022-CC-01713.pdf
2022-KK-01827_Louisiana_2023/09/08,2022-KK-01827,State v. Lee,Louisiana,"September 8, 2023",Government Structure,False,https://statecourtreport.org/sites/default/files/fastcase/converted/State%20v.%20Lee%2C%20La.%202022-KK-01827.pdf
101052-4_Washington_2023/09/07,101052-4,Wahkiakum School District No. 200 v. State,Washington,"September 7, 2023",Education,False,https://statecourtreport.org/sites/default/files/fastcase/converted/Wahkiakum%20Sch.%20Dist.%20No.%20200%20v.%20State%2C%20Wash.%20101052-4.pdf
S-1-SC-38937_New-Mexico_2023/09/05,S-1-SC-38937,State v. Ayon,New Mexico,"September 5, 2023",Criminal Law,False,https://statecourtreport.org/sites/default/files/fastcase/converted/State%20v.%20Ayon%2C%20N.M.%20S-1-SC-38937.pdf
25-2022_Maryland_2023/08/31,25-2022,Clark v. State,Maryland,"August 31, 2023",Criminal Law,False,https://statecourtreport.org/sites/default/files/fastcase/converted/Clark%20v.%20State%2C%20Md.%2025-2022.pdf
2021-1210_Ohio_2023/11/27,2021-1210,Ohio Organizing Collaborative v. Ohio Redistricting Commission,Ohio,"November 27, 2023",Voting Rights and Elections,False,https://statecourtreport.org/sites/default/files/2023-11/Ohio%20Supreme%20Court%20-%20Order%20Granting%20Motion%20to%20Dismiss%20-%2011.27.2023_1.pdf
S-1-SC-39481_New-Mexico_2023/09/22,S-1-SC-39481,Grisham v. Van Soelen,New Mexico,"September 22, 2023",Voting Rights and Elections,False,https://statecourtreport.org/sites/default/files/2023-10/Grisham%20-%20Opinion%20-%2009.22.2023.pdf
OJ-23-1_Maine_2023/05/26,OJ-23-1,In re Opinion of the Justices,Maine,"May 26, 2023",Government Structure,False,https://statecourtreport.org/sites/default/files/fastcase/additionalPdfs/processed/Opinion%20of%20the%20Justices%20-Letter%20-05.26.2023.pdf
2023-SC-0196_Kentucky_2023/10/26,2023-SC-0196,"ARKK Properties, LLC v. Cameron",Kentucky,"October 26, 2023",Government Structure,False,https://statecourtreport.org/sites/default/files/2023-10/Kentucky%20Supreme%20Court%20-%202023-SC-0196-OA.pdf
230172_Virginia_2023/10/12,230172,Anderson v. Clarke,Virginia,"October 12, 2023",Criminal Law,False,https://statecourtreport.org/sites/default/files/2025-11/albemarle_county_circuit_court-opinion-10.12.2023.pdf
DA-20-0197_Montana_2023/06/14,DA 20-0197,State v. Hinman,Montana,"June 14, 2023",Criminal Law,False,https://statecourtreport.org/sites/default/files/fastcase/converted/State%20v.%20Hinman%2C%20Mont.%20DA%2020-0197.pdf
"130,-144_Delaware_2023/08/30","130, 144",Burroughs v. State,Delaware,"August 30, 2023",Criminal Law,False,https://statecourtreport.org/sites/default/files/fastcase/converted/Burroughs%20v.%20State%2C%20Del.%20144.pdf
101385-0_Washington_2023/06/08,101385-0,State v. Teulilo,Washington,"June 8, 2023",Criminal Law,False,https://statecourtreport.org/sites/default/files/fastcase/converted/State%20v.%20Teulilo%2C%20Wash.%20No.%20101385-0.pdf
2021-SC-0485_Kentucky_2023/08/24,2021-SC-0485,Robertson v. Commonwealth,Kentucky,"August 24, 2023",Criminal Law,False,https://statecourtreport.org/sites/default/files/fastcase/converted/Robertson%20v.%20Commonwealth%2C%20Ky.%202021-SC-0485-MR.pdf
20723_Connecticut_2023/08/22,20723,State v. Avoletta,Connecticut,"August 22, 2023",Government Structure,False,https://statecourtreport.org/sites/default/files/fastcase/converted/State%20v.%20Avoletta%2C%20Conn.%20SC%2020723.pdf
"79658,-80113,-80968_Nevada_2023/08/17","79658, 80113, 80968",Valley Health System v. Murray,Nevada,"August 17, 2023",Government Structure,False,https://statecourtreport.org/sites/default/files/fastcase/converted/Valley%20Health%20Sys.%20v.%20Murray%2C%20Nev.%2079658.pdf
20220343_North-Dakota_2023/08/17,20220343,State v. Kollie,North Dakota,"August 17, 2023",Criminal Law,False,https://statecourtreport.org/sites/default/files/fastcase/converted/State%20v.%20Kollie%2C%20N.D.%2020220343.pdf
2023-CA-00584-SCT_Mississippi_2023/09/21,2023-CA-00584-SCT,Saunders v. Mississippi,Mississippi,"September 21, 2023",Government Structure,False,https://statecourtreport.org/sites/default/files/2023-09/Saunders%20v.%20Mississippi%20-%20Opinion%20-%2009.21.2023.pdf
49099_Idaho_2023/08/15,49099,State v. Bell,Idaho,"August 15, 2023",Criminal Law,False,https://statecourtreport.org/sites/default/files/fastcase/converted/State%20v.%20Bell%2C%20Idaho%2049099.pdf
18_New-York_2023/03/16,18,People v. Regan,New York,"March 16, 2023",Criminal Law,False,https://statecourtreport.org/sites/default/files/fastcase/converted/People%20v.%20Regan%2C%20N.Y.%20No.%2018.pdf
129453_Illinois_2023/08/11,129453,Caulkins v. Pritzker,Illinois,"August 11, 2023",,False,https://statecourtreport.org/sites/default/files/fastcase/converted/Caulkins%20v.%20Pritzker%2C%20Ill.%20129453.pdf
SC-S069454_Oregon_2023/08/10,SC S069454,State v. Benton,Oregon,"August 10, 2023",Criminal Law,False,https://statecourtreport.org/sites/default/files/fastcase/converted/State%20v.%20Benton%2C%20Or.%20SC%20S069454.pdf
2019AP664-CR_Wisconsin_2023/05/16,2019AP664-CR,State v. Johnson,Wisconsin,"May 16, 2023",Criminal Law,False,https://statecourtreport.org/sites/default/files/fastcase/converted/State%20v.%20Johnson%2C%20Wis.%20No.%202019AP664-CR.pdf
100922-4_Washington_2023/08/03,100922-4,State v. Rivers,Washington,"August 3, 2023",Criminal Law,False,https://statecourtreport.org/sites/default/files/fastcase/converted/State%20v.%20Rivers%2C%20Wash.%20100922-4.pdf
S271869_California_2023/08/03,S271869,Chevron U.S.A. v. Monterey County,California,"August 3, 2023",Government Structure,False,https://statecourtreport.org/sites/default/files/fastcase/converted/Chevron%20U.S.A.%20v.%20Cnty.%20of%20Monterey%2C%20Cal.%20S271869.pdf
A-23-22_New-Jersey_2023/08/02,A-23-22,State v. Watson,New Jersey,"August 2, 2023",Criminal Law,False,https://statecourtreport.org/sites/default/files/fastcase/converted/State%20v.%20Watson%2C%20N.J.%20A-23-22.pdf
CR-22-0175-PR_Arizona_2023/07/31,CR-22-0175-PR,Draper v. Gentry,Arizona,"July 31, 2023",Criminal Law,False,https://statecourtreport.org/sites/default/files/fastcase/converted/Draper%20v.%20Gentry%2C%20Ariz.%20CR-22-0175-PR.pdf
162373_Michigan_2023/07/31,162373,People v. Posey,Michigan,"July 31, 2023",Criminal Law,False,https://statecourtreport.org/sites/default/files/fastcase/converted/People%20v.%20Posey%2C%20Mich.%20162373.pdf
2022-CP-2023-CP-40-002745_South-Carolina_2023/08/23,2022-CP-2023-CP-40-002745,Planned Parenthood v. South Carolina,South Carolina,"August 23, 2023",Reproductive Rights,False,https://statecourtreport.org/sites/default/files/2023-09/SC%2028174.pdf
"2020-1496,-2021-0532_Ohio_2023/07/26","2020-1496, 2021-0532",State v. Hacker,Ohio,"July 26, 2023",Government Structure,False,https://statecourtreport.org/sites/default/files/fastcase/converted/State%20v.%20Hacker%2C%20Ohio%202020-1496.pdf
A20-1638_Minnesota_2023/07/26,A20-1638,State v. Bell,Minnesota,"July 26, 2023",Criminal Law,False,https://statecourtreport.org/sites/default/files/fastcase/converted/State%20v.%20Bell%2C%20Minn.%20A20-1638.pdf
21-AP-275_Vermont_2023/07/21,21-AP-275,State v. Boyer,Vermont,"July 21, 2023",Criminal Law,False,https://statecourtreport.org/sites/default/files/fastcase/converted/State%20v.%20Boyer%2C%20Vt.%2021-AP-275.pdf
165169_Michigan_2022/11/17,165169,Mt. Clemens Recreational Bowl v. Director of the Department of Health & Human Services,Michigan,"November 17, 2022",Economic and Labor Rights,False,https://statecourtreport.org/sites/default/files/2024-02/court-of-appeals-mount-clemens-v-dept-of-health-and-human-serivces-11.17.2022.pdf
129248_Illinois_2023/07/18,129248,Rowe v. Raoul,Illinois,"July 18, 2023",Government Structure,False,https://statecourtreport.org/sites/default/files/fastcase/converted/Rowe%20v.%20Raoul%2C%20Ill.%20129248.pdf
S275478_California_2022/06/02,S275478,Gascon v. the Association of Deputy District Attorneys for Los Angeles County,California,"June 2, 2022",Government Structure,False,https://statecourtreport.org/sites/default/files/2023-10/Court%20of%20Appeals%20-%20Gascon%20Opinion%20-%2006.02.2022.pdf
164557_Michigan_2022/03/31,164557,The Gym 24/7 Fitness LLC v. State of Michigan,Michigan,"March 31, 2022",Economic and Labor Rights,False,https://statecourtreport.org/sites/default/files/fastcase/additionalPdfs/processed/Court%20of%20Appeals%20-Opinion%20-03.31.2022.pdf
49667_Idaho_2023/07/10,49667,Bradbury v. City of Lewiston,Idaho,"July 10, 2023",Government Structure,False,https://statecourtreport.org/sites/default/files/fastcase/converted/Bradbury%20v.%20City%20of%20Lewiston%2C%20Idaho%2049667.pdf
SC-163073_Michigan_2023/07/07,SC 163073,People v. Johnson,Michigan,"July 7, 2023",Government Structure,False,https://statecourtreport.org/sites/default/files/fastcase/converted/People%20v.%20Johnson%2C%20Mich.%20SC%20163073.pdf
W2019-01059-SC-R11-PD_Tennessee_2023/07/07,W2019-01059-SC-R11-PD,Dotson v. State,Tennessee,"July 7, 2023",Government Structure,False,https://statecourtreport.org/sites/default/files/fastcase/converted/Dotson%20v.%20State%2C%20Tenn.%20W2019-01059-SC-R11-PD.pdf
SC-163942_Michigan_2023/07/07,SC 163942,People v. Edwards,Michigan,"July 7, 2023",Government Structure,False,https://statecourtreport.org/sites/default/files/fastcase/converted/People%20v.%20Edwards%2C%20Mich.%20SC%20163942.pdf
21-1327_Iowa_2023/06/30,21-1327,Valdez v. West Des Moines Community Schools,Iowa,"June 30, 2023",Civil Rights,False,https://statecourtreport.org/sites/default/files/fastcase/converted/Valdez%20v.%20W.%20Des%20Moines%20Cmty.%20Schs.%2C%20Iowa%2021-1327.pdf
M2020-01510-SC-R11-CV_Tennessee_2023/06/29,M2020-01510-SC-R11-CV,Falls v. Goins,Tennessee,"June 29, 2023",Voting Rights and Elections,False,https://statecourtreport.org/sites/default/files/fastcase/converted/Falls%20v.%20Goins%2C%20Tenn.%20M2020-01510-SC-R11-CV.pdf
"A-61-21,-A-7-22_New-Jersey_2023/06/29","A-61-21, A-7-22","Facebook, Inc. v. State",New Jersey,"June 29, 2023",Criminal Law,False,https://statecourtreport.org/sites/default/files/fastcase/converted/Facebook%2C%20Inc.%20v.%20State%2C%20N.J.%20A-61-21.pdf
23S-CR-165_Indiana_2023/06/29,23S-CR-165,Harris v. State,Indiana,"June 29, 2023",Criminal Law,False,https://statecourtreport.org/sites/default/files/fastcase/converted/Harris%20v.%20State%2C%20Ind.%2023S-CR-165.pdf
PD-1102-20_Texas_2023/06/21,PD-1102-20,Ex parte Sheffield,Texas,"June 21, 2023",Criminal Law,False,https://statecourtreport.org/sites/default/files/fastcase/converted/Ex%20parte%20Sheffield%2C%20Tex.%20Crim.%20App.%20PD-1102-20.pdf
22SC824_Colorado_2023/06/20,22SC824,Aurora Public Schools. v. A.S.,Colorado,"June 20, 2023",Torts and Liability,False,https://statecourtreport.org/sites/default/files/2023-09/Aurora%20Public%20Schools%20v%20A.S.%20-%20Opinion.pdf
23SA2_Colorado_2023/06/20,23SA2,People v. Smith,Colorado,"June 20, 2023",Criminal Law,False,https://statecourtreport.org/sites/default/files/fastcase/converted/People%20v.%20Smith%2C%20Colo.%2023SA2.pdf
2023-0630_Ohio_2023/06/16,2023-0630,State ex rel. One Person One Vote v. LaRose,Ohio,"June 16, 2023",Voting Rights and Elections,False,https://statecourtreport.org/sites/default/files/fastcase/converted/State%20ex%20rel.%20One%20Person%20One%20Vote%20v.%20LaRose%2C%20Ohio%202023-0630.pdf
19-029_Vermont_2023/02/17,19-029,State v. Murphy,Vermont,"February 17, 2023",Criminal Law,False,https://statecourtreport.org/sites/default/files/fastcase/converted/State%20v.%20Murphy%2C%20Vt.%20No.%2019-029.pdf
100999-2_Washington_2023/06/15,100999-2,Portugal v. Franklin County,Washington,"June 15, 2023",Voting Rights and Elections,False,https://statecourtreport.org/sites/default/files/fastcase/converted/Portugal%20v.%20Franklin%20Cnty.%2C%20Wash.%20100999-2.pdf
SC99092_Missouri_2023/06/13,SC99092,Conservation Commission v. Bailey,Missouri,"June 13, 2023",Government Structure,False,https://statecourtreport.org/sites/default/files/fastcase/converted/Conservation%20Comm%27n%20v.%20Bailey%2C%20Mo.%20SC99092.pdf
SC99554_Missouri_2023/06/13,SC99554,State v. Hamby,Missouri,"June 13, 2023",Criminal Law,False,https://statecourtreport.org/sites/default/files/2023-08/Opinion_SC99554.pdf
45_New-York_2023/06/13,45,Owner Operator Independent Drivers Association v. NYS Department of Transportation,New York,"June 13, 2023",Economic and Labor Rights,False,https://statecourtreport.org/sites/default/files/fastcase/converted/Owner%20Operator%20Indep.%20Drivers%20Ass%27n%20v.%20N.Y.%20State%20Dep%27t%20of%20Transp.%2C%20N.Y.%20No.%2045.pdf
120589_Oklahoma_2023/06/13,120589,Berkson v. State ex rel. Askins,Oklahoma,"June 13, 2023",Civil Due Process,False,https://statecourtreport.org/sites/default/files/fastcase/converted/Berkson%20v.%20State%20ex%20rel.%20Askins%2C%20Okla.%20120589.pdf
2023-0672_Ohio_2023/06/12,2023-0672,The State ex rel. One Person One Vote v. Ohio Ballot Board,Ohio,"June 12, 2023",Voting Rights and Elections,False,https://statecourtreport.org/sites/default/files/fastcase/converted/The%20State%20ex%20rel.%20One%20Person%20One%20Vote%20v.%20Ohio%20Ballot%20Bd.%2C%20Ohio%202023-0672.pdf
22-2036_Iowa_2023/06/16,22-2036,"Planned Parenthood of Heartland, Inc. v. Reynolds",Iowa,"June 16, 2023",Reproductive Rights,False,https://statecourtreport.org/sites/default/files/fastcase/converted/Planned%20Parenthood%20of%20Heartland%2C%20Inc.%20v.%20Reynolds%20ex%20rel.%20State%2C%20Iowa%2022-2036.pdf
22-AP-200_Vermont_2023/06/09,22-AP-200,A.B. v. S.U.,Vermont,"June 9, 2023",Torts and Liability,False,https://statecourtreport.org/sites/default/files/2023-09/A.B.%20v.%20S.U.%20opinion.pdf
"100552-1,-100718-3_Washington_2023/06/08","100552-1, 100718-3",State v. Gonzalez (In re Sargent),Washington,"June 8, 2023",Criminal Law,False,https://statecourtreport.org/sites/default/files/fastcase/converted/State%20v.%20Gonzalez%20%28In%20re%20Sargent%29%2C%20Wash.%20100552-1.pdf
"S-22-0250,-S-22-0282_Wyoming_2023/06/07","S-22-0250, S-22-0282",Joseph v. State,Wyoming,"June 7, 2023",Criminal Law,False,https://statecourtreport.org/sites/default/files/fastcase/converted/Joseph%20v.%20State%2C%20Wyo.%20S-22-0250.pdf
SC20734_Connecticut_2023/06/06,SC20734,State v. Langston,Connecticut,"June 6, 2023",Criminal Law,False,https://statecourtreport.org/sites/default/files/fastcase/converted/State%20v.%20Langston%2C%20Conn.%20SC%2020734.pdf
2023-0388_Ohio_2023/06/01,2023-0388,State ex rel. DeBlase v. Ohio Ballot Board,Ohio,"June 1, 2023",Reproductive Rights,False,https://statecourtreport.org/sites/default/files/fastcase/converted/State%20ex%20rel.%20DeBlase%20v.%20Ohio%20Ballot%20Bd.%2C%20Ohio%202023-0388.pdf
120376_Oklahoma_2023/05/31,120376,Oklahoma Call for Reproductive Justice v. State,Oklahoma,"May 31, 2023",Reproductive Rights,False,https://statecourtreport.org/sites/default/files/fastcase/converted/Okla.%20Call%20for%20Reprod.%20Justice%20v.%20State%2C%20Okla.%20120376.pdf
"S23A0017,-S23X0018_Georgia_2023/05/31","S23A0017, S23X0018",Raffensperger v. Jackson,Georgia,"May 31, 2023",Economic and Labor Rights,False,https://statecourtreport.org/sites/default/files/fastcase/converted/Raffensperger%20v.%20Jackson%2C%20Ga.%20S23A0017.pdf
2020AP2003_Wisconsin_2023/05/16,2020AP2003,"Wisconsin Justice Initiative,  Inc. v. Wisconsin Elections Commission",Wisconsin,"May 16, 2023",Voting Rights and Elections,False,https://statecourtreport.org/sites/default/files/fastcase/converted/Wis.%20Justice%20Initiative%2C%20Inc.%20v.%20Wis.%20Elections%20Comm%27n%2C%20Wis.%202020AP2003.pdf
21-0831_Iowa_2023/05/26,21-0831,State ex rel. Attorney General of Iowa v. Autor,Iowa,"May 26, 2023",Economic and Labor Rights,False,https://statecourtreport.org/sites/default/files/fastcase/converted/State%20ex%20rel.%20Attorney%20Gen.%20of%20Iowa%20v.%20Autor%2C%20Iowa%2021-0831.pdf
S-18292_Alaska_2023/05/26,S-18292,Taylor v. Alaska Legislative Affairs Agency,Alaska,"May 26, 2023",Government Structure,False,https://statecourtreport.org/sites/default/files/fastcase/converted/Taylor%20v.%20Alaska%20Legislative%20Affairs%20Agency%2C%20Alaska%20S-18292.pdf
S-17772_Alaska_2023/05/26,S-17772,"Williams Alaska Petroleum, Inc. v. State",Alaska,"May 26, 2023",Environment,False,https://statecourtreport.org/sites/default/files/fastcase/converted/Williams%20Alaska%20Petroleum%2C%20Inc.%20v.%20State%2C%20Alaska%20S-17772.pdf
A22-1190_Minnesota_2023/05/24,A22-1190,Kranz v. City of Bloomington,Minnesota,"May 24, 2023",Voting Rights and Elections,False,https://statecourtreport.org/sites/default/files/fastcase/converted/Kranz%20v.%20City%20of%20Bloomington%2C%20Minn.%20A22-1190.pdf
21-0323_West-Virginia_2023/05/23,21-0323,State v. Conner,West Virginia,"May 23, 2023",Criminal Law,False,https://statecourtreport.org/sites/default/files/fastcase/converted/State%20v.%20Conner%2C%20W.%20Va.%2021-0323.pdf
43_New-York_2023/05/23,43,St. Lawrence Cnty. v. City of Ogdensburg,New York,"May 23, 2023",Government Structure,False,https://statecourtreport.org/sites/default/files/fastcase/converted/St.%20Lawrence%20Cnty.%20v.%20City%20of%20Ogdensburg%2C%20N.Y.%20No.%2043.pdf
S21Z0595_Georgia_2023/03/15,S21Z0595,In re Judge Christian Coomer,Georgia,"March 15, 2023",Government Structure,False,https://statecourtreport.org/sites/default/files/fastcase/converted/In%20re%20Inquiry%20Concerning%20Judge%20Christian%20Coomer%2C%20Ga.%20S21Z0595.pdf
35_New-York_2023/05/18,35,People v. Johnson,New York,"May 18, 2023",Criminal Law,False,https://statecourtreport.org/sites/default/files/fastcase/converted/People%20v.%20Johnson%2C%20N.Y.%20No.%2035.pdf
49126_Idaho_2023/05/17,49126,Idaho Power Co. v. Idaho State Tax Commission,Idaho,"May 17, 2023",Economic and Labor Rights,False,https://statecourtreport.org/sites/default/files/fastcase/converted/Idaho%20Power%20Co.%20v.%20Idaho%20State%20Tax%20Comm%27n%2C%20Idaho%2049126.pdf
SC99794_Missouri_2023/05/16,SC99794,State ex rel. Grooms v. Privette,Missouri,"May 16, 2023",Government Structure,False,https://statecourtreport.org/sites/default/files/fastcase/converted/State%20ex%20rel.%20Grooms%20v.%20Privette%2C%20Mo.%20SC99794.pdf
DA-20-0461_Montana_2023/05/16,DA 20-0461,State v. Noli,Montana,"May 16, 2023",Criminal Law,False,https://statecourtreport.org/sites/default/files/fastcase/converted/State%20v.%20Noli%2C%20Mont.%20DA%2020-0461.pdf
SJC-13329_Massachusetts_2023/05/15,SJC-13329,Commonwealth v. Rader,Massachusetts,"May 15, 2023",Civil Rights,False,https://statecourtreport.org/sites/default/files/fastcase/converted/Commonwealth%20v.%20Rader%2C%20Mass.%20SJC-13329.pdf
"2021AP1343,-2021AP1382_Wisconsin_2023/05/02","2021AP1343, 2021AP1382",Becker v. Dane Cnty.,Wisconsin,"May 2, 2023",Government Structure,False,https://statecourtreport.org/sites/default/files/2023-11/Becker%20v%20Dane%20County%20-%20Concurring%20and%20Dissenting%20Opinions%20-%2005.02.2023.pdf
DA-22-0207_Montana_2023/05/12,DA 22-0207,Weems v. State,Montana,"May 12, 2023",Reproductive Rights,False,https://statecourtreport.org/sites/default/files/fastcase/converted/Weems%20v.%20State%2C%20Mont.%20DA%2022-0207.pdf
342PA19-2_North-Carolina_2023/04/28,342PA19-2,Holmes v. Moore,North Carolina,"April 28, 2023",Voting Rights and Elections,False,https://statecourtreport.org/sites/default/files/2023-08/Holmes%20v.%20Moore%2C%20N.C.%20342PA19-3.pdf
22-1010_Iowa_2023/05/05,22-1010,Burnett v. Smith,Iowa,"May 5, 2023",Government Structure,False,https://statecourtreport.org/sites/default/files/fastcase/converted/Burnett%20v.%20Smith%2C%20Iowa%2022-1010.pdf
2022-CC-01784_Louisiana_2023/05/05,2022-CC-01784,Jameson v. Montgomery,Louisiana,"May 5, 2023",Criminal Law,False,https://statecourtreport.org/sites/default/files/fastcase/converted/Jameson%20v.%20Montgomery%2C%20La.%202022-CC-01784.pdf
S068857_Oregon_2023/05/04,S068857,"State ex rel Rosenblum v. Living Essentials, LLC",Oregon,"May 4, 2023",Speech and Religion,False,https://statecourtreport.org/sites/default/files/fastcase/converted/State%20ex%20rel%20Rosenblum%20v.%20Living%20Essentials%2C%20LLC%2C%20Or.%20SC%20S068857.pdf
"S23A0022,-S23A0023_Georgia_2023/05/02","S23A0022, S23A0023",Session v. State,Georgia,"May 2, 2023",Criminal Law,False,https://statecourtreport.org/sites/default/files/2023-08/Session%20v.%20State%20-%20Opinion%20-%2005.02.2023.pdf
"S-17389,-S-17616_Alaska_2023/04/28","S-17389, S-17616",In re Abigail B.,Alaska,"April 28, 2023",Civil Due Process,False,https://statecourtreport.org/sites/default/files/fastcase/converted/In%20re%20Abigail%20B.%2C%20Alaska%20S-17389.pdf
331PA21_North-Carolina_2023/04/28,331PA21,Community Success Initiative v. Moore,North Carolina,"April 28, 2023",Voting Rights and Elections,False,https://statecourtreport.org/sites/default/files/fastcase/converted/Cmty.%20Success%20Initiative%20v.%20Moore%2C%20N.C.%20331PA21.pdf
2022-0081_New-Hampshire_2023/04/26,2022-0081,State v. O'Brien,New Hampshire,"April 26, 2023",Criminal Law,False,https://statecourtreport.org/sites/default/files/fastcase/converted/State%20v.%20O%27Brien%2C%20N.H.%202022-0081.pdf
22SA384_Colorado_2023/04/24,22SA384,People v. Platteel,Colorado,"April 24, 2023",Criminal Law,False,https://statecourtreport.org/sites/default/files/fastcase/converted/People%20v.%20Platteel%2C%20Colo.%2022SA384.pdf
"18332,-18419,-7646_Alaska_2023/04/21","18332, 18419, 7646",In re 2021 Redistricting Cases,Alaska,"April 21, 2023",Voting Rights and Elections,False,https://statecourtreport.org/sites/default/files/fastcase/converted/In%20re%202021%20Redistricting%20Cases%2C%20Alaska%2018332.pdf
21-1037_Texas_2023/04/21,21-1037,Hotze v. Turner,Texas,"April 21, 2023",Voting Rights and Elections,False,https://statecourtreport.org/sites/default/files/fastcase/converted/Hotze%20v.%20Turner%2C%20Tex.%2021-1037.pdf
69-MAP-2021_Pennsylvania_2023/04/19,69 MAP 2021,The Marcellus Shale Coalition v. Department of Environmental Protection of the Commonwealth,Pennsylvania,"April 19, 2023",Government Structure,False,https://statecourtreport.org/sites/default/files/fastcase/converted/The%20Marcellus%20Shale%20Coal.%20v.%20Dep%27t%20of%20Envtl.%20Prot.%20of%20the%20Commonwealth%2C%20Pa.%2069%20MAP%202021.pdf
2018-002090_South-Carolina_2023/04/19,2018-002090,State v. German,South Carolina,"April 19, 2023",Criminal Law,False,https://statecourtreport.org/sites/default/files/fastcase/converted/State%20v.%20German%2C%20S.C.%202018-002090.pdf
120197_Oklahoma_2023/04/18,120197,Schlumberger Tech. Corp. v. Paredes,Oklahoma,"April 18, 2023",Economic and Labor Rights,False,https://statecourtreport.org/sites/default/files/fastcase/converted/Schlumberger%20Tech.%20Corp.%20v.%20Paredes%2C%20Okla.%20120197.pdf
413PA21_North-Carolina_2023/04/28,413PA21,Harper v. Hall,North Carolina,"April 28, 2023",Voting Rights and Elections,False,https://statecourtreport.org/sites/default/files/2023-08/Harper%20v.%20Hall%2C%20N.C.%20413PA21-2.pdf
21-0532_West-Virginia_2023/04/10,21-0532,State v. Horton,West Virginia,"April 10, 2023",Criminal Law,False,https://statecourtreport.org/sites/default/files/fastcase/converted/State%20v.%20Horton%2C%20W.%20Va.%2021-0532.pdf
S-1-SC-39546_New-Mexico_2023/04/10,S-1-SC-39546,Indigenous Lifeways v. New Mexico Compilation Commission Advisory Committee,New Mexico,"April 10, 2023",Voting Rights and Elections,False,https://statecourtreport.org/sites/default/files/fastcase/converted/Indigenous%20Lifeways%20v.%20N.M.%20Compilation%20Comm%27n%20Advisory%20Comm.%2C%20N.M.%20S-1-SC-39546.pdf
21-0877_Iowa_2023/04/07,21-0877,State v. Abu Youm,Iowa,"April 7, 2023",Criminal Law,False,https://statecourtreport.org/sites/default/files/fastcase/converted/State%20v.%20Abu%20Youm%2C%20Iowa%2021-0877.pdf
SCWC-20-0000175_Hawaii_2023/04/06,SCWC-20-0000175,State v. Lafoga,Hawaii,"April 6, 2023",Criminal Law,False,https://statecourtreport.org/sites/default/files/fastcase/converted/State%20v.%20Lafoga%2C%20Haw.%20SCWC-20-0000175.pdf
100769-8_Washington_2023/03/24,100769-8,Quinn v. State,Washington,"March 24, 2023",Economic and Labor Rights,False,https://statecourtreport.org/sites/default/files/fastcase/converted/Quinn%20v.%20State%2C%20Wash.%20No.%20100769-8.pdf
CR-21-0398-PR_Arizona_2023/04/03,CR-21-0398-PR,State v. Purcell,Arizona,"April 3, 2023",Criminal Law,False,https://statecourtreport.org/sites/default/files/fastcase/converted/State%20v.%20Purcell%2C%20Ariz.%20CR-21-0398-PR.pdf
21-0518_Texas_2023/03/31,21-0518,City of Houston v. Houston Proffesional Fire Fighters Association,Texas,"March 31, 2023",Government Structure,False,https://statecourtreport.org/sites/default/files/fastcase/converted/City%20of%20Houston%20v.%20Hous.%20Prof%27l%20Fire%20Fighters%27%20Ass%27n%2C%20Tex.%2021-0518.pdf
Aro-21-312_Maine_2023/03/30,Aro-21-312,Winchester v. State,Maine,"March 30, 2023",Criminal Law,False,https://statecourtreport.org/sites/default/files/fastcase/converted/Winchester%20v.%20State%2C%20Me.%20Aro-21-312.pdf
22-AP-059_Vermont_2023/03/17,22-AP-059,Vitale v. Bellows Falls Union High School,Vermont,"March 17, 2023",Education,False,https://statecourtreport.org/sites/default/files/fastcase/converted/Vitale%20v.%20Bellows%20Falls%20Union%20High%20Sch.%2C%20Vt.%2022-AP-059.pdf
21-2022_Maryland_2023/03/29,21-2022,In re Petition for Emergency Remedy By Maryland State Board of Elections,Maryland,"March 29, 2023",Voting Rights and Elections,False,https://statecourtreport.org/sites/default/files/fastcase/converted/In%20re%20Petition%20for%20Emergency%20Remedy%20By%20Md.%20State%20Bd.%20of%20Elections%2C%20Md.%2021-2022.pdf
2022-0198_New-Hampshire_2023/03/29,2022-0198,In re Smart,New Hampshire,"March 29, 2023",Criminal Law,False,https://statecourtreport.org/sites/default/files/fastcase/converted/In%20re%20Smart%2C%20N.H.%202022-0198.pdf
SJC-13248_Massachusetts_2023/03/28,SJC-13248,Commonwealth v. Privette,Massachusetts,"March 28, 2023",Criminal Law,False,https://statecourtreport.org/sites/default/files/fastcase/converted/Commonwealth%20v.%20Privette%2C%20Mass.%20SJC-13248.pdf
S22A0964_Georgia_2023/03/15,S22A0964,Johnson v. State,Georgia,"March 15, 2023",Criminal Law,False,https://statecourtreport.org/sites/default/files/fastcase/converted/Johnson%20v.%20State%2C%20Ga.%20S22A0964.pdf
49210_Idaho_2023/03/24,49210,State v. Pool,Idaho,"March 24, 2023",Criminal Law,False,https://statecourtreport.org/sites/default/files/fastcase/converted/State%20v.%20Pool%2C%20Idaho%2049210.pdf
CV-21-0174-SA_Arizona_2023/03/24,CV-21-0174-SA,State v. Brearcliffe,Arizona,"March 24, 2023",Criminal Law,False,https://statecourtreport.org/sites/default/files/fastcase/converted/State%20v.%20Brearcliffe%2C%20Ariz.%20CV-21-0174-SA.pdf
21-0696_Iowa_2023/03/24,21-0696,"LS Power Midcontinent, LLC v. State",Iowa,"March 24, 2023",Government Structure,False,https://statecourtreport.org/sites/default/files/fastcase/converted/LS%20Power%20Midcontinent%2C%20LLC%20v.%20State%2C%20Iowa%2021-0696.pdf
128092_Illinois_2023/03/23,128092,People v. Mayfield,Illinois,"March 23, 2023",Government Structure,False,https://statecourtreport.org/sites/default/files/fastcase/converted/People%20v.%20Mayfield%2C%20Ill.%20128092.pdf
99823-0_Washington_2023/03/23,99823-0,Hanson v. Carmona,Washington,"March 23, 2023",Government Structure,False,https://statecourtreport.org/sites/default/files/fastcase/converted/Hanson%20v.%20Carmona%2C%20Wash.%2099823-0.pdf
"S22A1060,-S22X1061_Georgia_2023/03/15","S22A1060, S22X1061",Taylor v. The Devereux Foundation,Georgia,"March 15, 2023",Government Structure,False,https://statecourtreport.org/sites/default/files/fastcase/converted/Taylor%20v.%20The%20Devereux%20Found.%2C%20Ga.%20S22A1060.pdf
120543_Oklahoma_2023/03/21,120543,Oklahoma Call for Reproductive Justice v. Drummond,Oklahoma,"March 21, 2023",Reproductive Rights,False,https://statecourtreport.org/sites/default/files/fastcase/converted/Okla.%20Call%20for%20Reprod.%20Justice%20v.%20Drummond%2C%20Okla.%20120543.pdf
100135-5_Washington_2023/03/16,100135-5,State v. Meredith,Washington,"March 16, 2023",Civil Rights,False,https://statecourtreport.org/sites/default/files/fastcase/converted/State%20v.%20Meredith%2C%20Wash.%20100135-5.pdf
20220031_North-Dakota_2023/03/16,20220031,State v. Isaak,North Dakota,"March 16, 2023",Criminal Law,False,https://statecourtreport.org/sites/default/files/fastcase/converted/State%20v.%20Isaak%2C%20N.D.%2020220031.pdf
20220260_North-Dakota_2023/03/16,20220260,Wrigley v. Romanick,North Dakota,"March 16, 2023",Reproductive Rights,False,https://statecourtreport.org/sites/default/files/fastcase/converted/Wrigley%20v.%20Romanick%2C%20N.D.%2020220260.pdf
SCWC-16-0000460_Hawaii_2023/03/15,SCWC-16-0000460,State v. Hewitt,Hawaii,"March 15, 2023",Criminal Law,False,https://statecourtreport.org/sites/default/files/fastcase/converted/State%20v.%20Hewitt%2C%20Haw.%20SCWC-16-0000460.pdf
"S22A1243,-S22A1244_Georgia_2023/03/15","S22A1243, S22A1244",State v. SASS Group,Georgia,"March 15, 2023",Government Structure,False,https://statecourtreport.org/sites/default/files/fastcase/converted/State%20v.%20SASS%20Grp.%2C%20Ga.%20S22A1243.pdf
2022-0191_Ohio_2023/03/15,2022-0191,State ex rel. Ware v. Parikh,Ohio,"March 15, 2023",Government Structure,False,https://statecourtreport.org/sites/default/files/fastcase/converted/State%20ex%20rel.%20Ware%20v.%20Parikh%2C%20Ohio%202022-0191.pdf
SCRQ-22-0000118_Hawaii_2023/03/15,SCRQ-22-0000118,Ohana v. Univiversity of Hawai'i,Hawaii,"March 15, 2023",Government Structure,False,https://statecourtreport.org/sites/default/files/fastcase/converted/%27Ohana%20v.%20Univ.%20of%20Hawai%27i%2C%20Haw.%20SCRQ-22-0000118.pdf
A-6-22_New-Jersey_2023/03/08,A-6-22,State v. Smart,New Jersey,"March 8, 2023",Criminal Law,False,https://statecourtreport.org/sites/default/files/fastcase/converted/State%20v.%20Smart%2C%20N.J.%20A-6-22.pdf
SJC-13284_Massachusetts_2023/03/07,SJC-13284,Barron v. Kolenda,Massachusetts,"March 7, 2023",Government Structure,False,https://statecourtreport.org/sites/default/files/fastcase/converted/Barron%20v.%20Kolenda%2C%20Mass.%20SJC-13284.pdf
SC98907_Missouri_2023/03/07,SC98907,Wilson v. City of St. Louis,Missouri,"March 7, 2023",Government Structure,False,https://statecourtreport.org/sites/default/files/fastcase/converted/Wilson%20v.%20City%20of%20St.%20Louis%2C%20Mo.%20SC98907.pdf
"SC22-1557,-SC22-1558_Florida_2022/12/15","SC22-1557, SC22-1558",Boan v. Florida Fifth District Court of Appeal Judicial Nominating Commission,Florida,"December 15, 2022",Government Structure,False,https://statecourtreport.org/sites/default/files/fastcase/converted/Boan%20v.%20Fla.%20Fifth%20Dist.%20Court%20of%20Appeal%20Judicial%20Nominating%20Comm%27n%2C%20Fla.%20No.%20SC22-1557%20No.%20SC22-1558..pdf
16-MAP-2022_Pennsylvania_2023/02/28,16 MAP 2022,GM Berkshire Hills LLC v. Berks County Board of Assessment,Pennsylvania,"February 28, 2023",Education,False,https://statecourtreport.org/sites/default/files/2023-08/Justice%20Dougherty%20Opinion%20in%20Support%20of%20Reversal.pdf
21-1039_Texas_2023/02/24,21-1039,The Lilith Fund for Reproductive Equity v. Dickson,Texas,"February 24, 2023",Reproductive Rights,False,https://statecourtreport.org/sites/default/files/fastcase/converted/The%20Lilith%20Fund%20for%20Reprod.%20Equity%20v.%20Dickson%2C%20Tex.%2021-0978.pdf
2022-SC-0329_Kentucky_2023/02/16,2022-SC-0329,"Cameron v. EMW Women's Surgical Center, P.S.C.",Kentucky,"February 16, 2023",Reproductive Rights,False,https://statecourtreport.org/sites/default/files/fastcase/converted/Cameron%20v.%20EMW%20Women%27s%20Surgical%20Ctr.%2C%20P.S.C.%2C%20Ky.%202022-SC-0329-TG.pdf
2019-029_Vermont_2023/02/17,2019-029,State v. Murphy,Vermont,"February 17, 2023",Criminal Law,False,https://statecourtreport.org/sites/default/files/2023-08/op19-029.pdf
20-0923_Texas_2023/02/17,20-0923,Virlar v. Puente,Texas,"February 17, 2023",Torts and Liability,False,https://statecourtreport.org/sites/default/files/fastcase/converted/Virlar%20v.%20Puente%2C%20Tex.%2020-0923.pdf
126852_Illinois_2023/02/17,126852,People v. Brown,Illinois,"February 17, 2023",Criminal Law,False,https://statecourtreport.org/sites/default/files/fastcase/converted/People%20v.%20Brown%2C%20Ill.%20126852.pdf
A20-1264_Minnesota_2023/02/15,A20-1264,Schroeder v. Simon,Minnesota,"February 15, 2023",Voting Rights and Elections,False,https://statecourtreport.org/sites/default/files/fastcase/converted/Schroeder%20v.%20Simon%2C%20Minn.%20A20-1264.pdf
119449_Oklahoma_2023/02/14,119449,"MeGee v. El Patio, LLC",Oklahoma,"February 14, 2023",Torts and Liability,False,https://statecourtreport.org/sites/default/files/fastcase/converted/MeGee%20v.%20El%20Patio%2C%20LLC%2C%20Okla.%20119449.pdf
99771-3_Washington_2023/02/09,99771-3,Washington Food Industry Association v. City of Seattle,Washington,"February 9, 2023",Government Structure,False,https://statecourtreport.org/sites/default/files/fastcase/converted/Wash.%20Food%20Indus.%20Ass%27n%20v.%20City%20of%20Seattle%2C%20Wash.%2099771-3.pdf
2021-0563_New-Hampshire_2023/02/08,2021-0563,"In re New Hampshire Divison for Children, Youth & Families",New Hampshire,"February 8, 2023",Torts and Liability,False,https://statecourtreport.org/sites/default/files/fastcase/converted/In%20re%20N.H.%20Div.%20for%20Children%2C%20Youth%20%26%20Families%2C%20N.H.%202021-0563.pdf
S22A0837_Georgia_2023/02/07,S22A0837,Camden County v. Sweatt,Georgia,"February 7, 2023",Voting Rights and Elections,False,https://statecourtreport.org/sites/default/files/fastcase/converted/Camden%20Cnty.%20v.%20Sweatt%2C%20Ga.%20S22A0837.pdf
S-1-SC-39004_New-Mexico_2023/02/06,S-1-SC-39004,State v. Granados,New Mexico,"February 6, 2023",Criminal Law,False,https://statecourtreport.org/sites/default/files/fastcase/converted/State%20v.%20Granados%2C%20N.M.%20S-1-SC-39004.pdf
22-AP-125_Vermont_2023/01/20,22-AP-125,Ferry v. City of Montpelier,Vermont,"January 20, 2023",Voting Rights and Elections,False,https://statecourtreport.org/sites/default/files/fastcase/converted/Ferry%20v.%20City%20of%20Montpelier%2C%20Vt.%2022-AP-125.pdf
SC-99419_Missouri_2023/01/31,SC 99419,Zang v. City of St. Charles,Missouri,"January 31, 2023",Government Structure,False,https://statecourtreport.org/sites/default/files/fastcase/converted/Zang%20v.%20City%20of%20St.%20Charles%2C%20Mo.%20SC%2099419.pdf
A-35-21_New-Jersey_2023/01/23,A-35-21,State v. Chambers,New Jersey,"January 23, 2023",Criminal Law,False,https://statecourtreport.org/sites/default/files/fastcase/converted/State%20v.%20Chambers%2C%20N.J.%20A-35-21.pdf
99793-4_Washington_2023/01/19,99793-4,State v. Bagby,Washington,"January 19, 2023",Civil Rights,False,https://statecourtreport.org/sites/default/files/fastcase/converted/State%20v.%20Bagby%2C%20Wash.%2099793-4.pdf
SC-S068736_Oregon_2023/01/19,SC S068736,State v. Craigen,Oregon,"January 19, 2023",Criminal Law,False,https://statecourtreport.org/sites/default/files/fastcase/converted/State%20v.%20Craigen%2C%20Or.%20SC%20S068736.pdf
OP-22-0621_Montana_2023/01/17,OP 22-0621,A.J.B. v. Montana Eighteenth Judicial District Court,Montana,"January 17, 2023",Civil Rights,False,https://statecourtreport.org/sites/default/files/fastcase/converted/A.J.B.%20v.%20Mont.%20Eighteenth%20Judicial%20Dist.%20Court%2C%20Mont.%20OP%2022-0621.pdf
SCWC-20-0000650_Hawaii_2023/01/17,SCWC-20-0000650,State v. Canosa,Hawaii,"January 17, 2023",Criminal Law,False,https://statecourtreport.org/sites/default/files/fastcase/converted/State%20v.%20Canosa%2C%20Haw.%20SCWC-20-0000650.pdf
"49615-2022,-49817-2022,-49899-2022_Idaho_2023/01/05","49615-2022, 49817-2022, 49899-2022",Planned Parenthood Great Northwest v. State,Idaho,"January 5, 2023",Reproductive Rights,False,https://statecourtreport.org/sites/default/files/fastcase/converted/Planned%20Parenthood%20Great%20Nw.%20v.%20State%2C%20Idaho%20Docket.%20Nos.%2049615.pdf
2022-CP-40-03569_South-Carolina_2023/01/05,2022-CP-40-03569,Planned Parenthood South Atlantic v. State,South Carolina,"January 5, 2023",Reproductive Rights,False,https://statecourtreport.org/sites/default/files/fastcase/converted/Planned%20Parenthood%20S.%20Atl.%20v.%20State%2C%20S.C.%2028127.pdf
DA-20-0562_Montana_2023/01/10,DA 20-0562,State v. Staudenmayer,Montana,"January 10, 2023",Criminal Law,False,https://statecourtreport.org/sites/default/files/fastcase/converted/State%20v.%20Staudenmayer%2C%20Mont.%20DA%2020-0562.pdf
2021-0357_New-Hampshire_2023/01/04,2021-0357,"Mallard v. Warden, New Hampshire State Prison",New Hampshire,"January 4, 2023",Criminal Law,False,https://statecourtreport.org/sites/default/files/fastcase/converted/Mallard%20v.%20Warden%2C%20N.H.%20State%20Prison%2C%20N.H.%202021-0357.pdf
SJC-13194_Massachusetts_2022/12/19,SJC-13194,Kligler v. Attorney General,Massachusetts,"December 19, 2022",Civil Due Process,False,https://statecourtreport.org/sites/default/files/fastcase/converted/Kligler%20v.%20Attorney%20General%2C%20Mass.%20SJC-13194.pdf
2021-0497_Ohio_2022/12/16,2021-0497,Brandt v. Pompa,Ohio,"December 16, 2022",Torts and Liability,False,https://statecourtreport.org/sites/default/files/fastcase/converted/Brandt%20v.%20Pompa%2C%20Ohio%202021-0497.pdf
2021-0718_Ohio_2022/12/29,2021-0718,McClain v. State,Ohio,"December 29, 2022",Civil Due Process,False,https://statecourtreport.org/sites/default/files/fastcase/converted/McClain%20v.%20State%2C%20Ohio%202021-0718.pdf
"2021-SC-0139-TG,-2021-CA-0479_Kentucky_2022/12/29","2021-SC-0139-TG, 2021-CA-0479",Stivers v. Beshear,Kentucky,"December 29, 2022",Government Structure,False,https://statecourtreport.org/sites/default/files/fastcase/converted/Stivers%20v.%20Beshear%2C%20Ky.%202021-SC-0139-TG.pdf
81513_Nevada_2022/12/29,81513,Mack v. Williams,Nevada,"December 29, 2022",Criminal Law,False,https://statecourtreport.org/sites/default/files/fastcase/converted/Mack%20v.%20Williams%2C%20Nev.%2081513.pdf
2021-1060_Ohio_2022/12/28,2021-1060,State v. Brasher,Ohio,"December 28, 2022",Criminal Law,False,https://statecourtreport.org/sites/default/files/fastcase/converted/State%20v.%20Brasher%2C%20Ohio%202021-1060.pdf
"342,-2022_Delaware_2022/12/13","342, 2022",State v. Higgin,Delaware,"December 13, 2022",Voting Rights and Elections,False,https://statecourtreport.org/sites/default/files/fastcase/converted/State%20v.%20Higgin%2C%20Del.%20342.pdf
2021-1158_Ohio_2022/12/23,2021-1158,State v. Morris,Ohio,"December 23, 2022",Criminal Law,False,https://statecourtreport.org/sites/default/files/fastcase/converted/State%20v.%20Morris%2C%20Ohio%202021-1158.pdf
2021-0934_Ohio_2022/12/16,2021-0934,In re D.R.,Ohio,"December 16, 2022",Criminal Law,False,https://statecourtreport.org/sites/default/files/fastcase/converted/In%20re%20D.R.%2C%20Ohio%202021-0934.pdf
119PA21_North-Carolina_2022/12/16,119PA21,State v. Rollinson,North Carolina,"December 16, 2022",Criminal Law,False,https://statecourtreport.org/sites/default/files/fastcase/converted/State%20v.%20Rollinson%2C%20N.C.%20119PA21.pdf
"2021-CA-1320,-2021-CA-1323,-2021-SC-0518-TG_Kentucky_2022/12/15","2021-CA-1320, 2021-CA-1323, 2021-SC-0518-TG",Commonwealth ex rel. Cameron v. Johnson,Kentucky,"December 15, 2022",Education,False,https://statecourtreport.org/sites/default/files/fastcase/converted/Commonwealth%20ex%20rel.%20Cameron%20v.%20Johnson%2C%20Ky.%202021-SC-0518-TG.pdf
2021-SC-0441-MR_Kentucky_2022/12/15,2021-SC-0441-MR,Cavanaugh v. Commonwealth,Kentucky,"December 15, 2022",Criminal Law,False,https://statecourtreport.org/sites/default/files/fastcase/converted/Cavanaugh%20v.%20Commonwealth%2C%20Ky.%202021-SC-0441-MR.pdf
2021-0215_Ohio_2022/12/15,2021-0215,State v. Haynes,Ohio,"December 15, 2022",Criminal Law,False,https://statecourtreport.org/sites/default/files/fastcase/converted/State%20v.%20Haynes%2C%20Ohio%202021-0215.pdf
20SC865_Colorado_2022/12/12,20SC865,Woo v. El Paso County Sheriff's Office,Colorado,"December 12, 2022",Civil Due Process,False,https://statecourtreport.org/sites/default/files/fastcase/converted/Woo%20v.%20El%20Paso%20Cnty.%20Sheriff%27s%20Office%2C%20Colo.%2020SC865.pdf
100676-4_Washington_2022/12/08,100676-4,Washington State Council of County & City Employees v. City of Spokane,Washington,"December 8, 2022",Government Structure,False,https://statecourtreport.org/sites/default/files/fastcase/converted/Wash.%20State%20Council%20of%20Cnty.%20%26%20City%20Emps.%20v.%20City%20of%20Spokane%2C%20Wash.%20100676-4.pdf
2020-1392_Ohio_2022/12/05,2020-1392,State v. Yerkey,Ohio,"December 5, 2022",Criminal Law,False,https://statecourtreport.org/sites/default/files/fastcase/converted/State%20v.%20Yerkey%2C%20Ohio%202020-1392.pdf
22-616_West-Virginia_2022/11/17,22-616,State v. Beaver,West Virginia,"November 17, 2022",Education,False,https://statecourtreport.org/sites/default/files/fastcase/converted/State%20v.%20Beaver%2C%20W.%20Va.%2022-616.pdf
SC-S068372_Oregon_2022/12/01,SC S068372,State v. Colgrove,Oregon,"December 1, 2022",Government Structure,False,https://statecourtreport.org/sites/default/files/fastcase/converted/State%20v.%20Colgrove%2C%20Or.%20SC%20S068372.pdf
BCD-21-257_Maine_2022/11/29,BCD-21-257,Black v. Bureau of Parks & Lands,Maine,"November 29, 2022",Government Structure,False,https://statecourtreport.org/sites/default/files/fastcase/converted/Black%20v.%20Bureau%20of%20Parks%20%26%20Lands%2C%20Me.%20BCD-21-257.pdf
2019AP2184-CR_Wisconsin_2022/11/23,2019AP2184-CR,State v. Moeser,Wisconsin,"November 23, 2022",Criminal Law,False,https://statecourtreport.org/sites/default/files/fastcase/converted/State%20v.%20Moeser%2C%20Wis.%202019AP2184-CR.pdf
CV-21-0192-PR_Arizona_2022/11/23,CV-21-0192-PR,Matthews v. The Industrial Commission of Arizona,Arizona,"November 23, 2022",Economic and Labor Rights,False,https://statecourtreport.org/sites/default/files/fastcase/converted/Matthews%20v.%20The%20Indus.%20Comm%27n%20of%20Ariz.%2C%20Ariz.%20CV-21-0192-PR.pdf
SC-210039_Connecticut_2022/11/23,SC 210039,State v. Qinxuan Pan,Connecticut,"November 23, 2022",Criminal Law,False,https://statecourtreport.org/sites/default/files/fastcase/converted/State%20v.%20Qinxuan%20Pan%2C%20Conn.%20SC%20210039.pdf
S-17792_Alaska_2022/11/18,S-17792,Knolmayer v. McCollum,Alaska,"November 18, 2022",Torts and Liability,False,https://statecourtreport.org/sites/default/files/fastcase/converted/Knolmayer%20v.%20McCollum%2C%20Alaska%20S-17792.pdf
"21-0130,-21-0133_Texas_2022/11/18","21-0130, 21-0133",State v. Aktiengesellschaft,Texas,"November 18, 2022",Government Structure,False,https://statecourtreport.org/sites/default/files/fastcase/converted/State%20v.%20Aktiengesellschaft%2C%20Tex.%2021-0130.pdf
S22A0542_Georgia_2022/11/02,S22A0542,Ammons v. State,Georgia,"November 2, 2022",Criminal Law,False,https://statecourtreport.org/sites/default/files/fastcase/converted/Ammons%20v.%20State%2C%20Ga.%20S22A0542.pdf
83_New-York_2022/11/17,83,Delgado v. State,New York,"November 17, 2022",Government Structure,False,https://statecourtreport.org/sites/default/files/fastcase/converted/Delgado%20v.%20State%2C%20N.Y.%20No.%2083.pdf
2021-K-01788_Louisiana_2022/11/10,2021-K-01788,State v. Gleason,Louisiana,"November 10, 2022",Criminal Law,False,https://statecourtreport.org/sites/default/files/fastcase/converted/State%20v.%20Gleason%2C%20La.%202021-K-01788.pdf
SC-S068727_Oregon_2022/11/10,SC S068727,State v. Ralston,Oregon,"November 10, 2022",Criminal Law,False,https://statecourtreport.org/sites/default/files/fastcase/converted/State%20v.%20Ralston%2C%20Or.%20SC%20S068727.pdf
DA-20-0603_Montana_2022/11/09,DA 20-0603,State v. Larson,Montana,"November 9, 2022",Criminal Law,False,https://statecourtreport.org/sites/default/files/fastcase/converted/State%20v.%20Larson%2C%20Mont.%20DA%2020-0603.pdf
Aro-21-366_Maine_2022/11/08,Aro-21-366,State v. White,Maine,"November 8, 2022",Criminal Law,False,https://statecourtreport.org/sites/default/files/fastcase/converted/State%20v.%20White%2C%20Me.%20Aro-21-366.pdf
54A19-3_North-Carolina_2022/11/04,54A19-3,State v. Diaz-Tomas,North Carolina,"November 4, 2022",Government Structure,False,https://statecourtreport.org/sites/default/files/fastcase/converted/State%20v.%20Diaz-Tomas%2C%20N.C.%2054A19-3.pdf
48633_Idaho_2022/11/01,48633,State v. Lancaster,Idaho,"November 1, 2022",Criminal Law,False,https://statecourtreport.org/sites/default/files/fastcase/converted/State%20v.%20Lancaster%2C%20Idaho%2048633.pdf
2022-KP-00508_Louisiana_2022/11/01,2022-KP-00508,State v. Allen,Louisiana,"November 1, 2022",Criminal Law,False,https://statecourtreport.org/sites/default/files/fastcase/converted/State%20v.%20Allen%2C%20La.%202022-KP-00508.pdf
22-0261_West-Virginia_2022/11/01,22-0261,State ex rel. West Virginia Secondary School Activities Commission v. Cuomo,West Virginia,"November 1, 2022",Education,False,https://statecourtreport.org/sites/default/files/fastcase/converted/State%20ex%20rel.%20W.Va.%20Secondary%20Sch.%20Activities%20Comm%27n%20v.%20Cuomo%2C%20W.%20Va.%2022-0261.pdf
S-21-774_Nebraska_2022/10/28,S-21-774,Lancaster County Board of Equalization v. Moser,Nebraska,"October 28, 2022",Economic and Labor Rights,False,https://statecourtreport.org/sites/default/files/fastcase/converted/Lancaster%20Cnty.%20Bd.%20of%20Equal.%20v.%20Moser%2C%20Neb.%20No.%20S-21-774..pdf
2022-1270_Ohio_2022/10/28,2022-1270,State ex rel. Maras v. LaRose,Ohio,"October 28, 2022",Voting Rights and Elections,False,https://statecourtreport.org/sites/default/files/fastcase/converted/State%20ex%20rel.%20Maras%20v.%20LaRose%2C%20Ohio%202022-1270.pdf
21-1147_Iowa_2022/10/28,21-1147,State v. Sallis,Iowa,"October 28, 2022",Criminal Law,False,https://statecourtreport.org/sites/default/files/fastcase/converted/State%20v.%20Sallis%2C%20Iowa%2021-1147.pdf
S-22-0049_Wyoming_2022/10/25,S-22-0049,Villafana v. State,Wyoming,"October 25, 2022",Criminal Law,False,https://statecourtreport.org/sites/default/files/fastcase/converted/Villafana%20v.%20State%2C%20Wyo.%20S-22-0049.pdf
2021-KP-01893_Louisiana_2022/10/21,2021-KP-01893,State v. Reddick,Louisiana,"October 21, 2022",Criminal Law,False,https://statecourtreport.org/sites/default/files/fastcase/converted/State%20v.%20Reddick%2C%20La.%202021-KP-01893.pdf
85507_Nevada_2022/10/21,85507,ACLU of Nevada v. The County of Nye,Nevada,"October 21, 2022",Voting Rights and Elections,False,https://statecourtreport.org/sites/default/files/fastcase/converted/Am.%20Civil%20Liberties%20Union%20of%20Nev.%20v.%20The%20Cnty.%20of%20Nye%2C%20Nev.%2085507.pdf
SC-99179_Missouri_2022/10/04,SC 99179,AFSCME v. State,Missouri,"October 4, 2022",Economic and Labor Rights,False,https://statecourtreport.org/sites/default/files/fastcase/converted/Am.%20Fed%27n%20of%20State%2C%20Cnty.%20%26%20Mun.%20Emps.%20%20v.%20State%2C%20Mo.%20No.%20SC%2099179.pdf
SJC-13236_Massachusetts_2022/10/20,SJC-13236,Welter v. Board of Registration in Medicine,Massachusetts,"October 20, 2022",Economic and Labor Rights,False,https://statecourtreport.org/sites/default/files/fastcase/converted/Welter%20v.%20Bd.%20of%20Registration%20in%20Med.%2C%20Mass.%20SJC-13236.pdf
S-21-0290_Wyoming_2022/10/19,S-21-0290,Vlahos v. State,Wyoming,"October 19, 2022",Criminal Law,False,https://statecourtreport.org/sites/default/files/fastcase/converted/Vlahos%20v.%20State%2C%20Wyo.%20S-21-0290.pdf
"119,837_Oklahoma_2022/10/18","119,837","Kingfisher Wind, LLC v. Wehmuller",Oklahoma,"October 18, 2022",Economic and Labor Rights,False,https://statecourtreport.org/sites/default/files/fastcase/converted/Kingfisher%20Wind%2C%20LLC%20v.%20Wehmuller%2C%20Okla.%20119837.pdf
100258-1_Washington_2022/10/13,100258-1,Associated General Contractors of Washington v. State,Washington,"October 13, 2022",Economic and Labor Rights,False,https://statecourtreport.org/sites/default/files/fastcase/converted/Associated%20Gen.%20Contractors%20of%20Wash.%20v.%20State%2C%20Wash.%20No.%20100258-1.pdf
SC21-119_Florida_2022/10/13,SC21-119,Statler v. State,Florida,"October 13, 2022",Criminal Law,False,https://statecourtreport.org/sites/default/files/fastcase/converted/Statler%20v.%20State%2C%20Fla.%20SC21-119.pdf
SC-S068639_Oregon_2022/10/13,SC S068639,State v. Thompson,Oregon,"October 13, 2022",Criminal Law,False,https://statecourtreport.org/sites/default/files/fastcase/converted/State%20v.%20Thompson%2C%20Or.%20SC%20S068639.pdf
SC-20447_Connecticut_2022/10/04,SC 20447,State v. Graham,Connecticut,"October 4, 2022",Criminal Law,False,https://statecourtreport.org/sites/default/files/fastcase/converted/State%20v.%20Graham%2C%20Conn.%20SC%2020447.pdf
S-18333_Alaska_2022/09/30,S-18333,Short v. State,Alaska,"September 30, 2022",Government Structure,False,https://statecourtreport.org/sites/default/files/fastcase/converted/Short%20v.%20State%2C%20Alaska%20S-18333.pdf
CV-21-0080-PR_Arizona_2022/09/27,CV-21-0080-PR,Burns v. Arizona Public Service Co.,Arizona,"September 27, 2022",Government Structure,False,https://statecourtreport.org/sites/default/files/fastcase/converted/Burns%20v.%20Ariz.%20Pub.%20Serv.%20Co.%2C%20Ariz.%20No.%20CV-21-0080-PR.pdf
DA-20-0330_Montana_2022/09/27,DA 20-0330,State v. Mefford,Montana,"September 27, 2022",Criminal Law,False,https://statecourtreport.org/sites/default/files/fastcase/converted/State%20v.%20Mefford%2C%20Mont.%20DA%2020-0330.pdf
S-1-SC-37903_New-Mexico_2022/09/26,S-1-SC-37903,State ex rel. Office of the State Engineer v. Romero,New Mexico,"September 26, 2022",Environment,False,https://statecourtreport.org/sites/default/files/fastcase/converted/State%20ex%20rel.%20Office%20of%20the%20State%20Eng%27r%20v.%20Romero%2C%20N.M.%20S-1-SC-37903.pdf
2022-1103_Ohio_2022/09/23,2022-1103,State ex rel. Sanduskians for Sandusky v. The City of Sandusky,Ohio,"September 23, 2022",Voting Rights and Elections,False,https://statecourtreport.org/sites/default/files/fastcase/converted/State%20ex%20rel.%20Sanduskians%20for%20Sandusky%20v.%20The%20City%20of%20Sandusky%2C%20Ohio%202022-1103.pdf
CV-22-482_Arkansas_2022/09/22,CV-22-482,Eddie Armstrong & Lance Huey v. Thurston,Arkansas,"September 22, 2022",Voting Rights and Elections,False,https://statecourtreport.org/sites/default/files/fastcase/converted/Eddie%20Armstrong%20%26%20Lance%20Huey%20v.%20Thurston%2C%20Ark.%20CV-22-482.pdf
CV-22-0204-AP/EL_Arizona_2022/09/20,CV-22-0204-AP/EL,Leibsohn v. Hobbs,Arizona,"September 20, 2022",Voting Rights and Elections,False,https://statecourtreport.org/sites/default/files/2023-08/Leibsohn%20v.%20Hobbs%2C%20Ariz.%20No.%20CV-22-0204-AP_EL.pdf
119840_Oklahoma_2022/09/20,119840,Ritter v. State,Oklahoma,"September 20, 2022",Government Structure,False,https://statecourtreport.org/sites/default/files/fastcase/converted/Ritter%20v.%20State%2C%20Okla.%20119840.pdf
S-17892_Alaska_2022/09/02,S-17892,Department of Corrections v. Stefano,Alaska,"September 2, 2022",Criminal Law,False,https://statecourtreport.org/sites/default/files/fastcase/converted/Department%20of%20Corrections%20v.%20Stefano%2C%20Alaska%20Supreme%20Court%20No.%20S-17892.pdf
2021-0093_New-Hampshire_2022/09/14,2021-0093,State v. Verrill,New Hampshire,"September 14, 2022",Criminal Law,False,https://statecourtreport.org/sites/default/files/fastcase/converted/State%20v.%20Verrill%2C%20N.H.%202021-0093.pdf
"Misc.-Nos.-21,-24,-25,-26,-27_Maryland_2022/08/31","Misc. Nos. 21, 24, 25, 26, 27",In re 2022 Legislative Districting of the State,Maryland,"August 31, 2022",Voting Rights and Elections,False,https://statecourtreport.org/sites/default/files/fastcase/converted/In%20re%202022%20Legislative%20Districting%20of%20the%20State%2C%20Md.%20App.%20No.%2021%2C%2024%2C%2025%2C%2026%2C%2027%2C%20Sept.%20Term%2C%202021.pdf
97890-5_Washington_2022/09/08,97890-5,State v. Anderson,Washington,"September 8, 2022",Criminal Law,False,https://statecourtreport.org/sites/default/files/fastcase/converted/State%20v.%20Anderson%2C%20Wash.%20NO.%2097890-5.pdf
SC-164760_Michigan_2022/09/08,SC 164760,Reproductive Freedom for All v. Board of State Canvassers,Michigan,"September 8, 2022",Voting Rights and Elections,False,https://statecourtreport.org/sites/default/files/fastcase/converted/Reproductive%20Freedom%20for%20%20All%20v.%20Bd.%20of%20State%20Canvassers%2C%20Mich.%20SC%3A%20164760.pdf
SCAP-21-0000576_Hawaii_2022/09/08,SCAP-21-0000576,State v. Obrero,Hawaii,"September 8, 2022",Criminal Law,False,https://statecourtreport.org/sites/default/files/fastcase/converted/State%20v.%20Obrero%2C%20Haw.%20SCAP-21-0000576.pdf
SC-164755_Michigan_2022/09/08,SC 164755,Promote The Vote 2022 v. Board of State Canvassers,Michigan,"September 8, 2022",Voting Rights and Elections,False,https://statecourtreport.org/sites/default/files/fastcase/converted/Promote%20The%20Vote%202022%20v.%20Bd.%20of%20State%20Canvassers%2C%20Mich.%20SC%20164755%20%26amp.pdf
20220758_Utah_2022/09/07,20220758,Lord v. Salt Lake County Clerk,Utah,"September 7, 2022",Voting Rights and Elections,False,https://statecourtreport.org/sites/default/files/fastcase/converted/Lord%20v.%20Salt%20Lake%20Cnty.%20Clerk%2C%20Utah%20No.%2020220758.pdf
SC-164747_Michigan_2022/09/07,SC 164747,Anderson v. Board of State Canvassers,Michigan,"September 7, 2022",Voting Rights and Elections,False,https://statecourtreport.org/sites/default/files/fastcase/converted/Anderson%20v.%20Bd.%20of%20State%20Canvassers%2C%20Mich.%20SC%3A%20164747.pdf
S22A0530_Georgia_2022/09/07,S22A0530,Reed v. State,Georgia,"September 7, 2022",Criminal Law,False,https://statecourtreport.org/sites/default/files/fastcase/converted/Reed%20v.%20State%2C%20Ga.%20S22A0530.pdf
20220233_North-Dakota_2022/09/07,20220233,Hendrix v. Jaeger,North Dakota,"September 7, 2022",Voting Rights and Elections,False,https://statecourtreport.org/sites/default/files/fastcase/converted/Hendrix%20v.%20Jaeger%2C%20N.D.%2020220233.pdf
SJC-13197_Massachusetts_2022/09/06,SJC-13197,Rodriguez v. Massachusetts Parole Board,Massachusetts,"September 6, 2022",Criminal Law,False,https://statecourtreport.org/sites/default/files/fastcase/converted/Rodriguez%20v.%20Mass.%20Parole%20Bd.%2C%20Mass.%20SJC-13197.pdf
CV-21-0304-AP_Arizona_2022/08/19,CV-21-0304-AP,Arizona Free Enterprise Club v. Hobbs,Arizona,"August 19, 2022",Voting Rights and Elections,False,https://statecourtreport.org/sites/default/files/fastcase/converted/Ariz.%20Free%20Enter.%20Club%20v.%20Hobbs%2C%20Ariz.%20No.%20CV-21-0304-AP%3AEL.pdf
21-0547_Texas_2022/09/02,21-0547,Nath v. Texas Children's Hospital,Texas,"September 2, 2022",Civil Due Process,False,https://statecourtreport.org/sites/default/files/fastcase/converted/Nath%20v.%20Tex.%20Children%27s%20Hosp.%2C%20Tex.%2021-0547.pdf
S-1-SC-38195_New-Mexico_2022/09/01,S-1-SC-38195,Adobe Whitewater Club of New Mexico v. New Mexico State Game Commission,New Mexico,"September 1, 2022",Environment,False,https://statecourtreport.org/sites/default/files/fastcase/converted/Adobe%20Whitewater%20Club%20of%20N.M.%20v.%20N.M.%20State%20Game%20Comm%27n%2C%20N.M.%20S-1-SC-38195.pdf
CV-22-0018-PR_Arizona_2022/08/31,CV-22-0018-PR,Fann v. Kemp,Arizona,"August 31, 2022",Voting Rights and Elections,False,https://statecourtreport.org/sites/default/files/fastcase/converted/Fann%20v.%20Kemp%2C%20Ariz.%20CV-22-0018-PR.pdf
BCD-21-416_Maine_2022/08/30,BCD-21-416,NECEC Transmission LLC v. Bureau of Parks & Lands,Maine,"August 30, 2022",Economic and Labor Rights,False,https://statecourtreport.org/sites/default/files/fastcase/converted/NECEC%20Transmission%20LLC%20v.%20Bureau%20of%20Parks%20%26%20Lands%2C%20Me.%20BCD-21-416.pdf
SC99211_Missouri_2022/08/30,SC99211,State v. Collins,Missouri,"August 30, 2022",Speech and Religion,False,https://statecourtreport.org/sites/default/files/fastcase/converted/State%20v.%20Collins%2C%20Mo.%20SC99211.pdf
SJC-13307_Massachusetts_2022/08/30,SJC-13307,Lyons v. Secretary of the Commonwealth,Massachusetts,"August 30, 2022",Voting Rights and Elections,False,https://statecourtreport.org/sites/default/files/fastcase/converted/Lyons%20v.%20Sec%27y%20of%20the%20Commonwealth%2C%20Mass.%20SJC-13307.pdf
DA-22-0229_Montana_2022/08/12,DA 22-0229,McDonald v. Jacobsen,Montana,"August 12, 2022",Voting Rights and Elections,False,https://statecourtreport.org/sites/default/files/fastcase/converted/McDonald%20v.%20Jacobsen%2C%20Mont.%20DA%2022-0229.pdf
29-2021_Maryland_2022/08/26,29-2021,Malvo v. State,Maryland,"August 26, 2022",Criminal Law,False,https://statecourtreport.org/sites/default/files/2023-08/Malvo%20v.%20State%20-%20Opinion%20-%2008.26.2022.pdf
S-1-SC-38570_New-Mexico_2022/08/25,S-1-SC-38570,Anderson v. State,New Mexico,"August 25, 2022",Government Structure,False,https://statecourtreport.org/sites/default/files/2023-08/Anderson%20v.%20State%2C%20N.M.%20NO.%20S-1-SC-38570.pdf
A21-1349_Minnesota_2022/08/24,A21-1349,Under the Rainbow Early Education Center v. County of Goodhue,Minnesota,"August 24, 2022",Education,False,https://statecourtreport.org/sites/default/files/fastcase/converted/Under%20the%20Rainbow%20Early%20Educ.%20Ctr.%20v.%20Cnty.%20of%20Goodhue%2C%20Minn.%20A21-1349.pdf
18-2021_Maryland_2022/08/24,18-2021,Spiegel v. Board of Education of Howard County,Maryland,"August 24, 2022",Voting Rights and Elections,False,https://statecourtreport.org/sites/default/files/fastcase/converted/Spiegel%20v.%20Bd.%20of%20Educ.%20of%20Howard%20Cnty.%2C%20Md.%2018-2021.pdf
S22A0531_Georgia_2022/08/23,S22A0531,Prickett v. State,Georgia,"August 23, 2022",Criminal Law,False,https://statecourtreport.org/sites/default/files/fastcase/converted/Prickett%20v.%20State%2C%20Ga.%20S22A0531.pdf
"49489,-49531_Idaho_2022/08/23","49489, 49531",State v. Pizzuto,Idaho,"August 23, 2022",Government Structure,False,https://statecourtreport.org/sites/default/files/fastcase/converted/State%20v.%20Pizzuto%2C%20Idaho%2049489.pdf
"14-MAP-2022,-15-MAP-2022,-17-MAP-2022,-18-MAP-2022,-19-MAP-2022_Pennsylvania_2022/08/02","14 MAP 2022, 15 MAP 2022, 17 MAP 2022, 18 MAP 2022, 19 MAP 2022",McLinko v. Commonwealth,Pennsylvania,"August 2, 2022",Voting Rights and Elections,False,https://statecourtreport.org/sites/default/files/fastcase/converted/McLinko%20v.%20Commonwealth%2C%20Pa.%20No.%2014%20MAP%202022.pdf
2020-M-00630_Mississippi_2022/08/18,2020-M-00630,Brown v. State,Mississippi,"August 18, 2022",Criminal Law,False,https://statecourtreport.org/sites/default/files/fastcase/converted/Brown%20v.%20State%2C%20Miss.%202020-M-00630.pdf
CR-21-0258-PR_Arizona_2022/08/18,CR-21-0258-PR,Willis v. Bernini,Arizona,"August 18, 2022",Criminal Law,False,https://statecourtreport.org/sites/default/files/fastcase/converted/Willis%20v.%20Bernini%2C%20Ariz.%20CR-21-0258-PR.pdf
"SC-157738,-SC-158695_Michigan_2022/07/28","SC 157738, SC 158695",People v. Boykin,Michigan,"July 28, 2022",Criminal Law,False,https://statecourtreport.org/sites/default/files/fastcase/converted/People%20v.%20Boykin%2C%20Mich.%20SC%20157738.pdf
SC-162086_Michigan_2022/07/28,SC 162086,People v. Parks,Michigan,"July 28, 2022",Criminal Law,False,https://statecourtreport.org/sites/default/files/fastcase/converted/People%20v.%20Parks%2C%20Mich.%20SC%20162086.pdf
"S-17666,-S-17785_Alaska_2022/08/12","S-17666, S-17785",State v. The Alaska Legislative Council,Alaska,"August 12, 2022",Government Structure,False,https://statecourtreport.org/sites/default/files/fastcase/converted/State%20v.%20The%20Alaska%20Legislative%20Council%2C%20Alaska%20S-17666.pdf
2020-0404_New-Hampshire_2022/08/12,2020-0404,State v. Donovan,New Hampshire,"August 12, 2022",Criminal Law,False,https://statecourtreport.org/sites/default/files/fastcase/converted/State%20v.%20Donovan%2C%20N.H.%202020-0404.pdf
S262634_California_2022/08/11,S262634,Zolly v. City of Oakland,California,"August 11, 2022",Environment,False,https://statecourtreport.org/sites/default/files/fastcase/converted/Zolly%20v.%20City%20of%20Oakland%2C%20Cal.%20S262634.pdf
2018-M-01113_Mississippi_2022/08/11,2018-M-01113,Brunson v. State,Mississippi,"August 11, 2022",Criminal Law,False,https://statecourtreport.org/sites/default/files/fastcase/converted/Brunson%20v.%20State%2C%20Miss.%202018-M-01113.pdf
65-MAP-2020_Pennsylvania_2022/08/05,65 MAP 2020,Pennsylvania Environmental Defense Foundation v. Commonwealth,Pennsylvania,"August 5, 2022",Government Structure,False,https://statecourtreport.org/sites/default/files/fastcase/converted/Pa.%20Envtl.%20Def.%20found.%20v.%20Commonwealth%2C%20Pa.%2065%20MAP%202020.pdf
SC-16242_Michigan_2022/07/28,SC 16242,People v. Stovall,Michigan,"July 28, 2022",Criminal Law,False,https://statecourtreport.org/sites/default/files/fastcase/converted/People%20v.%20Stovall%2C%20Mich.%20SC%2016242.pdf
SC-S068673_Oregon_2022/07/28,SC S068673,State v. Gray,Oregon,"July 28, 2022",Criminal Law,False,https://statecourtreport.org/sites/default/files/fastcase/converted/State%20v.%20Gray%2C%20Or.%20SC%20S068673.pdf
SC-160813_Michigan_2022/07/26,SC 160813,Bauserman v. Unemployment Insurance Agency,Michigan,"July 26, 2022",Government Structure,False,https://statecourtreport.org/sites/default/files/fastcase/converted/Bauserman%20v.%20Unemployment%20Ins.%20Agency%2C%20Mich.%20SC%20160813.pdf
S-17411_Alaska_2022/07/22,S-17411,State v. Graham,Alaska,"July 22, 2022",Criminal Law,False,https://statecourtreport.org/sites/default/files/fastcase/converted/State%20v.%20Graham%2C%20Alaska%20S-17411.pdf
2022-M-00044_Mississippi_2022/07/21,2022-M-00044,Kirk v. State,Mississippi,"July 21, 2022",Criminal Law,False,https://statecourtreport.org/sites/default/files/fastcase/converted/Kirk%20v.%20State%2C%20Miss.%202022-M-00044.pdf
2021-0248_New-Hampshire_2022/07/21,2021-0248,In re State,New Hampshire,"July 21, 2022",Government Structure,False,https://statecourtreport.org/sites/default/files/fastcase/converted/In%20re%20State%2C%20N.H.%202021-0248.pdf
27-MAP-2021_Pennsylvania_2022/07/20,27 MAP 2021,Commonwealth v. Jones-Williams,Pennsylvania,"July 20, 2022",Criminal Law,False,https://statecourtreport.org/sites/default/files/fastcase/converted/Commonwealth%20v.%20Jones-Williams%2C%20Pa.%20No.%2027%20MAP%202021.pdf
24-EAP-2021_Pennsylvania_2022/07/20,24 EAP 2021,Khalil v. Williams,Pennsylvania,"July 20, 2022",Torts and Liability,False,https://statecourtreport.org/sites/default/files/fastcase/converted/Khalil%20v.%20Williams%2C%20Pa.%2024%20EAP%202021.pdf
"2022-0298,-2022-0303_Ohio_2022/07/19","2022-0298, 2022-0303",Neiman v. LaRose,Ohio,"July 19, 2022",Voting Rights and Elections,False,https://statecourtreport.org/sites/default/files/fastcase/converted/Neiman%20v.%20LaRose%2C%20Ohio%202022-0298.pdf
21-1045_Texas_2022/06/24,21-1045,Texas Department of State Health Services v. Crown Distributing LLC,Texas,"June 24, 2022",Economic and Labor Rights,False,https://statecourtreport.org/sites/default/files/fastcase/converted/Texas%20Department%20of%20State%20Health%20Services%20v.%20Crown%20Distributing%20LLC%2C%20Tex.%20No.%2021-1045.pdf
20180810_Utah_2022/06/24,20180810,State v. Soto,Utah,"June 24, 2022",Criminal Law,False,https://statecourtreport.org/sites/default/files/fastcase/converted/State%20v.%20Soto%2C%20Utah%20No.%2020180810.pdf
A21-0453_Minnesota_2022/07/13,A21-0453,State v. Hassan,Minnesota,"July 13, 2022",Criminal Law,False,https://statecourtreport.org/sites/default/files/fastcase/converted/State%20v.%20Hassan%2C%20Minn.%20A21-0453.pdf
2020AP1032_Wisconsin_2022/07/08,2020AP1032,Doe v. Madison Metropolitan School District,Wisconsin,"July 8, 2022",Speech and Religion,False,https://statecourtreport.org/sites/default/files/2023-08/2022-07-08_Decision_and_Order.pdf
21-0856_Iowa_2022/06/17,21-0856,"Planned Parenthood of the Heartland, Inc. v. Reynolds ex rel. State",Iowa,"June 17, 2022",Reproductive Rights,False,https://statecourtreport.org/sites/default/files/fastcase/converted/Planned%20Parenthood%20of%20the%20Heartland%2C%20Inc.%20v.%20Reynolds%20ex%20rel.%20State%2C%20Iowa%20No.%2021-0856.pdf
2021-0325_New-Hampshire_2022/07/06,2021-0325,Richard v. Speaker of the House of Representatives,New Hampshire,"July 6, 2022",Government Structure,False,https://statecourtreport.org/sites/default/files/fastcase/converted/Richard%20v.%20Speaker%20of%20the%20House%20of%20Representatives%20%26%20a.%2C%20N.H.%202021-0325.pdf
2020-SC-0116_Kentucky_2022/06/16,2020-SC-0116,Commonwealth v. Reed,Kentucky,"June 16, 2022",Criminal Law,False,https://statecourtreport.org/sites/default/files/fastcase/converted/Commonwealth%20v.%20Reed%2C%20Ky.%202020-SC-0116-DG.pdf
"124,156_Kansas_2022/07/01","124,156",City of Olathe v. City of Spring Hill,Kansas,"July 1, 2022",Government Structure,False,https://statecourtreport.org/sites/default/files/fastcase/converted/City%20of%20Olathe%20v.%20City%20of%20Spring%20Hill%2C%20Kan.%20124%2C156.pdf
2022-M-00303_Mississippi_2022/06/30,2022-M-00303,Johnson v. State,Mississippi,"June 30, 2022",Criminal Law,False,https://statecourtreport.org/sites/default/files/fastcase/converted/Johnson%20v.%20State%2C%20Miss.%202022-M-00303.pdf
S-1-SC-38743_New-Mexico_2022/06/30,S-1-SC-38743,State v. Mascareno-Haidle,New Mexico,"June 30, 2022",Criminal Law,False,https://statecourtreport.org/sites/default/files/fastcase/converted/State%20v.%20Mascareno-Haidle%2C%20N.M.%20S-1-SC-38743.pdf
20200118_Utah_2022/06/29,20200118,Salt Lake City Corp. v. Utah Inland Port Authority,Utah,"June 29, 2022",Government Structure,False,https://statecourtreport.org/sites/default/files/fastcase/converted/Salt%20Lake%20City%20Corp.%20v.%20Utah%20Inland%20Port%20Auth.%2C%20Utah%2020200118.pdf
2021AP1673_Wisconsin_2022/06/29,2021AP1673,State ex rel. Kaul v. Prehn,Wisconsin,"June 29, 2022",Government Structure,False,https://statecourtreport.org/sites/default/files/fastcase/converted/State%20ex%20rel.%20Kaul%20v.%20Prehn%2C%20Wis.%202021AP1673.pdf
84736_Nevada_2022/06/28,84736,Education Freedom PAC v. Reid,Nevada,"June 28, 2022",Voting Rights and Elections,False,https://statecourtreport.org/sites/default/files/fastcase/converted/Educ.%20Freedom%20PAC%20v.%20Reid%2C%20Nev.%2084736.pdf
84420_Nevada_2022/06/28,84420,Cegavske v. Hollowood,Nevada,"June 28, 2022",Voting Rights and Elections,False,https://statecourtreport.org/sites/default/files/fastcase/converted/Cegavske%20v.%20Hollowood%2C%20Nev.%2084420.pdf
"22SA101,-22SA142,-22SA155_Colorado_2022/06/27","22SA101, 22SA142, 22SA155",Fine v. Ward (In re Titles),Colorado,"June 27, 2022",Voting Rights and Elections,False,https://statecourtreport.org/sites/default/files/fastcase/converted/Fine%20v.%20Ward%20%28In%20re%20Titles%29%2C%20Colo.%2022SA101.pdf
20-1323_Iowa_2022/06/24,20-1323,Landowners v. South Central Regional Airport Agency,Iowa,"June 24, 2022",Government Structure,False,https://statecourtreport.org/sites/default/files/fastcase/converted/Landowners%20v.%20S.%20Cent.%20Reg%27l%20Airport%20Agency%2C%20Iowa%20No.%2020-1323.pdf
2022-0661_Ohio_2022/06/24,2022-0661,State ex rel. Demora v. LaRose,Ohio,"June 24, 2022",Voting Rights and Elections,False,https://statecourtreport.org/sites/default/files/fastcase/converted/State%20ex%20rel.%20Demora%20v.%20LaRose%2C%20Ohio%202022-0661.pdf
22-0008_Texas_2022/06/24,22-0008,Abbott v. Mexican American Legislative Caucus,Texas,"June 24, 2022",Voting Rights and Elections,False,https://statecourtreport.org/sites/default/files/fastcase/converted/Abbott%20v.%20Mexican%20Am.%20Legislative%20Caucus%2C%20Tex.%2022-0008.pdf
SCWC-19-0000491_Hawaii_2022/06/03,SCWC-19-0000491,State v. Sagapolutele-Silva,Hawaii,"June 3, 2022",Criminal Law,False,https://statecourtreport.org/sites/default/files/fastcase/converted/State%20v.%20Sagapolutele-Silva%2C%20Haw.%20SCWC-19-0000491.pdf
SJC-13257_Massachusetts_2022/06/22,SJC-13257,Anderson v. Attorney General,Massachusetts,"June 22, 2022",Voting Rights and Elections,False,https://statecourtreport.org/sites/default/files/fastcase/converted/Anderson%20v.%20Attorney%20Gen.%2C%20Mass.%20SJC-13257.pdf
"125,083_Kansas_2022/06/21","125,083",In re Schmidt,Kansas,"June 21, 2022",Voting Rights and Elections,False,https://statecourtreport.org/sites/default/files/fastcase/converted/In%20re%20Schmidt%2C%20Kan.%20125%2C083.pdf
"125,092_Kansas_2022/06/21","125,092",Rivera v. Schwab,Kansas,"June 21, 2022",Voting Rights and Elections,False,https://statecourtreport.org/sites/default/files/fastcase/converted/Rivera%20v.%20Schwab%2C%20Kan.%20125%2C092.pdf
SC-20614_Connecticut_2022/06/20,SC 20614,In re Annessa J.,Connecticut,"June 20, 2022",Civil Due Process,False,https://statecourtreport.org/sites/default/files/fastcase/converted/In%20re%20Annessa%20J.%2C%20Conn.%20SC%2020614.pdf
99730-6_Washington_2022/06/09,99730-6,State v. Sum,Washington,"June 9, 2022",Criminal Law,False,https://statecourtreport.org/sites/default/files/fastcase/converted/State%20v.%20Sum%2C%20Wash.%20No.%2099730-6.pdf
1210010_Alabama_2022/06/17,1210010,Ex parte Warren Averett Cos.,Alabama,"June 17, 2022",Economic and Labor Rights,False,https://statecourtreport.org/sites/default/files/fastcase/converted/Ex%20parte%20Warren%20Averett%20Cos.%2C%20Ala.%201210010.pdf
CV-21-505_Arkansas_2022/06/16,CV-21-505,"Arkansas Department of Finance & Administration v. 2600 Holdings, LLC",Arkansas,"June 16, 2022",Government Structure,False,https://statecourtreport.org/sites/default/files/fastcase/converted/Ark.%20Dep%27t%20of%20Fin.%20%26%20Admin.%20v.%202600%20Holdings%2C%20LLC%2C%20Ark.%20CV-21-505.pdf
S273785_California_2022/06/15,S273785,In re Flores (Anthony) on H.C.,California,"June 15, 2022",Criminal Law,False,https://statecourtreport.org/sites/default/files/fastcase/converted/In%20re%20Flores%20%28Anthony%29%20on%20H.C.%2C%20Cal.%20S273785.pdf
21-0114_West-Virginia_2022/06/14,21-0114,State v. Sheffield,West Virginia,"June 14, 2022",Criminal Law,False,https://statecourtreport.org/sites/default/files/fastcase/converted/State%20v.%20Sheffield%2C%20W.%20Va.%2021-0114.pdf
SJC-13237_Massachusetts_2022/06/14,SJC-13237,Koussa v. Attorney General,Massachusetts,"June 14, 2022",Voting Rights and Elections,False,https://statecourtreport.org/sites/default/files/fastcase/converted/Koussa%20v.%20Attorney%20Gen.%2C%20Mass.%20SJC-13237.pdf
SJC-13273_Massachusetts_2022/06/13,SJC-13273,Colpack v. Attorney General,Massachusetts,"June 13, 2022",Voting Rights and Elections,False,https://statecourtreport.org/sites/default/files/fastcase/converted/Colpack%20v.%20Attorney%20Gen.%2C%20Mass.%20SJC-13273.pdf
49087_Idaho_2022/06/10,49087,State v. Riley,Idaho,"June 10, 2022",Criminal Law,False,https://statecourtreport.org/sites/default/files/fastcase/converted/State%20v.%20Riley%2C%20Idaho%2049087.pdf
20-0896_West-Virginia_2022/06/08,20-0896,Frazier v. Rhodenizer,West Virginia,"June 8, 2022",Civil Due Process,False,https://statecourtreport.org/sites/default/files/fastcase/converted/Frazier%20v.%20Rhodenizer%2C%20W.%20Va.%2020-0896.pdf
21-1088_Texas_2022/06/03,21-1088,Fire Protection Service v. Survitec Survival Products,Texas,"June 3, 2022",Economic and Labor Rights,False,https://statecourtreport.org/sites/default/files/fastcase/converted/Fire%20Prot.%20Serv.%20v.%20Survitec%20Survival%20Prods.%2C%20Tex.%2021-1088.pdf
21S-PL-518_Indiana_2022/06/03,21S-PL-518,Holcomb v. Bray,Indiana,"June 3, 2022",Government Structure,False,https://statecourtreport.org/sites/default/files/fastcase/converted/Holcomb%20v.%20Bray%2C%20Ind.%20Supreme%20Court%20Case%20No.%2021S-PL-518.pdf
CV-21-624_Arkansas_2022/06/02,CV-21-624,Palade v. Board of Trustees of the University of Arkansas System,Arkansas,"June 2, 2022",Speech and Religion,False,https://statecourtreport.org/sites/default/files/fastcase/converted/Palade%20v.%20Bd.%20of%20Trs.%20of%20the%20Univ.%20of%20Ark.%20Sys.%2C%20Ark.%20CV-21-624.pdf
OP-22-0219_Montana_2022/06/02,OP 22-0219,Meyer v. Knudsen,Montana,"June 2, 2022",Voting Rights and Elections,False,https://statecourtreport.org/sites/default/files/fastcase/converted/Meyer%20v.%20Knudsen%2C%20Mont.%20OP%2022-0219.pdf
1200658_Alabama_2022/05/27,1200658,Ex parte Pinkard,Alabama,"May 27, 2022",Torts and Liability,False,https://statecourtreport.org/sites/default/files/fastcase/converted/Ex%20parte%20Pinkard%2C%20Ala.%201200658.pdf
82118_Nevada_2022/05/26,82118,Shea v. State,Nevada,"May 26, 2022",Government Structure,False,https://statecourtreport.org/sites/default/files/fastcase/converted/Shea%20v.%20State%2C%20Nev.%2082118.pdf
DA-20-0379_Montana_2022/05/24,DA 20-0379,State v. Wellknown,Montana,"May 24, 2022",Civil Rights,False,https://statecourtreport.org/sites/default/files/fastcase/converted/State%20v.%20Wellknown%2C%20Mont.%20DA%2020-0379.pdf
CR-18-0284-AP_Arizona_2022/05/24,CR-18-0284-AP,State v. Robinson,Arizona,"May 24, 2022",Criminal Law,False,https://statecourtreport.org/sites/default/files/fastcase/converted/State%20v.%20Robinson%2C%20Ariz.%20No.%20CR-18-0284-AP.pdf
2021-0247_Ohio_2022/05/19,2021-0247,The Village of Newburgh Heights v. State,Ohio,"May 19, 2022",Government Structure,False,https://statecourtreport.org/sites/default/files/fastcase/converted/The%20Vill.%20of%20Newburgh%20Heights%20v.%20State%2C%20Ohio%202021-0247.pdf
82362_Nevada_2022/05/18,82362,Caruso v. Eighth Judicial District Court of Nevada,Nevada,"May 18, 2022",Government Structure,False,https://statecourtreport.org/sites/default/files/fastcase/converted/Caruso%20v.%20Eighth%20Judicial%20Dist.%20Court%20of%20Nev.%2C%20Nev.%20No.%2082362.pdf
M2020-00683_Tennessee_2022/05/18,M2020-00683,Metropolitan Government of Nashville & Davidson County v. Tennessee Department of Education,Tennessee,"May 18, 2022",Government Structure,False,https://statecourtreport.org/sites/default/files/fastcase/converted/Metro.%20Gov%27t%20of%20Nashville%20%26%20Davidson%20Cnty.%20v.%20Tenn.%20Dep%27t%20of%20Educ.%2C%20Tenn.%20M2020-00683-SC-R11-CV.pdf
20-0309_Texas_2022/05/13,20-0309,City of Baytown v. Schrock,Texas,"May 13, 2022",Economic and Labor Rights,False,https://statecourtreport.org/sites/default/files/fastcase/converted/City%20of%20Baytown%20v.%20Schrock%2C%20Tex.%2020-0309.pdf
2019-0926_Ohio_2022/05/12,2019-0926,State v. McAlpin,Ohio,"May 12, 2022",Criminal Law,False,https://statecourtreport.org/sites/default/files/fastcase/converted/State%20v.%20McAlpin%2C%20Ohio%202019-0926.pdf
20210360_North-Dakota_2022/05/12,20210360,City of Wells Fargo v. McAllister,North Dakota,"May 12, 2022",Economic and Labor Rights,False,https://statecourtreport.org/sites/default/files/fastcase/converted/City%20of%20W.%20Fargo%20v.%20McAllister%2C%20N.D.%2020210360.pdf
SC-20572_Connecticut_2022/05/10,SC 20572,State v. Morel-Vargas,Connecticut,"May 10, 2022",Criminal Law,False,https://statecourtreport.org/sites/default/files/fastcase/converted/State%20v.%20Morel-Vargas%2C%20Conn.%20SC%2020572.pdf
SCPW-22-0000078_Hawaii_2022/05/09,SCPW-22-0000078,Hicks v. 2021 Hawaii Reapportionment Commission,Hawaii,"May 9, 2022",Voting Rights and Elections,False,https://statecourtreport.org/sites/default/files/fastcase/converted/Hicks%20v.%202021%20Hawai%E2%80%98i%20Reapportionment%20Comm%27n%2C%20Haw.%20SCPW-22-0000078.pdf
82445_Nevada_2022/05/05,82445,Aguirre v. Elko County Sheriff's Office,Nevada,"May 5, 2022",Economic and Labor Rights,False,https://statecourtreport.org/sites/default/files/fastcase/converted/Aguirre%20v.%20Elko%20Cnty.%20Sheriff%27s%20Office%2C%20Nev.%20No.%2082445.pdf
2020-66-Appeal_Rhode-Island_2022/05/04,2020-66-Appeal,Benson v. McKee,Rhode Island,"May 4, 2022",Reproductive Rights,False,https://statecourtreport.org/sites/default/files/fastcase/converted/Benson%20v.%20McKee%2C%20R.I.%20No.%202020-66-Appeal..pdf
5-2021_Maryland_2022/04/27,5-2021,Murphy v. Liberty Mutual Insurance Co.,Maryland,"April 27, 2022",Government Structure,False,https://statecourtreport.org/sites/default/files/fastcase/converted/Murphy%20v.%20Liberty%20Mut.%20Ins.%20Co.%2C%20Md.%205-2021.pdf
60_New-York_2022/04/27,60,Harkenrider v. Hochul,New York,"April 27, 2022",Voting Rights and Elections,False,https://statecourtreport.org/sites/default/files/2023-08/Harkenrider%20v.%20Hochul%20-%20Opinion%20-%2004.27.2022.pdf
59-SSM-5_New-York_2022/04/26,59 SSM 5,People v. Dawson,New York,"April 26, 2022",Criminal Law,False,https://statecourtreport.org/sites/default/files/fastcase/converted/People%20v.%20Dawson%2C%20N.Y.%2059%20SSM%205.pdf
21-0412_West-Virginia_2022/04/26,21-0412,Stepp v. Cottrell,West Virginia,"April 26, 2022",Civil Due Process,False,https://statecourtreport.org/sites/default/files/fastcase/converted/Stepp%20v.%20Cottrell%2C%20W.%20Va.%2021-0412.pdf
19-1857_Iowa_2022/04/22,19-1857,State v. Price-Williams,Iowa,"April 22, 2022",Criminal Law,False,https://statecourtreport.org/sites/default/files/fastcase/converted/State%20v.%20Price-Williams%2C%20Iowa%20No.%2019-1857.pdf
20-1568_Iowa_2022/04/22,20-1568,State v. Hauge,Iowa,"April 22, 2022",Criminal Law,False,https://statecourtreport.org/sites/default/files/fastcase/converted/State%20v.%20Hauge%2C%20Iowa%2020-1568.pdf
99596-6_Washington_2022/04/21,99596-6,Bass v. City of Edmonds,Washington,"April 21, 2022",Government Structure,False,https://statecourtreport.org/sites/default/files/fastcase/converted/Bass%20v.%20City%20of%20Edmonds%2C%20Wash.%20No.%2099596-6.pdf
127126_Illinois_2022/04/21,127126,Illinois Road & Transportation Builders Association v. The County of Cook,Illinois,"April 21, 2022",Government Structure,False,https://statecourtreport.org/sites/default/files/fastcase/converted/Ill.%20Rd.%20%26%20Transp.%20Builders%20Ass%27n%20v.%20The%20Cnty.%20of%20Cook%2C%20Ill.%20127126.pdf
82341_Nevada_2022/04/21,82341,"Nevada Policy Research Institute, Inc. v. Cannizzaro",Nevada,"April 21, 2022",Government Structure,False,https://statecourtreport.org/sites/default/files/fastcase/converted/Nev.%20Policy%20Research%20Inst.%2C%20Inc.%20v.%20Cannizzaro%2C%20Nev.%20No.%2082341.pdf
"S-17802,-S-17821_Alaska_2022/04/15","S-17802, S-17821",Association of Village Council Presidents Regional Housing Authority v. Mael,Alaska,"April 15, 2022",Torts and Liability,False,https://statecourtreport.org/sites/default/files/fastcase/converted/Ass%27n%20of%20Vill.%20Council%20Presidents%20Reg%27l%20Hous.%20Auth.%20v.%20Mael%2C%20Alaska%20Supreme%20Court%20Nos.%20S-17802%3A17821.pdf
CV-21-517_Arkansas_2022/04/14,CV-21-517,Rutledge v. Remmel,Arkansas,"April 14, 2022",Government Structure,False,https://statecourtreport.org/sites/default/files/fastcase/converted/Rutledge%20v.%20Remmel%2C%20Ark.%20No.%20CV-21-517.pdf
CV-21-498_Arkansas_2022/04/14,CV-21-498,Bentonville School District v. Sitton,Arkansas,"April 14, 2022",Education,False,https://statecourtreport.org/sites/default/files/fastcase/converted/Bentonville%20Sch.%20Dist.%20v.%20Sitton%2C%20Ark.%20No.%20CV-21-498.pdf
12_New-York_2022/03/22,12,White v. Cuomo,New York,"March 22, 2022",Economic and Labor Rights,False,https://statecourtreport.org/sites/default/files/fastcase/converted/White%20v.%20Cuomo%2C%20N.Y.%20No.%2012.pdf
6-EAP-2021_Pennsylvania_2022/04/12,6 EAP 2021,Commonwealth v. Edwards,Pennsylvania,"April 12, 2022",Criminal Law,False,https://statecourtreport.org/sites/default/files/fastcase/converted/Commonwealth%20v.%20Edwards%2C%20Pa.%20No.%206%20EAP%202021.pdf
125959_Illinois_2022/04/07,125959,People v. Moon,Illinois,"April 7, 2022",Criminal Law,False,https://statecourtreport.org/sites/default/files/fastcase/converted/People%20v.%20Moon%2C%20Ill.%20125959.pdf
2020-001519_South-Carolina_2022/04/06,2020-001519,Moore v. Stirling,South Carolina,"April 6, 2022",Criminal Law,False,https://statecourtreport.org/sites/default/files/fastcase/converted/Moore%20v.%20Stirling%2C%20S.C.%20Appellate%20Case%20No.%202020-001519.pdf
SC-99007_Missouri_2022/04/05,SC 99007,"All Star Awards & Ad Specialties, Inc. v. HALO Branded Solutions",Missouri,"April 5, 2022",Torts and Liability,False,https://statecourtreport.org/sites/default/files/fastcase/converted/All%20Star%20Awards%20%26%20Ad%20Specialties%2C%20Inc.%20v.%20HALO%20Branded%20Solutions%2C%20Inc.%2C%20Mo.%20No.%20SC%2099007.pdf
2021-CA-01414_Louisiana_2022/03/25,2021-CA-01414,"Westlawn Cemeteries, LLC v. The Louisiana Cemetery Board",Louisiana,"March 25, 2022",Government Structure,False,https://statecourtreport.org/sites/default/files/fastcase/converted/Westlawn%20Cemeteries%2C%20LLC%20v.%20The%20La.%20Cemetery%20Bd.%2C%20La.%202021-CA-01414.pdf
2021-CA-0858_Louisiana_2022/03/25,2021-CA-0858,Mellor v. The Parish of Jefferson,Louisiana,"March 25, 2022",Government Structure,False,https://statecourtreport.org/sites/default/files/fastcase/converted/Mellor%20v.%20The%20Par.%20of%20Jefferson%2C%20La.%202021-CA-0858.pdf
99724-1_Washington_2022/02/24,99724-1,Kellogg v. National Railroad Passenger Corp.,Washington,"February 24, 2022",Economic and Labor Rights,False,https://statecourtreport.org/sites/default/files/fastcase/converted/Kellogg%20v.%20Nat%27l%20R.R.%20Passenger%20Corp.%2C%20Wash.%20No.%2099724-1.pdf
1200847_Alabama_2022/03/18,1200847,Hawkins v. Ivey,Alabama,"March 18, 2022",Government Structure,False,https://statecourtreport.org/sites/default/files/fastcase/converted/Hawkins%20v.%20Ivey%2C%20Ala.%201200847.pdf
2021-177_Vermont_2022/03/18,2021-177,Boyd v. State,Vermont,"March 18, 2022",Education,False,https://statecourtreport.org/sites/default/files/fastcase/converted/Boyd%20v.%20State%2C%20Vt.%202021-177.pdf
SC19-1182_Florida_2022/03/17,SC19-1182,Thourtman v. Junior,Florida,"March 17, 2022",Criminal Law,False,https://statecourtreport.org/sites/default/files/fastcase/converted/Thourtman%20v.%20Junior%2C%20Fla.%20SC19-1182.pdf
48536_Idaho_2022/03/16,48536,State v. Poe,Idaho,"March 16, 2022",Criminal Law,False,https://statecourtreport.org/sites/default/files/fastcase/converted/State%20v.%20Poe%2C%20Idaho%20Docket%20No.%2048536.pdf
S-18109_Alaska_2022/03/09,S-18109,Dutchess v. Dutch,Alaska,"March 9, 2022",Speech and Religion,False,https://statecourtreport.org/sites/default/files/fastcase/converted/Dutchess%20v.%20Dutch%2C%20Alaska%20S-18109.pdf
DA-21-0314_Montana_2022/03/08,DA 21-0314,Advocates for School Trust Lands v. State,Montana,"March 8, 2022",Government Structure,False,https://statecourtreport.org/sites/default/files/fastcase/converted/Advocates%20for%20Sch.%20Trust%20Lands%20v.%20State%2C%20Mont.%20DA%2021-0314.pdf
85157_New-Jersey_2022/03/08,85157,Moynihan v. Lynch,New Jersey,"March 8, 2022",Economic and Labor Rights,False,https://statecourtreport.org/sites/default/files/fastcase/converted/Moynihan%20v.%20Lynch%2C%20N.J.%20A-64%20September%20Term%202020.pdf
SC22-131_Florida_2022/03/03,SC22-131,In re Senate Joint Resolution of Legislative Apportionment 100,Florida,"March 3, 2022",Voting Rights and Elections,False,https://statecourtreport.org/sites/default/files/fastcase/converted/In%20re%20Senate%20Joint%20Resolution%20of%20Legislative%20Apportionment%20100%2C%20Fla.%20No.%20SC22-131.pdf
99546-0_Washington_2022/03/03,99546-0,State v. Elwell,Washington,"March 3, 2022",Criminal Law,False,https://statecourtreport.org/sites/default/files/fastcase/converted/State%20v.%20Elwell%2C%20Wash.%20No.%2099546-0.pdf
"2019-459-Appeal,-2019-462-Appeal_Rhode-Island_2022/03/02","2019-459-Appeal, 2019-462-Appeal",Zab v. Rhode Island Department of Corrections,Rhode Island,"March 2, 2022",Torts and Liability,False,https://statecourtreport.org/sites/default/files/fastcase/converted/Zab%20v.%20Rhode%20Island%20Department%20of%20Corrections%2C%20R.I.%20No.%202019-459-Appeal..pdf
"19,-2022_Delaware_2022/03/01","19, 2022",In re Opinion of the Justices,Delaware,"March 1, 2022",Government Structure,False,https://statecourtreport.org/sites/default/files/fastcase/converted/In%20re%20Opinion%20of%20the%20Justices%2C%20Del.%20No.%2019%2C%202022.pdf
20-1571_Iowa_2022/02/25,20-1571,State v. Basquin,Iowa,"February 25, 2022",Government Structure,False,https://statecourtreport.org/sites/default/files/fastcase/converted/State%20v.%20Basquin%2C%20Iowa%20No.%2020-1571.pdf
CV-21-319_Arkansas_2022/02/24,CV-21-319,Arkansas Department of Health v. Solomon,Arkansas,"February 24, 2022",Government Structure,False,https://statecourtreport.org/sites/default/files/fastcase/converted/Ark.%20Dep%27t%20of%20Health%20v.%20Solomon%2C%20Ark.%20CV-21-319.pdf
2020-003_Ohio_2022/02/23,2020-003,Siltstone Res. v. Ohio Public Works Commission,Ohio,"February 23, 2022",Environment,False,https://statecourtreport.org/sites/default/files/fastcase/converted/Siltstone%20Res.%20v.%20Ohio%20Pub.%20Works%20Comm%27n%2C%20Ohio%202020-003.pdf
SC-S069165_Oregon_2022/02/17,SC S069165,State ex rel. Kristof v. Fagan,Oregon,"February 17, 2022",Voting Rights and Elections,False,https://statecourtreport.org/sites/default/files/fastcase/converted/State%20ex%20rel.%20%20Kristof%20v.%20Fagan%2C%20Or.%20SC%20S069165.pdf
"90,044_Kansas_2022/01/21","90,044",State v. Carr,Kansas,"January 21, 2022",Criminal Law,False,https://statecourtreport.org/sites/default/files/fastcase/converted/State%20v.%20Carr%2C%20Kan.%2090.pdf
S21G0370_Georgia_2022/01/19,S21G0370,Awad v. State,Georgia,"January 19, 2022",Criminal Law,False,https://statecourtreport.org/sites/default/files/2023-08/Awad%20v.%20State%20-%20Opinion.pdf
49351_Idaho_2022/02/11,49351,Pentico v. Idaho Commission for Reapportionment,Idaho,"February 11, 2022",Voting Rights and Elections,False,https://statecourtreport.org/sites/default/files/fastcase/converted/Pentico%20v.%20Idaho%20Comm%27n%20for%20Reapportionment%2C%20Idaho%20Docket%20No.%2049351.pdf
1200240_Alabama_2022/02/11,1200240,Glass v. City of Montgomery,Alabama,"February 11, 2022",Government Structure,False,https://statecourtreport.org/sites/default/files/fastcase/converted/Glass%20v.%20City%20of%20Montgomery%2C%20Ala.%201200240.pdf
S-1-SC-37558_New-Mexico_2022/02/09,S-1-SC-37558,State v. Hildreth,New Mexico,"February 9, 2022",Criminal Law,False,https://statecourtreport.org/sites/default/files/fastcase/converted/State%20v.%20Hildreth%2C%20N.M.%20No.%20S-1-SC-37558.pdf
SC-98879_Missouri_2022/02/08,SC 98879,Choice v. Ashcroft,Missouri,"February 8, 2022",Voting Rights and Elections,False,https://statecourtreport.org/sites/default/files/fastcase/converted/Choice%20v.%20Ashcroft%2C%20Mo.%20No.%20SC%2098879.pdf
DA-21-0392_Montana_2022/02/08,DA 21-0392,Associated Press v. Usher,Montana,"February 8, 2022",Government Structure,False,https://statecourtreport.org/sites/default/files/fastcase/converted/Associated%20Press%20v.%20Usher%2C%20Mont.%20DA%2021-0392.pdf
20-0617_Iowa_2022/02/04,20-0617,State v. Lilly,Iowa,"February 4, 2022",Criminal Law,False,https://statecourtreport.org/sites/default/files/fastcase/converted/State%20v.%20Lilly%2C%20Iowa%20No.%2020-0617.pdf
86587_New-Jersey_2022/02/03,86587,Matter of Congressional Districts by New Jersey Redistricting Commission,New Jersey,"February 3, 2022",Voting Rights and Elections,False,https://statecourtreport.org/sites/default/files/fastcase/converted/Matter%20of%20Congressional%20Districts%20by%20New%20Jersey%20Redistricting%20Commission%2C%20N.J.%20R-3%20September%20Term%202021.pdf
SC-163926_Michigan_2022/02/03,SC 163926,Detroit Caucus v. Independent Citizens Redistricting Commission,Michigan,"February 3, 2022",Voting Rights and Elections,False,https://statecourtreport.org/sites/default/files/fastcase/converted/Detroit%20Caucus%20v.%20Independent%20Citizens%20Redistricting%20Commission%2C%20Mich.%20SC%3A%20163926.pdf
Was-21-86_Maine_2022/02/03,Was-21-86,State v. Reeves,Maine,"February 3, 2022",Criminal Law,False,https://statecourtreport.org/sites/default/files/fastcase/converted/State%20v.%20Reeves%2C%20Me.%20Docket%3A%20Was-21-86.pdf
CR-20-0385-PR_Arizona_2022/02/01,CR-20-0385-PR,State v. Reed,Arizona,"February 1, 2022",Criminal Law,False,https://statecourtreport.org/sites/default/files/fastcase/converted/State%20v.%20Reed%2C%20Ariz.%20No.%20CR-20-0385-PR.pdf
S-17297_Alaska_2022/01/28,S-17297,Sagoonick v. State,Alaska,"January 28, 2022",Environment,False,https://statecourtreport.org/sites/default/files/fastcase/converted/Sagoonick%20v.%20State%2C%20Alaska%20Supreme%20Court%20No.%20S-17297.pdf
"49261,-49267,-49295_Idaho_2022/01/27","49261, 49267, 49295",Durst v. Idaho Commission for Reapportionment,Idaho,"January 27, 2022",Voting Rights and Elections,False,https://statecourtreport.org/sites/default/files/fastcase/converted/Durst%20v.%20Idaho%20Commission%20for%20Reapportionment%2C%20Idaho%2049261.pdf
"163711,-163712,-163744,-163745,-163747,-163748_Michigan_2022/01/24","163711, 163712, 163744, 163745, 163747, 163748",League of Women Voters of Michigan v. Secretary of State,Michigan,"January 24, 2022",Voting Rights and Elections,False,https://statecourtreport.org/sites/default/files/fastcase/converted/League%20of%20Women%20Voters%20of%20Mich.%20v.%20Sec%27y%20of%20State%2C%20Mich.%20163711.pdf
"90,198_Kansas_2022/01/21","90,198",State v. Carr,Kansas,"January 21, 2022",Criminal Law,False,https://statecourtreport.org/sites/default/files/fastcase/converted/State%20v.%20Carr%2C%20Kan.%20No.%2090%2C198.pdf
127040_Illinois_2022/01/21,127040,"International Association of Fire Fighters, Local 50 v. The City of Peoria",Illinois,"January 21, 2022",Government Structure,False,https://statecourtreport.org/sites/default/files/fastcase/converted/Int%27l%20Ass%27n%20of%20Fire%20Fighters%2C%20Local%2050%20v.%20The%20City%20of%20Peoria%2C%20Ill.%20127040.pdf
S-17577_Alaska_2022/01/21,S-17577,"Department of Administration v. Retired Public Employees of Alaska, Inc.",Alaska,"January 21, 2022",Economic and Labor Rights,False,https://statecourtreport.org/sites/default/files/fastcase/converted/Department%20of%20Administration%20v.%20Retired%20Public%20Employees%20of%20Alaska%2C%20Inc.%2C%20Alaska%20Supreme%20Court%20No.%20S-17577.pdf
2021-SC-0100-DGE_Kentucky_2022/01/20,2021-SC-0100-DGE,M.S.S. v. J.E.B.,Kentucky,"January 20, 2022",Civil Due Process,False,https://statecourtreport.org/sites/default/files/fastcase/converted/M.S.S.%20v.%20J.E.B.%2C%20Ky.%202021-SC-0100-DGE.pdf
20S-CR-632_Indiana_2022/01/18,20S-CR-632,State v. Katz,Indiana,"January 18, 2022",Speech and Religion,False,https://statecourtreport.org/sites/default/files/2023-08/State%20v.%20Katz%20-%20Opinion%20-%2001.18.2022.pdf
"2021-1428,-2021-1449_Ohio_2022/01/14","2021-1428, 2021-1449",Adams v. DeWine,Ohio,"January 14, 2022",Voting Rights and Elections,False,https://statecourtreport.org/sites/default/files/fastcase/converted/Adams%20v.%20DeWine%2C%20Ohio%20Nos.%202021-1428.pdf
A21-0830_Minnesota_2022/01/12,A21-0830,Shefa v.  Ellison,Minnesota,"January 12, 2022",Government Structure,False,https://statecourtreport.org/sites/default/files/fastcase/converted/Shefa%20v.%20%20Ellison%2C%20Minn.%20A21-0830.pdf
DA-19-0070_Montana_2022/01/11,DA 19-0070,State v. Peoples,Montana,"January 11, 2022",Criminal Law,False,https://statecourtreport.org/sites/default/files/fastcase/converted/State%20v.%20Peoples%2C%20Mont.%20DA%2019-0070.pdf
S-1-SC-37589_New-Mexico_2022/01/10,S-1-SC-37589,State v. Wright,New Mexico,"January 10, 2022",Criminal Law,False,https://statecourtreport.org/sites/default/files/fastcase/converted/State%20v.%20Wright%2C%20N.M.%20No.%20S-1-SC-37589.pdf
S-1-SC-38247_New-Mexico_2022/01/10,S-1-SC-38247,Citizens for Fair Rates & the Environment v. New Mexico Public Regulation Commission,New Mexico,"January 10, 2022",Government Structure,False,https://statecourtreport.org/sites/default/files/2023-08/Citizens%20for%20Fair%20Rates%20and%20the%20Environment%20v.%20NM%20Public%20Regulation%20Comm%20-%20Opinion%20-%2001.10.2022.pdf
084509-&amp;-084516_New-Jersey_2022/01/10,084509 &amp; 084516,State v. Comer,New Jersey,"January 10, 2022",Criminal Law,False,https://statecourtreport.org/sites/default/files/fastcase/converted/State%20v.%20Comer%2C%20N.J.%20A-42%20September%20Term%202020.pdf
CV-21-0234-T/AP_Arizona_2022/01/06,CV-21-0234-T/AP,"Arizona School Boards Association,  Inc. v. State",Arizona,"January 6, 2022",Government Structure,False,https://statecourtreport.org/sites/default/files/fastcase/converted/Ariz.%20Sch.%20Boards%20Ass%27n%2C%20Inc.%20v.%20State%2C%20Ariz.%20No.%20CV-21-0234-T%3AAP.pdf
2021-1403_Ohio_2022/01/04,2021-1403,DuBose v. McGuffey,Ohio,"January 4, 2022",Criminal Law,False,https://statecourtreport.org/sites/default/files/fastcase/converted/DuBose%20v.%20McGuffey%2C%20Ohio%20No.%202021-1403.pdf
S259999_California_2022/01/03,S259999,In re  Mohammad,California,"January 3, 2022",Criminal Law,False,https://statecourtreport.org/sites/default/files/fastcase/converted/In%20re%20%20Mohammad%2C%20Cal.%20S259999.pdf
SC-S068382_Oregon_2021/12/30,SC S068382,Whitehead v. Fagan,Oregon,"December 30, 2021",Voting Rights and Elections,False,https://statecourtreport.org/sites/default/files/fastcase/converted/Whitehead%20v.%20Fagan%2C%20Or.%20CC%2016CV28212%20%28SC%20S068382%29.pdf
SC-S067608_Oregon_2021/12/30,SC S067608,State v. McCarthy,Oregon,"December 30, 2021",Criminal Law,False,https://statecourtreport.org/sites/default/files/fastcase/converted/State%20v.%20McCarthy%2C%20Or.%20CC%2016CR75546%20%28SC%20S067608%29.pdf
28-MAP-2021_Pennsylvania_2021/12/29,28 MAP 2021,Commonwealth v. Barr,Pennsylvania,"December 29, 2021",Criminal Law,False,https://statecourtreport.org/sites/default/files/fastcase/converted/Commonwealth%20v.%20Barr%2C%20Pa.%20No.%2028%20MAP%202021.pdf
A19-1554_Minnesota_2021/12/29,A19-1554,State v. Sargent,Minnesota,"December 29, 2021",Criminal Law,False,https://statecourtreport.org/sites/default/files/fastcase/converted/State%20v.%20Sargent%2C%20Minn.%20A19-1554.pdf
DA-20-0382_Montana_2021/12/28,DA 20-0382,State v. Smith,Montana,"December 28, 2021",Criminal Law,False,https://statecourtreport.org/sites/default/files/fastcase/converted/State%20v.%20Smith%2C%20Mont.%20DA%2020-0382.pdf
"1-EAP-2021,-2-EAP-2021_Pennsylvania_2021/12/23","1 EAP 2021, 2 EAP 2021",In re Interest of Y.W.-B.,Pennsylvania,"December 23, 2021",Civil Due Process,False,https://statecourtreport.org/sites/default/files/fastcase/converted/In%20re%20Interest%20of%20Y.W.-B.%2C%20Pa.%20No.%201%20EAP%202021.pdf
14-MAP-2021_Pennsylvania_2021/12/22,14 MAP 2021,Commonwealth v. Talley,Pennsylvania,"December 22, 2021",Criminal Law,False,https://statecourtreport.org/sites/default/files/fastcase/converted/Commonwealth%20v.%20Talley%2C%20Pa.%20No.%2014%20MAP%202021.pdf
SJC-13086_Massachusetts_2021/12/22,SJC-13086,Commonwealth v. Sweeting-Bailey,Massachusetts,"December 22, 2021",Criminal Law,False,https://statecourtreport.org/sites/default/files/fastcase/converted/Commonwealth%20v.%20Sweeting-Bailey%2C%20Mass.%20SJC-13086.pdf
2020-0277_Ohio_2021/12/21,2020-0277,The Cleveland Electric Illuminating Co. v. The City of Cleveland,Ohio,"December 21, 2021",Government Structure,False,https://statecourtreport.org/sites/default/files/fastcase/converted/The%20Cleveland%20Elec.%20Illuminating%20Co.%20v.%20The%20City%20of%20Cleveland%2C%20Ohio%202020-0277.pdf
4-MAP-2021_Pennsylvania_2021/12/21,4 MAP 2021,League of Women Voters of Pennsylvania v. Degraffenreid,Pennsylvania,"December 21, 2021",Voting Rights and Elections,False,https://statecourtreport.org/sites/default/files/fastcase/converted/League%20of%20Women%20Voters%20of%20Pa.%20%20v.%20Degraffenreid%2C%20Pa.%20No.%204%20MAP%202021.pdf
163823_Michigan_2021/12/20,163823,"The Detroit News,  Inc. v. Independent Citizens Redistricting Commission",Michigan,"December 20, 2021",Voting Rights and Elections,False,https://statecourtreport.org/sites/default/files/fastcase/converted/The%20Detroit%20News%2C%20Inc.%20v.%20Indep.%20Citizens%20Redistricting%20Comm%27n%2C%20Mich.%20163823.pdf
"PD-1032-20,-PD-1033-20_Texas_2022/09/28","PD-1032-20, PD-1033-20",State v. Stephens,Texas,"September 28, 2022",Voting Rights and Elections,False,https://statecourtreport.org/sites/default/files/2023-08/Dissenting%20Opinion.pdf
2021-OC-00552_Louisiana_2021/12/10,2021-OC-00552,Calcasieu Parish School Board Sales v. Nelson Industrial Steam Co.,Louisiana,"December 10, 2021",Government Structure,False,https://statecourtreport.org/sites/default/files/fastcase/converted/Calcasieu%20Parish%20Sch.%20Bd.%20Sales%20v.%20Nelson%20Indus.%20Steam%20Co.%2C%20La.%202021-OC-00552.pdf
S-18003_Alaska_2021/11/12,S-18003,Dunleavy v. Alaska Legislative Council ex rel. Alaska State Legislature,Alaska,"November 12, 2021",Government Structure,False,https://statecourtreport.org/sites/default/files/fastcase/converted/Dunleavy%20v.%20Alaska%20Legislative%20Council%20ex%20rel.%20Alaska%20State%20Legislature%2C%20Alaska%20Supreme%20Court%20No.%20S-18003.pdf
SJC-13171_Massachusetts_2021/12/06,SJC-13171,Commonwealth v. Dejesus,Massachusetts,"December 6, 2021",Criminal Law,False,https://statecourtreport.org/sites/default/files/fastcase/converted/Commonwealth%20v.%20Dejesus%2C%20Mass.%20SJC-13171.pdf
99062-0_Washington_2021/11/10,99062-0,State v. Bowman,Washington,"November 10, 2021",Criminal Law,False,https://statecourtreport.org/sites/default/files/fastcase/converted/State%20v.%20Bowman%2C%20Wash.%20NO.%2099062-0.pdf
98835-8_Washington_2021/11/10,98835-8,Wash. State Legislature v. Inslee,Washington,"November 10, 2021",Government Structure,False,https://statecourtreport.org/sites/default/files/fastcase/converted/Wash.%20State%20Legislature%20v.%20Inslee%2C%20Wash.%20NO.%2098835-8.pdf
"29546,-29547_South-Dakota_2021/11/24","29546, 29547",Thom v. Barnett (In re Election Contest Dakota Constitution to Legalize),South Dakota,"November 24, 2021",Voting Rights and Elections,False,https://statecourtreport.org/sites/default/files/2023-08/Thom%20v.%20Barnett%20-%20Opinion%20-%2011.24.2021.pdf
20-0742_West-Virginia_2021/11/19,20-0742,In re Goldston,West Virginia,"November 19, 2021",Government Structure,False,https://statecourtreport.org/sites/default/files/fastcase/converted/In%20re%20Goldston%2C%20W.%20Va.%20No.%2020-0742.pdf
2020-0755_Ohio_2021/11/18,2020-0755,State ex rel. Suwalski v. Peeler,Ohio,"November 18, 2021",Criminal Law,False,https://statecourtreport.org/sites/default/files/fastcase/converted/State%20ex%20rel.%20Suwalski%20v.%20Peeler%2C%20Ohio%202020-0755.pdf
98201-5_Washington_2021/11/18,98201-5,State v. Peterson,Washington,"November 18, 2021",Criminal Law,False,https://statecourtreport.org/sites/default/files/fastcase/converted/State%20v.%20Peterson%2C%20Wash.%20No.%2098201-5.pdf
"120,590_Kansas_2021/11/12","120,590",State v. Brown,Kansas,"November 12, 2021",Criminal Law,False,https://statecourtreport.org/sites/default/files/fastcase/converted/State%20v.%20Brown%2C%20Kan.%20No.%20120%2C590.pdf
"112,572_Kansas_2021/10/15","112,572",State v. Arnett,Kansas,"October 15, 2021",Criminal Law,False,https://statecourtreport.org/sites/default/files/fastcase/converted/State%20v.%20Arnett%2C%20Kan.%20No.%20112%2C572.pdf
2020-0495_Ohio_2021/11/09,2020-0495,State v. Jordan,Ohio,"November 9, 2021",Criminal Law,False,https://statecourtreport.org/sites/default/files/fastcase/converted/State%20v.%20Jordan%2C%20Ohio%20No.%202020-0495.pdf
SCAP-19-0000372_Hawaii_2021/11/04,SCAP-19-0000372,League of Women Voters of Honolulu  v. State,Hawaii,"November 4, 2021",Government Structure,False,https://statecourtreport.org/sites/default/files/fastcase/converted/League%20of%20Women%20Voters%20of%20Honolulu%20%20v.%20State%2C%20Haw.%20SCAP-19-0000372.pdf
21SA208_Colorado_2021/11/01,21SA208,In re Colorado Independent Congressional Redistricting Commission,Colorado,"November 1, 2021",Voting Rights and Elections,False,https://statecourtreport.org/sites/default/files/2023-08/In%20re%20Colorado%20Independent%20Congressional%20Redistricting%20Commn%20-%20Opinion%20-%2011.01.2021.pdf
20-079_Vermont_2021/10/29,20-079,State v. Calabrese,Vermont,"October 29, 2021",Criminal Law,False,https://statecourtreport.org/sites/default/files/fastcase/converted/State%20v.%20Calabrese%2C%20Vt.%20No.%2020-079.pdf
2020-0167_New-Hampshire_2021/10/28,2020-0167,State v. Davis,New Hampshire,"October 28, 2021",Criminal Law,False,https://statecourtreport.org/sites/default/files/fastcase/converted/State%20v.%20Davis%2C%20N.H.%20No.%202020-0167.pdf
125124_Illinois_2021/10/22,125124,People v. House,Illinois,"October 22, 2021",Criminal Law,False,https://statecourtreport.org/sites/default/files/fastcase/converted/People%20v.%20House%2C%20Ill.%20Docket%20No.%20125124.pdf
126014_Illinois_2021/10/21,126014,"Guns Save Life, Inc. v. Ali",Illinois,"October 21, 2021",Government Structure,False,https://statecourtreport.org/sites/default/files/fastcase/converted/Guns%20Save%20Life%2C%20Inc.%20v.%20Ali%2C%20Ill.%20126014.pdf
125550_Illinois_2021/10/21,125550,People v. McCavitt,Illinois,"October 21, 2021",Criminal Law,False,https://statecourtreport.org/sites/default/files/fastcase/converted/People%20v.%20McCavitt%2C%20Ill.%20Docket%20No.%20125550.pdf
"2020-0544,-2020-0625_Ohio_2021/10/21","2020-0544, 2020-0625",State v. Hubbard,Ohio,"October 21, 2021",Criminal Law,False,https://statecourtreport.org/sites/default/files/fastcase/converted/State%20v.%20Hubbard%2C%20Ohio%202020-0544.pdf
2019-388_Vermont_2021/09/24,2019-388,State v. Walker-Brazie,Vermont,"September 24, 2021",Criminal Law,False,https://statecourtreport.org/sites/default/files/fastcase/converted/State%20v.%20Walker-Brazie%2C%20Vt.%202019-388.pdf
"120,903_Kansas_2021/10/15","120,903",State v. Robison,Kansas,"October 15, 2021",Criminal Law,False,https://statecourtreport.org/sites/default/files/fastcase/converted/State%20v.%20Robison%2C%20Kan.%20No.%20120%2C903.pdf
SC20246_Connecticut_2021/09/15,SC20246,State v. Correa,Connecticut,"September 15, 2021",Criminal Law,False,https://statecourtreport.org/sites/default/files/fastcase/converted/State%20v.%20Correa%2C%20Conn.%20SC%2020246.pdf
"52,-53_New-York_2021/10/12","52, 53",People v. Torres,New York,"October 12, 2021",Government Structure,False,https://statecourtreport.org/sites/default/files/fastcase/converted/People%20v.%20Torres%2C%20N.Y.%20No.%2052%2C%20No.%2053.pdf
SJC-13073_Massachusetts_2021/10/12,SJC-13073,Edwards v. Commonwealth,Massachusetts,"October 12, 2021",Government Structure,False,https://statecourtreport.org/sites/default/files/fastcase/converted/Edwards%20v.%20Commonwealth%2C%20Mass.%20SJC-13073.pdf
SCPW-21-0000483_Hawaii_2021/10/12,SCPW-21-0000483,In re Individuals in Custody of the State,Hawaii,"October 12, 2021",Government Structure,False,https://statecourtreport.org/sites/default/files/fastcase/converted/In%20re%20State%2C%20Haw.%20SCPW-21-0000483.pdf
80072_Nevada_2021/10/07,80072,Aparicio v. State,Nevada,"October 7, 2021",Criminal Law,False,https://statecourtreport.org/sites/default/files/fastcase/converted/Aparicio%20v.%20State%2C%20Nev.%20No.%2080072.pdf
99344-1_Washington_2021/10/07,99344-1,In re Williams,Washington,"October 7, 2021",Criminal Law,False,https://statecourtreport.org/sites/default/files/fastcase/converted/In%20re%20Williams%2C%20Wash.%20No.%2099344-1.pdf
48692_Idaho_2021/10/05,48692,State v. Randall,Idaho,"October 5, 2021",Criminal Law,False,https://statecourtreport.org/sites/default/files/fastcase/converted/State%20v.%20Randall%2C%20Idaho%20Docket%20No.%2048692.pdf
20190088_Utah_2021/09/30,20190088,Laws v. Grayeyes,Utah,"September 30, 2021",Voting Rights and Elections,False,https://statecourtreport.org/sites/default/files/fastcase/converted/Laws%20v.%20Grayeyes%2C%20Utah%20No.%2020190088.pdf
083298-&amp;-084603_New-Jersey_2021/09/23,083298 &amp; 084603,State v. Melvin,New Jersey,"September 23, 2021",Criminal Law,False,https://statecourtreport.org/sites/default/files/fastcase/converted/State%20v.%20Melvin%2C%20N.J.%20A-44%20September%20Term%202019.pdf
S171393_California_2021/08/26,S171393,People v. McDaniel,California,"August 26, 2021",Criminal Law,False,https://statecourtreport.org/sites/default/files/fastcase/converted/People%20v.%20McDaniel%2C%20Cal.%20S171393.pdf
2020-000970_South-Carolina_2021/09/22,2020-000970,Pinckney v. Peeler,South Carolina,"September 22, 2021",Government Structure,False,https://statecourtreport.org/sites/default/files/fastcase/converted/Pinckney%20v.%20Peeler%2C%20S.C.%20Appellate%20Case%20No.%202020-000970.pdf
4-EAP-2021_Pennsylvania_2021/09/22,4 EAP 2021,"Brooks v. Ewing Cole, Inc.",Pennsylvania,"September 22, 2021",Torts and Liability,False,https://statecourtreport.org/sites/default/files/fastcase/converted/Brooks%20v.%20Ewing%20Cole%2C%20Inc.%2C%20Pa.%20No.%204%20EAP%202021.pdf
CR-20-0306-PR_Arizona_2021/09/20,CR-20-0306-PR,Fay v. Fox,Arizona,"September 20, 2021",Criminal Law,False,https://statecourtreport.org/sites/default/files/fastcase/converted/Fay%20v.%20Fox%2C%20Ariz.%20No.%20CR-20-0306-PR.pdf
S-17902_Alaska_2021/09/17,S-17902,State v. Arctic Village Council,Alaska,"September 17, 2021",Voting Rights and Elections,False,https://statecourtreport.org/sites/default/files/fastcase/converted/State%20v.%20Arctic%20Vill.%20Council%2C%20Alaska%20Supreme%20Court%20No.%20S-17902.pdf
21-0667_Texas_2021/08/17,21-0667,In re Abbott,Texas,"August 17, 2021",Government Structure,False,https://statecourtreport.org/sites/default/files/fastcase/converted/In%20re%20Abbott%2C%20Tex.%20No.%2021-0667.pdf
21SA147_Colorado_2021/09/13,21SA147,Francis v. Wegener,Colorado,"September 13, 2021",Civil Due Process,False,https://statecourtreport.org/sites/default/files/fastcase/converted/Francis%20v.%20Wegener%2C%20Colo.%20Supreme%20Court%20Case%20No.%2021SA147.pdf
2019-0680_New-Hampshire_2021/09/10,2019-0680,State v. Hinkley,New Hampshire,"September 10, 2021",Criminal Law,False,https://statecourtreport.org/sites/default/files/fastcase/converted/State%20v.%20Hinkley%2C%20N.H.%20No.%202019-0680.pdf
1200230_Alabama_2021/09/03,1200230,Ex parte Jefferson County Board of Education,Alabama,"September 3, 2021",Economic and Labor Rights,False,https://statecourtreport.org/sites/default/files/fastcase/converted/Ex%20parte%20Jefferson%20Cnty.%20Bd.%20of%20Educ.%2C%20Ala.%201200230.pdf
210113_Virginia_2021/09/02,210113,Taylor v. Northam,Virginia,"September 2, 2021",Government Structure,False,https://statecourtreport.org/sites/default/files/fastcase/converted/Taylor%20v.%20Northam%2C%20Va.%20Record%20No.%20210113.pdf
20180108_Utah_2021/08/26,20180108,Patterson v. State,Utah,"August 26, 2021",Government Structure,False,https://statecourtreport.org/sites/default/files/fastcase/converted/Patterson%20v.%20State%2C%20Utah%20No.%2020180108.pdf
"48784,-48760_Idaho_2021/08/23","48784, 48760","Reclaim Idaho & the Commission to Protect & Preserve the Idaho Constitution, Inc. v. Denney",Idaho,"August 23, 2021",Voting Rights and Elections,False,https://statecourtreport.org/sites/default/files/fastcase/converted/Reclaim%20Idaho%2C%20%26%20the%20Comm.%20to%20Protect%20%26%20Pres.%20the%20Idaho%20Constitution%2C%20Inc.%20v.%20Denney%2C%20Idaho%20Docket%20Nos.%2048784.pdf
2021-SC-0107-I_Kentucky_2021/08/21,2021-SC-0107-I,Cameron v. Beshear,Kentucky,"August 21, 2021",Government Structure,False,https://statecourtreport.org/sites/default/files/fastcase/converted/Cameron%20v.%20Beshear%2C%20Ky.%202021-SC-0107-I.pdf
CV-21-0058-T/AP_Arizona_2021/08/19,CV-21-0058-T/AP,Fann v. State,Arizona,"August 19, 2021",Economic and Labor Rights,False,https://statecourtreport.org/sites/default/files/fastcase/converted/Fann%20v.%20State%2C%20Ariz.%20No.%20CV-21-0058-T%3AAP.pdf
CV-20-0082-CQ_Arizona_2021/08/19,CV-20-0082-CQ,Redgrave v. Ducey,Arizona,"August 19, 2021",Torts and Liability,False,https://statecourtreport.org/sites/default/files/fastcase/converted/Redgrave%20v.%20Ducey%2C%20Ariz.%20No.%20CV-20-0082-CQ.pdf
CR-20-0383-PR_Arizona_2021/08/16,CR-20-0383-PR,State v. Bigger,Arizona,"August 16, 2021",Government Structure,False,https://statecourtreport.org/sites/default/files/fastcase/converted/State%20v.%20Bigger%2C%20Ariz.%20No.%20CR-20-0383-PR.pdf
84564_New-Jersey_2021/08/10,84564,State v. McQueen,New Jersey,"August 10, 2021",Criminal Law,False,https://statecourtreport.org/sites/default/files/fastcase/converted/State%20v.%20McQueen%2C%20N.J.%20A-11%20September%20Term%202020.pdf
19-2020_Maryland_2021/08/05,19-2020,Leidig v. State,Maryland,"August 5, 2021",Criminal Law,False,https://statecourtreport.org/sites/default/files/fastcase/converted/Leidig%20v.%20State%2C%20Md.%2019-2020.pdf
2019-CT-00024-SCT_Mississippi_2021/08/05,2019-CT-00024-SCT,Buford v. State,Mississippi,"August 5, 2021",Criminal Law,False,https://statecourtreport.org/sites/default/files/fastcase/converted/Buford%20v.%20State%2C%20Miss.%20No.%202019-CT-00024-SCT.pdf
52-2020_Maryland_2021/08/05,52-2020,Mayor & City Council of Ocean City v. Commissioners of Worcester County,Maryland,"August 5, 2021",Government Structure,False,https://statecourtreport.org/sites/default/files/fastcase/converted/Mayor%20%26%20City%20Council%20of%20Ocean%20City%20v.%20Commissioners%20of%20Worcester%20Cnty.%2C%20Md.%2052-2020.pdf
47695_Idaho_2021/08/03,47695,State v. Amstutz,Idaho,"August 3, 2021",Criminal Law,False,https://statecourtreport.org/sites/default/files/fastcase/converted/State%20v.%20Amstutz%2C%20Idaho%20Docket%20No.%2047695.pdf
"083221,-084074_New-Jersey_2021/08/02","083221, 084074",State v. Carter,New Jersey,"August 2, 2021",Criminal Law,False,https://statecourtreport.org/sites/default/files/fastcase/converted/State%20v.%20Carter%2C%20N.J.%20A-66%20September%20Term%202019.pdf
"163084,-163085_Michigan_2021/07/29","163084, 163085",Sheffield v. Detroit City Clerk,Michigan,"July 29, 2021",Government Structure,False,https://statecourtreport.org/sites/default/files/fastcase/converted/Sheffield%20v.%20Detroit%20City%20Clerk%2C%20Mich.%20SC%3A%20163084.pdf
"80448,-80449_Nevada_2021/07/29","80448, 80449",Myers  v. Reno Cab Co.,Nevada,"July 29, 2021",Economic and Labor Rights,False,https://statecourtreport.org/sites/default/files/fastcase/converted/Myers%20%20v.%20Reno%20Cab%20Co.%2C%20Nev.%20No.%2080448.pdf
160707_Michigan_2021/07/29,160707,People v. Washington,Michigan,"July 29, 2021",Criminal Law,False,https://statecourtreport.org/sites/default/files/fastcase/converted/People%20v.%20Washington%2C%20Mich.%20No.%20160707.pdf
"160658,-160660_Michigan_2021/07/28","160658, 160660",Taxpayers for Michigan Constitutional Government v. State,Michigan,"July 28, 2021",Government Structure,False,https://statecourtreport.org/sites/default/files/fastcase/converted/Taxpayers%20for%20Mich.%20Constitutional%20Gov%27t%20v.%20State%2C%20Mich.%20Docket%20No.%20160658.pdf
SC-98977_Missouri_2021/07/22,SC 98977,Velazquez v. University Physician Associates,Missouri,"July 22, 2021",Torts and Liability,False,https://statecourtreport.org/sites/default/files/fastcase/converted/Velazquez%20v.%20Univ.%20Physician%20Assocs.%2C%20Mo.%20No.%20SC%2098977.pdf
SC-99185_Missouri_2021/07/22,SC 99185,Doyle v. Tidball,Missouri,"July 22, 2021",Government Structure,False,https://statecourtreport.org/sites/default/files/fastcase/converted/Doyle%20v.%20Tidball%2C%20Mo.%20No.%20SC%2099185.pdf
"20210004,-20210057_North-Dakota_2021/07/22","20210004, 20210057",Smith v. Isakson,North Dakota,"July 22, 2021",Criminal Law,False,https://statecourtreport.org/sites/default/files/fastcase/converted/Smith%20v.%20Isakson%2C%20N.D.%20No.%2020210004.pdf
64-MAP-2019_Pennsylvania_2021/07/21,64 MAP 2019,Pennsylvania Environmental Defense Foundation v. Commonwealth,Pennsylvania,"July 21, 2021",Environment,False,https://statecourtreport.org/sites/default/files/fastcase/converted/Pa.%20Envtl.%20Def.%20Found.%20v.%20Commonwealth%2C%20Pa.%20No.%2064%20MAP%202019.pdf
2020-0518_New-Hampshire_2021/07/20,2020-0518,Carrigan v. New Hampshire Department of Health & Human Services,New Hampshire,"July 20, 2021",Government Structure,False,https://statecourtreport.org/sites/default/files/fastcase/converted/Carrigan%20v.%20N.H.%20Dep%27t%20of%20Health%20%26%20Human%20Servs.%2C%20N.H.%20No.%202020-0518.pdf
19-0180_Iowa_2021/06/18,19-0180,State v. Wright,Iowa,"June 18, 2021",Criminal Law,False,https://statecourtreport.org/sites/default/files/fastcase/converted/State%20v.%20Wright%2C%20Iowa%20No.%2019-0180.pdf
CV-20-492_Arkansas_2021/06/17,CV-20-492,Edwards v. Thomas,Arkansas,"June 17, 2021",Government Structure,False,https://statecourtreport.org/sites/default/files/fastcase/converted/Edwards%20v.%20Thomas%2C%20Ark.%20No.%20CV-20-492.pdf
S-17706_Alaska_2021/07/16,S-17706,State v. Recall Dunleavy,Alaska,"July 16, 2021",Voting Rights and Elections,False,https://statecourtreport.org/sites/default/files/fastcase/converted/State%20v.%20Recall%20Dunleavy%2C%20Alaska%20Supreme%20Court%20No.%20S-17706.pdf
SC-20195_Connecticut_2021/07/14,SC 20195,State v. Bemer,Connecticut,"July 14, 2021",Criminal Law,False,https://statecourtreport.org/sites/default/files/fastcase/converted/State%20v.%20Bemer%2C%20Conn.%20SC%2020195.pdf
OP-21-0173_Montana_2021/07/14,OP 21-0173,McLaughlin v. Montana State Legislature,Montana,"July 14, 2021",Government Structure,False,https://statecourtreport.org/sites/default/files/fastcase/converted/McLaughlin%20v.%20Mont.%20State%20Legislature%2C%20Mont.%20OP%2021-0173.pdf
84167_New-Jersey_2021/07/13,84167,State v. Andujar,New Jersey,"July 13, 2021",Civil Rights,False,https://statecourtreport.org/sites/default/files/fastcase/converted/State%20v.%20Andujar%2C%20N.J.%20A-6%20September%20Term%202020.pdf
19-0962_Texas_2021/06/11,19-0962,"Odyssey 2020 Academy, Inc. v. Galveston Central Appraisal District",Texas,"June 11, 2021",Education,False,https://statecourtreport.org/sites/default/files/fastcase/converted/Odyssey%202020%20Acad.%2C%20Inc.%20v.%20Galveston%20Cent.%20Appraisal%20Dist.%2C%20Tex.%20No.%2019-0962.pdf
"2020AP1419-OA,-2020AP1420-OA,-2020AP1446-OA_Wisconsin_2021/06/11","2020AP1419-OA, 2020AP1420-OA, 2020AP1446-OA",James v. Heinrich,Wisconsin,"June 11, 2021",Speech and Religion,False,https://statecourtreport.org/sites/default/files/fastcase/converted/James%20v.%20Heinrich%2C%20Wis.%20Nos.%202020AP1419-OA%20%26%202020AP1420-OA%20%26%202020AP1446-OA.pdf
S-17887_Alaska_2021/07/09,S-17887,State v. Galvin,Alaska,"July 9, 2021",Voting Rights and Elections,False,https://statecourtreport.org/sites/default/files/fastcase/converted/State%20v.%20Galvin%2C%20Alaska%20Supreme%20Court%20No.%20S-17887.pdf
Cum-21-31_Maine_2021/07/06,Cum-21-31,Portland Regional Chamber of Commerce v. City of Portland,Maine,"July 6, 2021",Government Structure,False,https://statecourtreport.org/sites/default/files/fastcase/converted/Portland%20Reg%27l%20Chamber%20of%20Commerce%20v.%20City%20of%20Portland%2C%20Me.%20Docket%3A%20Cum-21-31.pdf
2020-0252_New-Hampshire_2021/07/02,2020-0252,New Hampshire Democratic Party v. Secretary of State,New Hampshire,"July 2, 2021",Voting Rights and Elections,False,https://statecourtreport.org/sites/default/files/fastcase/converted/N.H.%20%20Democratic%20Party%20v.%20Sec%27y%20of%20State%2C%20N.H.%20No.%202020-0252.pdf
21SA146_Colorado_2021/06/01,21SA146,In re Interrogatories on Senate Bill 21-247 Submitted by the Colorado General Assembly,Colorado,"June 1, 2021",Voting Rights and Elections,False,https://statecourtreport.org/sites/default/files/fastcase/converted/In%20re%20Interrogatories%20on%20Senate%20Bill%2021-247%20Submitted%20by%20the%20Colo.%20Gen.%20Assembly%2C%20Colo.%20Supreme%20Court%20Case%20No.%2021SA146.pdf
CV-20-0209-PR_Arizona_2021/06/30,CV-20-0209-PR,Mesnard v. Campagnolo,Arizona,"June 30, 2021",Government Structure,False,https://statecourtreport.org/sites/default/files/fastcase/converted/Mesnard%20v.%20Campagnolo%2C%20Ariz.%20No.%20CV-20-0209-PR.pdf
19-1954_Iowa_2021/06/30,19-1954,Godfrey v. State,Iowa,"June 30, 2021",Economic and Labor Rights,False,https://statecourtreport.org/sites/default/files/fastcase/converted/Godfrey%20v.%20State%2C%20Iowa%20No.%2019-1954.pdf
20-0804_Iowa_2021/06/30,20-0804,"Planned Parenthood of the Heartland, Inc. v. Reynolds",Iowa,"June 30, 2021",Reproductive Rights,False,https://statecourtreport.org/sites/default/files/fastcase/converted/Planned%20Parenthood%20of%20the%20Heartland%2C%20Inc.%20v.%20Reynolds%2C%20Iowa%20No.%2020-0804.pdf
2019-167-Appeal_Rhode-Island_2021/06/28,2019-167-Appeal,Doe v. Brown University,Rhode Island,"June 28, 2021",Civil Rights,False,https://statecourtreport.org/sites/default/files/fastcase/converted/Doe%20v.%20Brown%20Univ.%2C%20R.I.%20No.%202019-167-Appeal..pdf
DA-19-0731_Montana_2021/06/22,DA 19-0731,State v. Staker,Montana,"June 22, 2021",Criminal Law,False,https://statecourtreport.org/sites/default/files/fastcase/converted/State%20v.%20Staker%2C%20Mont.%20DA%2019-0731.pdf
20SC269_Colorado_2021/06/21,20SC269,Poudre School District R-1  v. Stanczyk,Colorado,"June 21, 2021",Economic and Labor Rights,False,https://statecourtreport.org/sites/default/files/fastcase/converted/Poudre%20Sch.%20Dist.%20R-1%20%20v.%20Stanczyk%2C%20Colo.%20Supreme%20Court%20Case%20No.%2020SC269.pdf
S21A0143_Georgia_2021/06/21,S21A0143,Harvey v. Merchan,Georgia,"June 21, 2021",Torts and Liability,False,https://statecourtreport.org/sites/default/files/fastcase/converted/Harvey%20v.%20Merchan%2C%20Ga.%20S21A0143.pdf
S21A0941_Georgia_2021/06/21,S21A0941,Gilliam v. State,Georgia,"June 21, 2021",Civil Due Process,False,https://statecourtreport.org/sites/default/files/fastcase/converted/Gilliam%20v.%20State%2C%20Ga.%20S21A0941.pdf
21SA125_Colorado_2021/06/21,21SA125,VanWinkle v. Sage,Colorado,"June 21, 2021",Voting Rights and Elections,False,https://statecourtreport.org/sites/default/files/fastcase/converted/VanWinkle%20v.%20Sage%2C%20Colo.%20Supreme%20Court%20Case%20No.%2021SA125.pdf
19-1644_Iowa_2021/06/18,19-1644,Iowa Citizens for Community Improvement v. State,Iowa,"June 18, 2021",Government Structure,False,https://statecourtreport.org/sites/default/files/fastcase/converted/Iowa%20Citizens%20for%20Cmty.%20Improvement%20%20v.%20State%2C%20Iowa%20No.%2019-1644.pdf
SC-20499_Connecticut_2021/06/17,SC 20499,Anthony A. v. Commissioner of Corrections,Connecticut,"June 17, 2021",Criminal Law,False,https://statecourtreport.org/sites/default/files/2023-08/Anthony%20A%20v.%20Comm%20of%20Corrections%20-%20Opinion%20-%2006.17.2021.pdf
2019-SC-0520-DG_Kentucky_2021/06/17,2019-SC-0520-DG,"Louisville/Jefferson County Metro Government Waste Management District v. Jefferson County League of Cities, Inc.",Kentucky,"June 17, 2021",Government Structure,False,https://statecourtreport.org/sites/default/files/fastcase/converted/Louisville%3AJefferson%20Cnty.%20Metro%20Gov%27t%20Waste%20Mgmt.%20Dist.%20v.%20Jefferson%20Cnty.%20League%20of%20Cities%2C%20Inc.%2C%20Ky.%202019-SC-0520-DG.pdf
20-0134_West-Virginia_2021/06/15,20-0134,Frazier v. Talbert,West Virginia,"June 15, 2021",Civil Due Process,False,https://statecourtreport.org/sites/default/files/fastcase/converted/Frazier%20v.%20Talbert%2C%20W.%20Va.%20No.%2020-0134.pdf
279A20_North-Carolina_2021/06/11,279A20,State v. Hamer,North Carolina,"June 11, 2021",Criminal Law,False,https://statecourtreport.org/sites/default/files/fastcase/converted/State%20v.%20Hamer%2C%20N.C.%20No.%20279A20.pdf
60A20_North-Carolina_2021/06/11,60A20,Deminski v. State Board of Education,North Carolina,"June 11, 2021",Education,False,https://statecourtreport.org/sites/default/files/fastcase/converted/Deminski%20v.%20State%20Bd.%20of%20Educ.%2C%20N.C.%20No.%2060A20.pdf
326PA19_North-Carolina_2021/06/11,326PA19,"Cheryl Lloyd Humphrey Land Inv. Co. v. Resco Products, Inc.",North Carolina,"June 11, 2021",Government Structure,False,https://statecourtreport.org/sites/default/files/fastcase/converted/Cheryl%20Lloyd%20Humphrey%20Land%20Inv.%20Co.%20v.%20Resco%20Prods.%2C%20Inc.%2C%20N.C.%20No.%20326PA19.pdf
"20-0694,-20-0751_West-Virginia_2021/06/11","20-0694, 20-0751",State ex rel. AmerisourceBergen Drug Corp. v. Moats,West Virginia,"June 11, 2021",Torts and Liability,False,https://statecourtreport.org/sites/default/files/fastcase/converted/State%20ex%20rel.%20AmerisourceBergen%20Drug%20Corp.%20v.%20Moats%2C%20W.%20Va.%20Nos.%2020-0694.pdf
OP-21-0125_Montana_2021/06/10,OP 21-0125,Brown v. Gianforte,Montana,"June 10, 2021",Government Structure,False,https://statecourtreport.org/sites/default/files/fastcase/converted/Brown%20v.%20Gianforte%2C%20Mont.%20OP%2021-0125.pdf
SC-S067691_Oregon_2021/06/10,SC S067691,State v. Keys,Oregon,"June 10, 2021",Criminal Law,False,https://statecourtreport.org/sites/default/files/fastcase/converted/State%20v.%20Keys%2C%20Or.%20CC%2016CR24492%20%28SC%20S067691%29.pdf
"118,035,-118,078_Oklahoma_2021/06/08","118,035, 118,078",Hudson v. State (In re K. H.),Oklahoma,"June 8, 2021",Civil Due Process,False,https://statecourtreport.org/sites/default/files/2023-08/In%20re%20K.H.%20-%20Opinion%20-%2006.08.2021.pdf
DA-18-0187_Montana_2021/06/08,DA 18-0187,State v. Smith,Montana,"June 8, 2021",Criminal Law,False,https://statecourtreport.org/sites/default/files/fastcase/converted/State%20v.%20Smith%2C%20Mont.%20DA%2018-0187.pdf
S-1-SC-38510_New-Mexico_2021/06/07,S-1-SC-38510,State v. Wilson,New Mexico,"June 7, 2021",Government Structure,False,https://statecourtreport.org/sites/default/files/fastcase/converted/State%20v.%20Wilson%2C%20N.M.%20No.%20S-1-SC-38510.pdf
2019AP447-CR_Wisconsin_2021/06/04,2019AP447-CR,State v. VanBeek,Wisconsin,"June 4, 2021",Criminal Law,False,https://statecourtreport.org/sites/default/files/fastcase/converted/State%20v.%20VanBeek%2C%20Wis.%20No.%202019AP447-CR.pdf
20-0445_Iowa_2021/06/04,20-0445,State v. Sewell,Iowa,"June 4, 2021",Criminal Law,False,https://statecourtreport.org/sites/default/files/fastcase/converted/State%20v.%20Sewell%2C%20Iowa%20No.%2020-0445.pdf
41_New-York_2021/06/03,41,People v. Schneider,New York,"June 3, 2021",Criminal Law,False,https://statecourtreport.org/sites/default/files/fastcase/converted/People%20v.%20Schneider%2C%20N.Y.%20No.%2041.pdf
2020-0467_New-Hampshire_2021/06/02,2020-0467,In re M.M.,New Hampshire,"June 2, 2021",Civil Due Process,False,https://statecourtreport.org/sites/default/files/fastcase/converted/In%20re%20M.M.%2C%20N.H.%20No.%202020-0467.pdf
SJC-12919_Massachusetts_2021/06/01,SJC-12919,Commonwealth v. Delgado-Rivera,Massachusetts,"June 1, 2021",Criminal Law,False,https://statecourtreport.org/sites/default/files/fastcase/converted/Commonwealth%20v.%20Delgado-Rivera%2C%20Mass.%20SJC-12919.pdf
SC-98412_Missouri_2021/06/01,SC 98412,Missorui National Education Association v. Missouri Department of Labor & Industrial Relations,Missouri,"June 1, 2021",Economic and Labor Rights,False,https://statecourtreport.org/sites/default/files/fastcase/converted/Mo.%20Nat%27l%20Educ.%20Ass%27n%20v.%20Mo.%20Dep%27t%20of%20Labor%20%26%20Indus.%20Relations%2C%20Mo.%20No.%20SC%2098412.pdf
S-16752_Alaska_2021/05/28,S-16752,Watson v. State,Alaska,"May 28, 2021",Civil Rights,False,https://statecourtreport.org/sites/default/files/fastcase/converted/Watson%20v.%20State%2C%20Alaska%20Supreme%20Court%20No.%20S-16752.pdf
"120,767_Kansas_2021/05/28","120,767",State v. Albano,Kansas,"May 28, 2021",Criminal Law,False,https://statecourtreport.org/sites/default/files/fastcase/converted/State%20v.%20Albano%2C%20Kan.%20No.%20120%2C767.pdf
19-1276_Iowa_2021/05/28,19-1276,State v. Treptow,Iowa,"May 28, 2021",Criminal Law,False,https://statecourtreport.org/sites/default/files/fastcase/converted/State%20v.%20Treptow%2C%20Iowa%20No.%2019-1276.pdf
A19-0732_Minnesota_2021/05/26,A19-0732,State v. Mikell,Minnesota,"May 26, 2021",Criminal Law,False,https://statecourtreport.org/sites/default/files/fastcase/converted/State%20v.%20Mikell%2C%20Minn.%20A19-0732.pdf
125889_Illinois_2021/05/20,125889,People v. Bochenek,Illinois,"May 20, 2021",Criminal Law,False,https://statecourtreport.org/sites/default/files/fastcase/converted/People%20v.%20Bochenek%2C%20Ill.%20Docket%20No.%20125889.pdf
SC18-681_Florida_2021/05/20,SC18-681,State v. Dortch,Florida,"May 20, 2021",Criminal Law,False,https://statecourtreport.org/sites/default/files/fastcase/converted/State%20v.%20Dortch%2C%20Fla.%20No.%20SC18-681.pdf
19-1571_Iowa_2021/04/16,19-1571,Hrbek v. State,Iowa,"April 16, 2021",Government Structure,False,https://statecourtreport.org/sites/default/files/fastcase/converted/Hrbek%20v.%20State%2C%20Iowa%20No.%2019-1571.pdf
125434_Illinois_2021/04/15,125434,People v. Bass,Illinois,"April 15, 2021",Criminal Law,False,https://statecourtreport.org/sites/default/files/fastcase/converted/People%20v.%20Bass%2C%20Ill.%20Docket%20No.%20125434.pdf
2020-IA-01199-SCT_Mississippi_2021/05/14,2020-IA-01199-SCT,Butler v. Watson,Mississippi,"May 14, 2021",Voting Rights and Elections,False,https://statecourtreport.org/sites/default/files/fastcase/converted/Butler%20v.%20Watson%2C%20Miss.%20NO.%202020-IA-01199-SCT.pdf
1190470_Alabama_2021/05/14,1190470,Barnett v. Jones,Alabama,"May 14, 2021",Government Structure,False,https://statecourtreport.org/sites/default/files/fastcase/converted/Barnett%20v.%20Jones%2C%20Ala.%201190470.pdf
2020-C-01017_Louisiana_2021/05/13,2020-C-01017,"Bayou Bridge Pipeline, LLC v. 38.00 Acres",Louisiana,"May 13, 2021",Economic and Labor Rights,False,https://statecourtreport.org/sites/default/files/fastcase/converted/Bayou%20Bridge%20Pipeline%2C%20LLC%20v.%2038.00%20Acres%2C%20La.%20No.%202020-C-01017.pdf
2020-C-01231_Louisiana_2021/05/13,2020-C-01231,Lowther v. Town of Bastrop,Louisiana,"May 13, 2021",Government Structure,False,https://statecourtreport.org/sites/default/files/fastcase/converted/Lowther%20v.%20Town%20of%20Bastrop%2C%20La.%20No.%202020-C-01231.pdf
CV-20-164_Arkansas_2021/05/06,CV-20-164,McCarty v. Arkansas State Plant Board,Arkansas,"May 6, 2021",Government Structure,False,https://statecourtreport.org/sites/default/files/fastcase/converted/McCarty%20v.%20Ark.%20State%20Plant%20Bd.%2C%20Ark.%20No.%20CV-20-164.pdf
20170046_Utah_2021/05/06,20170046,In re Childers-Gray,Utah,"May 6, 2021",Government Structure,False,https://statecourtreport.org/sites/default/files/fastcase/converted/In%20re%20Childers-Gray%2C%20Utah%20No.%2020170046.pdf
21_New-York_2021/05/04,21,Protect the Adirondacks! Inc. v. New York State Department of Environmental Conservation,New York,"May 4, 2021",Environment,False,https://statecourtreport.org/sites/default/files/fastcase/converted/Protect%20the%20Adirondacks%21%20Inc.%20v.%20N.Y.S.%20Dep%27t%20of%20Envtl.%20Conservation%2C%20N.Y.%20No.%2021.pdf
CR-19-0366-PR_Arizona_2021/05/04,CR-19-0366-PR,State v. Patel,Arizona,"May 4, 2021",Torts and Liability,False,https://statecourtreport.org/sites/default/files/fastcase/converted/State%20v.%20Patel%2C%20Ariz.%20No.%20CR-19-0366-PR.pdf
"117,439_Kansas_2021/04/30","117,439",Tillman v. Goodpasture,Kansas,"April 30, 2021",Torts and Liability,False,https://statecourtreport.org/sites/default/files/fastcase/converted/Tillman%20v.%20Goodpasture%2C%20Kan.%20No.%20117%2C439.pdf
10-EAP-2020_Pennsylvania_2021/04/29,10 EAP 2020,Commonwealth v. Eid,Pennsylvania,"April 29, 2021",Government Structure,False,https://statecourtreport.org/sites/default/files/fastcase/converted/Commonwealth%20v.%20Eid%2C%20Pa.%20No.%2010%20EAP%202020.pdf
786-CAP_Pennsylvania_2021/04/29,786 CAP,Commonwealth v. Hairston,Pennsylvania,"April 29, 2021",Criminal Law,False,https://statecourtreport.org/sites/default/files/fastcase/converted/Commonwealth%20v.%20Hairston%2C%20Pa.%20No.%20786%20CAP.pdf
85288_New-Jersey_2021/04/28,85288,State v. Vega-Larregui,New Jersey,"April 28, 2021",Government Structure,False,https://statecourtreport.org/sites/default/files/fastcase/converted/State%20v.%20Vega-Larregui%2C%20N.J.%20A-33%20September%20Term%202020.pdf
159981_Michigan_2021/04/22,159981,People v. Pagano,Michigan,"April 22, 2021",Criminal Law,False,https://statecourtreport.org/sites/default/files/fastcase/converted/People%20v.%20Pagano%2C%20Mich.%20No.%20159981.pdf
DA-18-0639_Montana_2021/04/20,DA 18-0639,State v. Lamoureux,Montana,"April 20, 2021",Speech and Religion,False,https://statecourtreport.org/sites/default/files/fastcase/converted/State%20v.%20Lamoureux%2C%20Mont.%20DA%2018-0639.pdf
SC-97653_Missouri_2021/04/20,SC 97653,City of Crestwood v. Affton Fire Protection District,Missouri,"April 20, 2021",Government Structure,False,https://statecourtreport.org/sites/default/files/fastcase/converted/City%20of%20Crestwood%20v.%20Affton%20Fire%20Prot.%20Dist.%2C%20Mo.%20No.%20SC%2097653.pdf
19-0440_Texas_2021/04/16,19-0440,Texas State University v. Villarreal,Texas,"April 16, 2021",Education,False,https://statecourtreport.org/sites/default/files/fastcase/converted/Tex.%20S.%20Univ.%20v.%20Villarreal%2C%20Tex.%20No.%2019-0440.pdf
19-0767_Texas_2021/04/16,19-0767,Texas Propane Gas Association v. City of Houston,Texas,"April 16, 2021",Government Structure,False,https://statecourtreport.org/sites/default/files/fastcase/converted/Tex.%20Propane%20Gas%20Ass%27n%20v.%20City%20of%20Hous.%2C%20Tex.%20NO.%2019-0767.pdf
CV-20-0244-SA_Arizona_2021/04/14,CV-20-0244-SA,State ex rel. Brnovich v. City of Tucson,Arizona,"April 14, 2021",Voting Rights and Elections,False,https://statecourtreport.org/sites/default/files/fastcase/converted/State%20ex%20rel.%20Brnovich%20v.%20City%20of%20Tucson%2C%20Ariz.%20No.%20CV-20-0244-SA.pdf
96773-3_Washington_2021/03/11,96773-3,In re Monschke,Washington,"March 11, 2021",Criminal Law,False,https://statecourtreport.org/sites/default/files/fastcase/converted/In%20re%20Monschke%2C%20Wash.%20NO.%2096772-5%20%28consolidated%20with%29.pdf
SC-S068364_Oregon_2021/04/09,SC S068364,State ex rel. Kotek v. Fagan,Oregon,"April 9, 2021",Voting Rights and Elections,False,https://statecourtreport.org/sites/default/files/fastcase/converted/State%20ex%20rel.%20%20%20Kotek%20%20v.%20Fagan%2C%20Or.%20S068364.pdf
19-0428_West-Virginia_2021/04/08,19-0428,State v. Snyder,West Virginia,"April 8, 2021",Criminal Law,False,https://statecourtreport.org/sites/default/files/fastcase/converted/State%20v.%20Snyder%2C%20W.%20Va.%20No.%2019-0428.pdf
47331_Idaho_2021/04/08,47331,State v. Sutterfield,Idaho,"April 8, 2021",Criminal Law,False,https://statecourtreport.org/sites/default/files/fastcase/converted/State%20v.%20Sutterfield%2C%20Idaho%20DOCKET%20NO.%2047331.pdf
47334_Idaho_2021/04/08,47334,State v. Heath,Idaho,"April 8, 2021",Speech and Religion,False,https://statecourtreport.org/sites/default/files/fastcase/converted/State%20v.%20Heath%2C%20Idaho%20Docket%20No.%2047334.pdf
S-17157_Alaska_2021/04/02,S-17157,Metcalfe v. State,Alaska,"April 2, 2021",Economic and Labor Rights,False,https://statecourtreport.org/sites/default/files/fastcase/converted/Metcalfe%20v.%20State%2C%20Alaska%20Supreme%20Court%20No.%20S-17157.pdf
"PD-0856-19,-PD-0857-19_Texas_2021/03/31","PD-0856-19, PD-0857-19",Dulin v. State,Texas,"March 31, 2021",Government Structure,False,https://statecourtreport.org/sites/default/files/fastcase/converted/Dulin%20v.%20State%2C%20Tex.%20Crim.%20App.%20NOS.%20PD-0856-19%20%26%20PD-0857-19.pdf
96873-0_Washington_2021/02/25,96873-0,State v. Blake,Washington,"February 25, 2021",Criminal Law,False,https://statecourtreport.org/sites/default/files/fastcase/converted/State%20v.%20Blake%2C%20Wash.%20NO.%2096873-0.pdf
"084750,-084694_New-Jersey_2021/03/30","084750, 084694",State v. Lopez-Carrera,New Jersey,"March 30, 2021",Government Structure,False,https://statecourtreport.org/sites/default/files/fastcase/converted/State%20v.%20Lopez-Carrera%2C%20N.J.%20A-8%20September%20Term%202020.pdf
1190748_Alabama_2021/03/26,1190748,Z.W.E. v. L.B. (Ex parte   Z.W.E.),Alabama,"March 26, 2021",,False,https://statecourtreport.org/sites/default/files/fastcase/converted/Z.W.E.%20v.%20L.B.%20%28Ex%20parte%20%20%20Z.W.E.%29%2C%20Ala.%201190748.pdf
S247278_California_2021/03/25,S247278,In re Humphrey,California,"March 25, 2021",Civil Rights,False,https://statecourtreport.org/sites/default/files/2023-08/In%20re%20Humphrey%20-%20Opinion%20-%2003.25.2021.PDF
47865_Idaho_2021/03/23,47865,Reagan v. Idaho Transportation Department,Idaho,"March 23, 2021",Criminal Law,False,https://statecourtreport.org/sites/default/files/fastcase/converted/Reagan%20v.%20Idaho%20Transp.%20Dep%27t%2C%20Idaho%20Docket%20No.%2047865.pdf
78996_Nevada_2021/03/19,78996,Ortiz v. State,Nevada,"March 19, 2021",Criminal Law,False,https://statecourtreport.org/sites/default/files/fastcase/converted/Ortiz%20v.%20State%2C%20Nev.%20No.%2078996.pdf
47664_Idaho_2021/03/19,47664,"Gomersall v. St. Luke's Regional Medican Center, Ltd.",Idaho,"March 19, 2021",Civil Rights,False,https://statecourtreport.org/sites/default/files/fastcase/converted/Gomersall%20v.%20St.%20Luke%27s%20Reg%27l%20Med.%20Ctr.%2C%20Ltd.%2C%20Idaho%20Docket%20No.%2047664.pdf
28671_South-Dakota_2021/02/10,28671,Hamen v. Hamlin County,South Dakota,"February 10, 2021",Economic and Labor Rights,False,https://statecourtreport.org/sites/default/files/fastcase/converted/Hamen%20v.%20Hamlin%20Cnty.%2C%20S.D.%20%2328671.pdf
20SC585_Colorado_2021/03/15,20SC585,Markwell v. Cooke,Colorado,"March 15, 2021",Government Structure,False,https://statecourtreport.org/sites/default/files/fastcase/converted/Markwell%20v.%20Cooke%2C%20Colo.%20Supreme%20Court%20Case%20No.%2020SC585.pdf
S-1-SC-37231_New-Mexico_2021/03/15,S-1-SC-37231,Siebert v.  Okun,New Mexico,"March 15, 2021",Torts and Liability,False,https://statecourtreport.org/sites/default/files/fastcase/converted/Siebert%20v.%20%20Okun%2C%20N.M.%20NO.%20S-1-SC-37231.pdf
S20A1522_Georgia_2021/03/15,S20A1522,Duke v. State,Georgia,"March 15, 2021",Criminal Law,False,https://statecourtreport.org/sites/default/files/fastcase/converted/Duke%20v.%20State%2C%20Ga.%20S20A1522.pdf
CV-20-562_Arkansas_2021/03/11,CV-20-562,Thurston v. Safe Surgery Arkansas,Arkansas,"March 11, 2021",Voting Rights and Elections,False,https://statecourtreport.org/sites/default/files/fastcase/converted/Thurston%20v.%20Safe%20Surgery%20Ark.%2C%20Ark.%20No.%20CV-20-562.pdf
2017-002576_South-Carolina_2021/03/10,2017-002576,Baddourah v. McMaster,South Carolina,"March 10, 2021",Government Structure,False,https://statecourtreport.org/sites/default/files/fastcase/converted/Baddourah%20v.%20McMaster%2C%20S.C.%20Appellate%20Case%20No.%202017-002576.pdf
96132-8_Washington_2021/03/04,96132-8,Woods v. Seattle's Union Gospel Mission,Washington,"March 4, 2021",Civil Rights,False,https://statecourtreport.org/sites/default/files/fastcase/converted/Woods%20v.%20Seattle%27s%20Union%20Gospel%20Mission%2C%20Wash.%20No.%2096132-8.pdf
S-1-SC-37343_New-Mexico_2021/02/25,S-1-SC-37343,"City of Albuquerque v. SMP Properties, LLC",New Mexico,"February 25, 2021",Economic and Labor Rights,False,https://statecourtreport.org/sites/default/files/fastcase/converted/City%20of%20Albuquerque%20v.%20SMP%20Props.%2C%20LLC%2C%20N.M.%20No.%20S-1-SC-37343.pdf
S259011_California_2021/02/25,S259011,O.G. v. Superior Court of Ventura County,California,"February 25, 2021",Criminal Law,False,https://statecourtreport.org/sites/default/files/fastcase/converted/O.G.%20v.%20Superior%20Court%20of%20Ventura%20Cnty.%2C%20Cal.%20S259011.pdf
78078_Nevada_2021/02/25,78078,"Doe v. La Fuente, Inc.",Nevada,"February 25, 2021",Government Structure,False,https://statecourtreport.org/sites/default/files/fastcase/converted/Doe%20v.%20La%20Fuente%2C%20Inc.%2C%20Nev.%20No.%2078078.pdf
"SC19-1250,-SC19-1343_Florida_2021/02/25","SC19-1250, SC19-1343",Emerson v. Hillsborough County,Florida,"February 25, 2021",Government Structure,False,https://statecourtreport.org/sites/default/files/fastcase/converted/Emerson%20v.%20Hillsborough%20Cnty.%2C%20Fla.%20No.%20SC19-1250.pdf
21S-PL-77_Indiana_2021/02/23,21S-PL-77,City of Bloomington Board of Zoning Appeals v. UJ-Eighty Corp.,Indiana,"February 23, 2021",Government Structure,False,https://statecourtreport.org/sites/default/files/fastcase/converted/City%20of%20Bloomington%20Bd.%20of%20Zoning%20Appeals%20v.%20UJ-Eighty%20Corp.%2C%20Ind.%20Supreme%20Court%20Case%20No.%2021S-PL-77.pdf
19-266_Vermont_2021/02/19,19-266,State v. Misch,Vermont,"February 19, 2021",,False,https://statecourtreport.org/sites/default/files/fastcase/converted/State%20v.%20Misch%2C%20Vt.%20No.%2019-266.pdf
9_New-York_2021/02/18,9,People v. Gordon,New York,"February 18, 2021",Criminal Law,False,https://statecourtreport.org/sites/default/files/fastcase/converted/People%20v.%20Gordon%2C%20N.Y.%20No.%209.pdf
DA-19-0484_Montana_2021/02/17,DA 19-0484,Clark Fork Coalition v. Montana Department of Natural Resources & Conservation,Montana,"February 17, 2021",Environment,False,https://statecourtreport.org/sites/default/files/fastcase/converted/Clark%20Fork%20Coal.%20v.%20Mont.%20Dep%27t%20of%20Natural%20Res.%20%26%20Conservation%2C%20Mont.%20DA%2019-0484.pdf
S-1-SC-38396_New-Mexico_2021/02/15,S-1-SC-38396,Grisham v. Romero,New Mexico,"February 15, 2021",Government Structure,False,https://statecourtreport.org/sites/default/files/fastcase/converted/Grisham%20v.%20Romero%2C%20N.M.%20No.%20S-1-SC-38396.pdf
SC20486_Connecticut_2021/02/11,SC20486,Fay v. Merrill,Connecticut,"February 11, 2021",Voting Rights and Elections,False,https://statecourtreport.org/sites/default/files/fastcase/converted/Fay%20v.%20Merrill%2C%20Conn.%20SC%2020486.pdf
SCWC-16-0000797_Hawaii_2021/02/09,SCWC-16-0000797,State v. Lee,Hawaii,"February 9, 2021",Criminal Law,False,https://statecourtreport.org/sites/default/files/fastcase/converted/State%20v.%20Lee%2C%20Haw.%20SCWC-16-0000797.pdf
CV-20-0027-PR_Arizona_2021/02/08,CV-20-0027-PR,Schires v. Carlat,Arizona,"February 8, 2021",Government Structure,False,https://statecourtreport.org/sites/default/files/fastcase/converted/Schires%20v.%20Carlat%2C%20Ariz.%20No.%20CV-20-0027-PR.pdf
19-1598_Iowa_2021/02/05,19-1598,State ex rel. Dickey v. Besler,Iowa,"February 5, 2021",Government Structure,False,https://statecourtreport.org/sites/default/files/fastcase/converted/State%20ex%20rel.%20Dickey%20v.%20Besler%2C%20Iowa%20No.%2019-1598.pdf
19-1259_Iowa_2021/02/05,19-1259,State v. Thompson,Iowa,"February 5, 2021",Government Structure,False,https://statecourtreport.org/sites/default/files/fastcase/converted/State%20v.%20Thompson%2C%20Iowa%20No.%2019-1259.pdf
83434_New-Jersey_2021/02/03,83434,Rozenblit v. Lyles,New Jersey,"February 3, 2021",Education,False,https://statecourtreport.org/sites/default/files/fastcase/converted/Rozenblit%20v.%20Lyles%2C%20N.J.%20A-41%20September%20Term%202019.pdf
2018AP858-CR_Wisconsin_2021/01/29,2018AP858-CR,State v. Halverson,Wisconsin,"January 29, 2021",Criminal Law,False,https://statecourtreport.org/sites/default/files/fastcase/converted/State%20v.%20Halverson%2C%20Wis.%20No.%202018AP858-CR.pdf
20190238_Utah_2021/01/28,20190238,Feldman v. Salt Lake City Corp.,Utah,"January 28, 2021",Torts and Liability,False,https://statecourtreport.org/sites/default/files/fastcase/converted/Feldman%20v.%20Salt%20Lake%20City%20Corp.%2C%20Utah%20No.%2020190238-SC.pdf
CV-20-216_Arkansas_2021/01/28,CV-20-216,Convent Corp. v. City of North Little Rock,Arkansas,"January 28, 2021",Government Structure,False,https://statecourtreport.org/sites/default/files/fastcase/converted/Convent%20Corp.%20v.%20City%20of%20N.%20Little%20Rock%2C%20Ark.%20No.%20CV-20-216.pdf
SC-S067312_Oregon_2021/01/28,SC S067312,State v. Pittman,Oregon,"January 28, 2021",Criminal Law,False,https://statecourtreport.org/sites/default/files/fastcase/converted/State%20v.%20Pittman%2C%20Or.%20SC%20S067312.pdf
SC19-1622_Florida_2021/01/28,SC19-1622,Casiano v. State,Florida,"January 28, 2021",Government Structure,False,https://statecourtreport.org/sites/default/files/fastcase/converted/Casiano%20v.%20State%2C%20Fla.%20No.%20SC19-1622.pdf
S256149_California_2021/01/28,S256149,In re Palmer,California,"January 28, 2021",Criminal Law,False,https://statecourtreport.org/sites/default/files/fastcase/converted/In%20re%20Palmer%2C%20Cal.%20S256149.pdf
1190043_Alabama_2021/01/22,1190043,Butler v. Parks,Alabama,"January 22, 2021",Economic and Labor Rights,False,https://statecourtreport.org/sites/default/files/fastcase/converted/Butler%20v.%20Parks%2C%20Ala.%201190043.pdf
45-MAP-2019_Pennsylvania_2021/01/20,45 MAP 2019,Commonwealth v. Middaugh,Pennsylvania,"January 20, 2021",Civil Due Process,False,https://statecourtreport.org/sites/default/files/fastcase/converted/Commonwealth%20v.%20Middaugh%2C%20Pa.%20No.%2045%20MAP%202019.pdf
2018-002128_South-Carolina_2021/01/20,2018-002128,State v. Harrison,South Carolina,"January 20, 2021",Government Structure,False,https://statecourtreport.org/sites/default/files/fastcase/converted/State%20v.%20Harrison%2C%20S.C.%20Appellate%20Case%20No.%202018-002128.pdf
CR-19-0276-PR_Arizona_2021/01/11,CR-19-0276-PR,State v. Mixton,Arizona,"January 11, 2021",Speech and Religion,False,https://statecourtreport.org/sites/default/files/fastcase/converted/State%20v.%20Mixton%2C%20Ariz.%20No.%20CR-19-0276-PR.pdf
19-0368_Montana_2021/01/08,19-0368,State v. Keefe,Montana,"January 8, 2021",Criminal Law,False,https://statecourtreport.org/sites/default/files/fastcase/converted/State%20v.%20Keefe%2C%20Mont.%20DA%2019-0368.pdf
